<rss version="2.0" xmlns:atom="http://www.w3.org/2005/Atom">
  <channel>
    <title>山东临沂森阔机电有限公司 – 第八章 ModBus通讯协议</title>
    <link>https://www.lyskjd.com/docs/vfd/modbus-communication-protocol/</link>
    <description>Recent content in 第八章 ModBus通讯协议 on 山东临沂森阔机电有限公司</description>
    <generator>Hugo -- gohugo.io</generator>
    <language>zh-cn</language>
    
	  <atom:link href="https://www.lyskjd.com/docs/vfd/modbus-communication-protocol/index.xml" rel="self" type="application/rss+xml" />
    
    
      
        
      
    
    
    <item>
      <title>8.1 协议内容</title>
      <link>https://www.lyskjd.com/docs/vfd/modbus-communication-protocol/agreement-content/</link>
      <pubDate>Mon, 01 Jan 0001 00:00:00 +0000</pubDate>
      
      <guid>https://www.lyskjd.com/docs/vfd/modbus-communication-protocol/agreement-content/</guid>
      <description>
        
        
        &lt;p&gt;变频器提供RS485通信接口,并支持Modbus-RTU通讯协议。用户可通过计算机或PLC实现集中控制, 通过该通讯协议设定变频器运行命令,修改或读取功能码参数,读取变频器的工作状态及故障信息等。&lt;/p&gt;
&lt;p&gt;该串行通信协议定义了串行通信中传输的信息内容及使用格式。其中包括:主机轮询(或广播)格式;主机的编码方法,内容包括:要求动作的功能码,传输数据和错误校验等。从机的响应也是采用相同的结构,内 容包括:动作确认,返回数据和错误校验等。如果从机在接收信息时发生错误,或不能完成主机要求的动作, 它将组织一个故障信息作为响应反馈给主机。&lt;/p&gt;
&lt;h3&gt;8.1.1 应用方式&lt;span class=&#34;absolute -mt-20&#34; id=&#34;811-应用方式&#34;&gt;&lt;/span&gt;
    &lt;a href=&#34;#811-%e5%ba%94%e7%94%a8%e6%96%b9%e5%bc%8f&#34; class=&#34;subheading-anchor&#34; aria-label=&#34;Permalink for this section&#34;&gt;&lt;/a&gt;&lt;/h3&gt;&lt;p&gt;变频器接入具备RS485总线的“单主多从”PC/PLC控制网络,作为通讯从机。&lt;/p&gt;
&lt;h3&gt;8.1.2 总线结构&lt;span class=&#34;absolute -mt-20&#34; id=&#34;812-总线结构&#34;&gt;&lt;/span&gt;
    &lt;a href=&#34;#812-%e6%80%bb%e7%ba%bf%e7%bb%93%e6%9e%84&#34; class=&#34;subheading-anchor&#34; aria-label=&#34;Permalink for this section&#34;&gt;&lt;/a&gt;&lt;/h3&gt;&lt;p&gt;(1)硬件接口 自带通讯接口A+、B-接线端子。&lt;br&gt;
(2)拓扑结构&lt;br&gt;
单主机多从机系统。网络中每一个通讯设备都有一个唯一的从站地址,其中有一个设备作为通讯主机(PC上位机、PLC、HMI等),主机发动通讯,对从机进行参数读或写操作,其它设备在为通讯从机,响应主机对 本机的询问或通讯操作。在同一时刻只能有一个设备发送数据,而其他设备处于接收状态。从机地址的设定范围为1~247,0为广播通信地址。网络中的从机地址必须是唯一的。&lt;br&gt;
(3)通讯传输方式&lt;br&gt;
异步串行,半双工传输方式。数据在串行异步通信过程中,是以报文的形式,一次发送一帧数据, MODBUS-RTU协议中约定,当通讯数据线上无数据的空闲时间大于3.5Byte的传输时间,表示新的一个通讯帧 的起始。
&lt;figure&gt;
    &lt;img src=&#34;https://www.lyskjd.com/images/modbus1.jpg&#34; title=&#34;modbus通讯传输方式&#34; alt=&#34;modbus通讯传输方式&#34; loading=&#34;lazy&#34; /&gt;
    &lt;figcaption&gt;modbus通讯传输方式&lt;/figcaption&gt;
  &lt;/figure&gt;
变频器内置的通信协议是Modbus-RTU从机通信协议,可响应主机的“查询/命令”,或根据主机的“查 询/命令”做出相应的动作,并通讯数据应答。&lt;br&gt;
主机可以是指个人计算机(PC),工业控制设备或可编程逻辑控制器(PLC)等,主机既能对某个从机 单独进行通信,也能对所有下位从机发布广播信息。对于主机的单独访问“查询/命令”,被访问从机要返 回一个应答帧频;对于主机发出的广播信息,从机无需反馈响应给主机。&lt;/p&gt;
&lt;h3&gt;8.1.3 通讯资料结构&lt;span class=&#34;absolute -mt-20&#34; id=&#34;813-通讯资料结构&#34;&gt;&lt;/span&gt;
    &lt;a href=&#34;#813-%e9%80%9a%e8%ae%af%e8%b5%84%e6%96%99%e7%bb%93%e6%9e%84&#34; class=&#34;subheading-anchor&#34; aria-label=&#34;Permalink for this section&#34;&gt;&lt;/a&gt;&lt;/h3&gt;&lt;p&gt;Modbus协议通讯数据格式如下,变频器只支持Word型参数的读或写。对应的通讯读操作命令为0x03; 写操作命令为0x06,不支持字节或位的读写操作:
&lt;figure&gt;
    &lt;img src=&#34;https://www.lyskjd.com/images/modbus2.jpg&#34; title=&#34;Modbus协议通讯数据格式&#34; alt=&#34;Modbus协议通讯数据格式&#34; loading=&#34;lazy&#34; /&gt;
    &lt;figcaption&gt;Modbus协议通讯数据格式&lt;/figcaption&gt;
  &lt;/figure&gt;
理论上,上位机可以一次读取连续的几个功能码(即其中n最大可达12个),但要注意不能跨过本功能码组 最后一个功能码,否则会答复出错。
&lt;figure&gt;
    &lt;img src=&#34;https://www.lyskjd.com/images/modbus3.jpg&#34; title=&#34;Modbus协议通讯数据格式&#34; alt=&#34;Modbus协议通讯数据格式&#34; loading=&#34;lazy&#34; /&gt;
    &lt;figcaption&gt;Modbus协议通讯数据格式&lt;/figcaption&gt;
  &lt;/figure&gt;
若从机检测到通讯帧错误,或其他原因导致的读写不成功,会答复错误帧。
&lt;figure&gt;
    &lt;img src=&#34;https://www.lyskjd.com/images/modbus4.jpg&#34; title=&#34;Modbus协议通讯数据格式&#34; alt=&#34;Modbus协议通讯数据格式&#34; loading=&#34;lazy&#34; /&gt;
    &lt;figcaption&gt;Modbus协议通讯数据格式&lt;/figcaption&gt;
  &lt;/figure&gt;&lt;/p&gt;
&lt;h3&gt;8.1.4 数据帧字段说明&lt;span class=&#34;absolute -mt-20&#34; id=&#34;814-数据帧字段说明&#34;&gt;&lt;/span&gt;
    &lt;a href=&#34;#814-%e6%95%b0%e6%8d%ae%e5%b8%a7%e5%ad%97%e6%ae%b5%e8%af%b4%e6%98%8e&#34; class=&#34;subheading-anchor&#34; aria-label=&#34;Permalink for this section&#34;&gt;&lt;/a&gt;&lt;/h3&gt;&lt;table&gt;
&lt;thead&gt;
&lt;tr&gt;
&lt;th style=&#34;text-align:center&#34;&gt;项目&lt;/th&gt;
&lt;th style=&#34;text-align:left&#34;&gt;说明&lt;/th&gt;
&lt;/tr&gt;
&lt;/thead&gt;
&lt;tbody&gt;
&lt;tr&gt;
&lt;td style=&#34;text-align:center&#34;&gt;帧头START&lt;/td&gt;
&lt;td style=&#34;text-align:left&#34;&gt;大于3.5个字符传输时间的空闲&lt;/td&gt;
&lt;/tr&gt;
&lt;tr&gt;
&lt;td style=&#34;text-align:center&#34;&gt;从机地址ADR&lt;/td&gt;
&lt;td style=&#34;text-align:left&#34;&gt;通讯地址范围:1~247;0=广播地址&lt;/td&gt;
&lt;/tr&gt;
&lt;tr&gt;
&lt;td style=&#34;text-align:center&#34;&gt;命令码CMD&lt;/td&gt;
&lt;td style=&#34;text-align:left&#34;&gt;03:读从机参数;06:写从机参数&lt;/td&gt;
&lt;/tr&gt;
&lt;tr&gt;
&lt;td style=&#34;text-align:center&#34;&gt;功能码地址H&lt;/td&gt;
&lt;td style=&#34;text-align:left&#34;&gt;变频器内部的参数地址,16进制表示;分为功能码型和非功能码型(如 运行状态参数、运行命令等)参数等,详见地址定义。传送时,高字节在前,低字节在后&lt;/td&gt;
&lt;/tr&gt;
&lt;tr&gt;
&lt;td style=&#34;text-align:center&#34;&gt;功能码地址L&lt;/td&gt;
&lt;td style=&#34;text-align:left&#34;&gt;同上&lt;/td&gt;
&lt;/tr&gt;
&lt;tr&gt;
&lt;td style=&#34;text-align:center&#34;&gt;功能码个数H&lt;/td&gt;
&lt;td style=&#34;text-align:left&#34;&gt;本帧读取的功能码个数,若为1表示读取1个功能码。传送时,高字节在前,低字节在后。 本协议一次只能改写1个功能码,没有该字段。&lt;/td&gt;
&lt;/tr&gt;
&lt;tr&gt;
&lt;td style=&#34;text-align:center&#34;&gt;功能码个数L&lt;/td&gt;
&lt;td style=&#34;text-align:left&#34;&gt;同上&lt;/td&gt;
&lt;/tr&gt;
&lt;tr&gt;
&lt;td style=&#34;text-align:center&#34;&gt;数据H&lt;/td&gt;
&lt;td style=&#34;text-align:left&#34;&gt;应答的数据,或特写入的数据,传送时,高字节在前,低字节在后。&lt;/td&gt;
&lt;/tr&gt;
&lt;tr&gt;
&lt;td style=&#34;text-align:center&#34;&gt;数据L&lt;/td&gt;
&lt;td style=&#34;text-align:left&#34;&gt;同上&lt;/td&gt;
&lt;/tr&gt;
&lt;tr&gt;
&lt;td style=&#34;text-align:center&#34;&gt;CRCCHK高位&lt;/td&gt;
&lt;td style=&#34;text-align:left&#34;&gt;检测值:CRC16校验值。传送时,高字节在前,低字节在后。 计算方法详见本节CRC校验的说明。&lt;/td&gt;
&lt;/tr&gt;
&lt;tr&gt;
&lt;td style=&#34;text-align:center&#34;&gt;CRCCHK低位&lt;/td&gt;
&lt;td style=&#34;text-align:left&#34;&gt;同上&lt;/td&gt;
&lt;/tr&gt;
&lt;tr&gt;
&lt;td style=&#34;text-align:center&#34;&gt;END&lt;/td&gt;
&lt;td style=&#34;text-align:left&#34;&gt;3.5个字符时间&lt;/td&gt;
&lt;/tr&gt;
&lt;/tbody&gt;
&lt;/table&gt;
&lt;h3&gt;8.1.5 CMD检验方式&lt;span class=&#34;absolute -mt-20&#34; id=&#34;815-cmd检验方式&#34;&gt;&lt;/span&gt;
    &lt;a href=&#34;#815-cmd%e6%a3%80%e9%aa%8c%e6%96%b9%e5%bc%8f&#34; class=&#34;subheading-anchor&#34; aria-label=&#34;Permalink for this section&#34;&gt;&lt;/a&gt;&lt;/h3&gt;&lt;p&gt;校验方式CRC校验方式:CRC(Cyclical Redundancy Check)使用RTU帧格式,消息包括了基于CRC 方法的错误检测域。CRC域检测了整个消息的内容。CRC域是两个字节,包含16位的二进制值。它由传输设备 计算后加入到消息中。接收设备重新计算收到消息CRC,并与接收到的CRC域中的值比较,如果两个CRC值不 相等,则说明传输有错误。 &lt;br&gt;
CRC是先存入0xFFFF,然后调用一个过程将消息中连续的8位字节与当前寄存器中的值进行处理。仅每 个字符中的8Bit数据对CRC有效,起始位和停止位以及奇偶校验位均无效。&lt;br&gt;
CRC产生过程中,每个8位字符都单独和寄存器内容相异或(XOR),结果向最低有效位方向移动,最高有 效位以0填充。LSB被提取出来检测,如果LSB为1,寄存器单独和预置的值相异或,如果LSB为0,则不进行。 整个过程要重复8次。在最后一位(第8位)完成后,下一个8位字节又单独和寄存器的当前值相异或。最终寄存器中的值,是消息中所有的字节都执行之后的CRC值。 CRC添加到消息中时,低字节先加入,然后高字节。CRC简单函数如下:&lt;/p&gt;
&lt;div class=&#34;code-block relative mt-6 first:mt-0 group/code&#34;&gt;&lt;pre&gt;&lt;code&gt;unsigned int CRC16_CHK(unsigned char *data, unsigned char length)
{
  int j = 0;
  unsigned int crc Oxffff reg:
    while(length--)
    {
       crc reg *data&amp;#43;&amp;#43;:
       for(j=0:j&amp;lt;8:j&amp;#43;&amp;#43;)
          {
           if(reg crc 0x01)
             {
            reg_crc (reg_crc &amp;gt; 1) 0xa001:
             }
       else
             {
             reg_crc = reg_crc &amp;gt;&amp;gt; 1;
             }
          }
    }
    return reg_crc;
}&lt;/code&gt;&lt;/pre&gt;&lt;div class=&#34;opacity-0 transition group-hover/code:opacity-100 flex gap-1 absolute m-[11px] right-0 top-0&#34;&gt;
    &lt;button
      class=&#34;code-copy-btn group/copybtn transition-all active:opacity-50 bg-primary-700/5 border border-black/5 text-gray-600 hover:text-gray-900 rounded-md p-1.5 dark:bg-primary-300/10 dark:border-white/10 dark:text-gray-400 dark:hover:text-gray-50&#34;
      title=&#34;Copy code&#34;
    &gt;
      &lt;div class=&#34;group-[.copied]/copybtn:hidden copy-icon pointer-events-none h-4 w-4&#34;&gt;&lt;/div&gt;
      &lt;div class=&#34;hidden group-[.copied]/copybtn:block success-icon pointer-events-none h-4 w-4&#34;&gt;&lt;/div&gt;
    &lt;/button&gt;
  &lt;/div&gt;
&lt;/div&gt;
&lt;h3&gt;8.1.6功能码参数地址标示规则：&lt;span class=&#34;absolute -mt-20&#34; id=&#34;816功能码参数地址标示规则&#34;&gt;&lt;/span&gt;
    &lt;a href=&#34;#816%e5%8a%9f%e8%83%bd%e7%a0%81%e5%8f%82%e6%95%b0%e5%9c%b0%e5%9d%80%e6%a0%87%e7%a4%ba%e8%a7%84%e5%88%99&#34; class=&#34;subheading-anchor&#34; aria-label=&#34;Permalink for this section&#34;&gt;&lt;/a&gt;&lt;/h3&gt;&lt;p&gt;读写功能码参数（有些功能码是不能更改的，只供厂家使用或监视使用）：&lt;br&gt;
以功能码组号和标号为参数地址表示规则：&lt;br&gt;
高位字节： PO~PF（P组） AO-AF（A组） 70~7F（U组）
低位字节: 00~FF&lt;br&gt;
例如：若要范围功能码P3-12 ,则功能码的访问地址表示为F30CH &lt;br&gt;





  












&lt;div class=&#34;overflow-x-auto mt-6 flex rounded-lg border py-2 ltr:pr-4 rtl:pl-4 contrast-more:border-current contrast-more:dark:border-current border-blue-200 bg-blue-100 text-blue-900 dark:border-blue-200/30 dark:bg-blue-900/30 dark:text-blue-200&#34;&gt;
  &lt;div class=&#34;ltr:pl-3 ltr:pr-2 rtl:pr-3 rtl:pl-2&#34;&gt;&lt;div class=&#34;select-none text-xl&#34; style=&#34;font-family: &#39;Apple Color Emoji&#39;, &#39;Segoe UI Emoji&#39;, &#39;Segoe UI Symbol&#39;;&#34;&gt;
        ℹ️
      &lt;/div&gt;&lt;/div&gt;

  &lt;div class=&#34;w-full min-w-0 leading-7&#34;&gt;
    &lt;div class=&#34;mt-6 leading-7 first:mt-0&#34;&gt;
      注意:&lt;br&gt;
PF组：既不可读取参数,也不可更改参数;&lt;br&gt;
U组：只可读取,不可更改参数.&lt;br&gt;
有些参数在变频器处于运行状态时不可更改；有些参数不论变频器处于何种状态，均不可更改；更改功能码参数，还要注意参数的范围、单位及相关说明。
    &lt;/div&gt;
  &lt;/div&gt;
&lt;/div&gt;
&lt;/p&gt;
&lt;table&gt;
&lt;thead&gt;
&lt;tr&gt;
&lt;th style=&#34;text-align:center&#34;&gt;功能码组号&lt;/th&gt;
&lt;th style=&#34;text-align:center&#34;&gt;通讯访问地址&lt;/th&gt;
&lt;th style=&#34;text-align:center&#34;&gt;通讯修改RAM中功能码地址&lt;/th&gt;
&lt;/tr&gt;
&lt;/thead&gt;
&lt;tbody&gt;
&lt;tr&gt;
&lt;td style=&#34;text-align:center&#34;&gt;P0~PE 组&lt;/td&gt;
&lt;td style=&#34;text-align:center&#34;&gt;0xF000~0xFEFF&lt;/td&gt;
&lt;td style=&#34;text-align:center&#34;&gt;0x0000~0x0EFF&lt;/td&gt;
&lt;/tr&gt;
&lt;tr&gt;
&lt;td style=&#34;text-align:center&#34;&gt;A0~AC 组&lt;/td&gt;
&lt;td style=&#34;text-align:center&#34;&gt;0xA000~0xACFF&lt;/td&gt;
&lt;td style=&#34;text-align:center&#34;&gt;0x4000 ~0x4CFF&lt;/td&gt;
&lt;/tr&gt;
&lt;tr&gt;
&lt;td style=&#34;text-align:center&#34;&gt;U0组&lt;/td&gt;
&lt;td style=&#34;text-align:center&#34;&gt;0x7000 ~0x70FF&lt;/td&gt;
&lt;td style=&#34;text-align:center&#34;&gt;只读，不可写&lt;/td&gt;
&lt;/tr&gt;
&lt;/tbody&gt;
&lt;/table&gt;
&lt;p&gt;




  












&lt;div class=&#34;overflow-x-auto mt-6 flex rounded-lg border py-2 ltr:pr-4 rtl:pl-4 contrast-more:border-current contrast-more:dark:border-current border-blue-200 bg-blue-100 text-blue-900 dark:border-blue-200/30 dark:bg-blue-900/30 dark:text-blue-200&#34;&gt;
  &lt;div class=&#34;ltr:pl-3 ltr:pr-2 rtl:pr-3 rtl:pl-2&#34;&gt;&lt;div class=&#34;select-none text-xl&#34; style=&#34;font-family: &#39;Apple Color Emoji&#39;, &#39;Segoe UI Emoji&#39;, &#39;Segoe UI Symbol&#39;;&#34;&gt;
        ℹ️
      &lt;/div&gt;&lt;/div&gt;

  &lt;div class=&#34;w-full min-w-0 leading-7&#34;&gt;
    &lt;div class=&#34;mt-6 leading-7 first:mt-0&#34;&gt;
      注意：&lt;br&gt;
1、由于EEPROM频繁被存储,会减少EEPROM的使用寿命,所以,有些功能码在通讯的模式下,无须存储,只要更改RAM中的值就可以了。&lt;br&gt;
2、如果为P组参数，要实现该功能，只要把该功能码地址的高位F变成0就可以实现.如果为A组参数，要实现该功能,只要把该功能码地址的高位A变成4就可以实现。
    &lt;/div&gt;
  &lt;/div&gt;
&lt;/div&gt;
&lt;br&gt;
&lt;strong&gt;写入RAM相应功能码地址如下：&lt;/strong&gt;&lt;br&gt;
高位字节：00~0F（P组） 40~4F（A组） &lt;br&gt;
低位字节：00~FF&lt;br&gt;
例如：功能码 P3-12不存储到 EEPROM 中，地址表示为 030cH ;&lt;br&gt;
功能码A0-05不存储到EEPROM中，地址表示为4005H ;





  












&lt;div class=&#34;overflow-x-auto mt-6 flex rounded-lg border py-2 ltr:pr-4 rtl:pl-4 contrast-more:border-current contrast-more:dark:border-current border-blue-200 bg-blue-100 text-blue-900 dark:border-blue-200/30 dark:bg-blue-900/30 dark:text-blue-200&#34;&gt;
  &lt;div class=&#34;ltr:pl-3 ltr:pr-2 rtl:pr-3 rtl:pl-2&#34;&gt;&lt;div class=&#34;select-none text-xl&#34; style=&#34;font-family: &#39;Apple Color Emoji&#39;, &#39;Segoe UI Emoji&#39;, &#39;Segoe UI Symbol&#39;;&#34;&gt;
        ℹ️
      &lt;/div&gt;&lt;/div&gt;

  &lt;div class=&#34;w-full min-w-0 leading-7&#34;&gt;
    &lt;div class=&#34;mt-6 leading-7 first:mt-0&#34;&gt;
      注意： &lt;br&gt;
该地址表示只能做写RAM,不能做读的动作,读时,为无效地址.对于所有参数,也可以使用命令码07H来实现该功能.
    &lt;/div&gt;
  &lt;/div&gt;
&lt;/div&gt;
&lt;/p&gt;
&lt;h3&gt;8.1.7 停机/运行参数部分：&lt;span class=&#34;absolute -mt-20&#34; id=&#34;817-停机运行参数部分&#34;&gt;&lt;/span&gt;
    &lt;a href=&#34;#817-%e5%81%9c%e6%9c%ba%e8%bf%90%e8%a1%8c%e5%8f%82%e6%95%b0%e9%83%a8%e5%88%86&#34; class=&#34;subheading-anchor&#34; aria-label=&#34;Permalink for this section&#34;&gt;&lt;/a&gt;&lt;/h3&gt;&lt;table&gt;
&lt;thead&gt;
&lt;tr&gt;
&lt;th style=&#34;text-align:center&#34;&gt;参数地址&lt;/th&gt;
&lt;th style=&#34;text-align:center&#34;&gt;参数描述&lt;/th&gt;
&lt;th style=&#34;text-align:center&#34;&gt;参数地址&lt;/th&gt;
&lt;th style=&#34;text-align:center&#34;&gt;参数描述&lt;/th&gt;
&lt;/tr&gt;
&lt;/thead&gt;
&lt;tbody&gt;
&lt;tr&gt;
&lt;td style=&#34;text-align:center&#34;&gt;1000H&lt;/td&gt;
&lt;td style=&#34;text-align:center&#34;&gt;通信设定值（十进制）&lt;/br&gt;-10000-10000&lt;/td&gt;
&lt;td style=&#34;text-align:center&#34;&gt;1010H&lt;/td&gt;
&lt;td style=&#34;text-align:center&#34;&gt;PID设置&lt;/td&gt;
&lt;/tr&gt;
&lt;tr&gt;
&lt;td style=&#34;text-align:center&#34;&gt;1001H&lt;/td&gt;
&lt;td style=&#34;text-align:center&#34;&gt;运行频率&lt;/td&gt;
&lt;td style=&#34;text-align:center&#34;&gt;1011H&lt;/td&gt;
&lt;td style=&#34;text-align:center&#34;&gt;PID反馈&lt;/td&gt;
&lt;/tr&gt;
&lt;tr&gt;
&lt;td style=&#34;text-align:center&#34;&gt;1002H&lt;/td&gt;
&lt;td style=&#34;text-align:center&#34;&gt;母线电压&lt;/td&gt;
&lt;td style=&#34;text-align:center&#34;&gt;1012H&lt;/td&gt;
&lt;td style=&#34;text-align:center&#34;&gt;PLC步骤&lt;/td&gt;
&lt;/tr&gt;
&lt;tr&gt;
&lt;td style=&#34;text-align:center&#34;&gt;1003H&lt;/td&gt;
&lt;td style=&#34;text-align:center&#34;&gt;输出电压&lt;/td&gt;
&lt;td style=&#34;text-align:center&#34;&gt;1013H&lt;/td&gt;
&lt;td style=&#34;text-align:center&#34;&gt;输入脉冲频率, 单位 0.01kHz&lt;/td&gt;
&lt;/tr&gt;
&lt;tr&gt;
&lt;td style=&#34;text-align:center&#34;&gt;1004H&lt;/td&gt;
&lt;td style=&#34;text-align:center&#34;&gt;输出电流&lt;/td&gt;
&lt;td style=&#34;text-align:center&#34;&gt;1014H&lt;/td&gt;
&lt;td style=&#34;text-align:center&#34;&gt;反馈速度，单位0.1Hz&lt;/td&gt;
&lt;/tr&gt;
&lt;tr&gt;
&lt;td style=&#34;text-align:center&#34;&gt;1005H&lt;/td&gt;
&lt;td style=&#34;text-align:center&#34;&gt;输出功率&lt;/td&gt;
&lt;td style=&#34;text-align:center&#34;&gt;1015H&lt;/td&gt;
&lt;td style=&#34;text-align:center&#34;&gt;剩余运行时间&lt;/td&gt;
&lt;/tr&gt;
&lt;tr&gt;
&lt;td style=&#34;text-align:center&#34;&gt;1006H&lt;/td&gt;
&lt;td style=&#34;text-align:center&#34;&gt;输出转矩&lt;/td&gt;
&lt;td style=&#34;text-align:center&#34;&gt;1016H&lt;/td&gt;
&lt;td style=&#34;text-align:center&#34;&gt;All校正前电压&lt;/td&gt;
&lt;/tr&gt;
&lt;tr&gt;
&lt;td style=&#34;text-align:center&#34;&gt;1007H&lt;/td&gt;
&lt;td style=&#34;text-align:center&#34;&gt;运行速度&lt;/td&gt;
&lt;td style=&#34;text-align:center&#34;&gt;1017H&lt;/td&gt;
&lt;td style=&#34;text-align:center&#34;&gt;AI2校正前电压&lt;/td&gt;
&lt;/tr&gt;
&lt;tr&gt;
&lt;td style=&#34;text-align:center&#34;&gt;1008H&lt;/td&gt;
&lt;td style=&#34;text-align:center&#34;&gt;DI输入标志&lt;/td&gt;
&lt;td style=&#34;text-align:center&#34;&gt;1018H&lt;/td&gt;
&lt;td style=&#34;text-align:center&#34;&gt;AI3校正前电压&lt;/td&gt;
&lt;/tr&gt;
&lt;tr&gt;
&lt;td style=&#34;text-align:center&#34;&gt;1009H&lt;/td&gt;
&lt;td style=&#34;text-align:center&#34;&gt;DO输出标志&lt;/td&gt;
&lt;td style=&#34;text-align:center&#34;&gt;1019H&lt;/td&gt;
&lt;td style=&#34;text-align:center&#34;&gt;线速度&lt;/td&gt;
&lt;/tr&gt;
&lt;tr&gt;
&lt;td style=&#34;text-align:center&#34;&gt;100AH&lt;/td&gt;
&lt;td style=&#34;text-align:center&#34;&gt;All电压&lt;/td&gt;
&lt;td style=&#34;text-align:center&#34;&gt;101AH&lt;/td&gt;
&lt;td style=&#34;text-align:center&#34;&gt;当前上电时间&lt;/td&gt;
&lt;/tr&gt;
&lt;tr&gt;
&lt;td style=&#34;text-align:center&#34;&gt;100BH&lt;/td&gt;
&lt;td style=&#34;text-align:center&#34;&gt;AI2电压&lt;/td&gt;
&lt;td style=&#34;text-align:center&#34;&gt;101BH&lt;/td&gt;
&lt;td style=&#34;text-align:center&#34;&gt;当前运行时间&lt;/td&gt;
&lt;/tr&gt;
&lt;tr&gt;
&lt;td style=&#34;text-align:center&#34;&gt;100CH&lt;/td&gt;
&lt;td style=&#34;text-align:center&#34;&gt;AI3电压&lt;/td&gt;
&lt;td style=&#34;text-align:center&#34;&gt;101CH&lt;/td&gt;
&lt;td style=&#34;text-align:center&#34;&gt;输入脉冲频率，单位1Hz&lt;/td&gt;
&lt;/tr&gt;
&lt;tr&gt;
&lt;td style=&#34;text-align:center&#34;&gt;100DH&lt;/td&gt;
&lt;td style=&#34;text-align:center&#34;&gt;计数值输入&lt;/td&gt;
&lt;td style=&#34;text-align:center&#34;&gt;101DH&lt;/td&gt;
&lt;td style=&#34;text-align:center&#34;&gt;通讯设定值&lt;/td&gt;
&lt;/tr&gt;
&lt;tr&gt;
&lt;td style=&#34;text-align:center&#34;&gt;100EH&lt;/td&gt;
&lt;td style=&#34;text-align:center&#34;&gt;长度值输入&lt;/td&gt;
&lt;td style=&#34;text-align:center&#34;&gt;101EH&lt;/td&gt;
&lt;td style=&#34;text-align:center&#34;&gt;实际反馈速度&lt;/td&gt;
&lt;/tr&gt;
&lt;tr&gt;
&lt;td style=&#34;text-align:center&#34;&gt;100FH&lt;/td&gt;
&lt;td style=&#34;text-align:center&#34;&gt;负载速度&lt;/td&gt;
&lt;td style=&#34;text-align:center&#34;&gt;101FH&lt;/td&gt;
&lt;td style=&#34;text-align:center&#34;&gt;主频率X显示&lt;/td&gt;
&lt;/tr&gt;
&lt;tr&gt;
&lt;td style=&#34;text-align:center&#34;&gt;&lt;/td&gt;
&lt;td style=&#34;text-align:center&#34;&gt;&lt;/td&gt;
&lt;td style=&#34;text-align:center&#34;&gt;1020H&lt;/td&gt;
&lt;td style=&#34;text-align:center&#34;&gt;辅频率Y显示&lt;/td&gt;
&lt;/tr&gt;
&lt;/tbody&gt;
&lt;/table&gt;
&lt;p&gt;




  












&lt;div class=&#34;overflow-x-auto mt-6 flex rounded-lg border py-2 ltr:pr-4 rtl:pl-4 contrast-more:border-current contrast-more:dark:border-current border-blue-200 bg-blue-100 text-blue-900 dark:border-blue-200/30 dark:bg-blue-900/30 dark:text-blue-200&#34;&gt;
  &lt;div class=&#34;ltr:pl-3 ltr:pr-2 rtl:pr-3 rtl:pl-2&#34;&gt;&lt;div class=&#34;select-none text-xl&#34; style=&#34;font-family: &#39;Apple Color Emoji&#39;, &#39;Segoe UI Emoji&#39;, &#39;Segoe UI Symbol&#39;;&#34;&gt;
        ℹ️
      &lt;/div&gt;&lt;/div&gt;

  &lt;div class=&#34;w-full min-w-0 leading-7&#34;&gt;
    &lt;div class=&#34;mt-6 leading-7 first:mt-0&#34;&gt;
      注意：   &lt;br&gt;
1、通信设定值是相对值的百分数,10000对应100.00%, -10000对应-100.00%。 &lt;br&gt;
2、对频率量纲的数据，该百分比是相对最大频率（P0-10）的百分数;对转矩量纲的糠，该百分比是P2-10、A2-48、A3-48、A4-48 （转矩上限数字设定，分别对应第一、二三、四电机)
    &lt;/div&gt;
  &lt;/div&gt;
&lt;/div&gt;
&lt;br&gt;
控制命令输入到变频器：（只写）&lt;/p&gt;
&lt;table&gt;
&lt;thead&gt;
&lt;tr&gt;
&lt;th style=&#34;text-align:center&#34;&gt;命令字地址&lt;/th&gt;
&lt;th style=&#34;text-align:center&#34;&gt;命令功能&lt;/th&gt;
&lt;/tr&gt;
&lt;/thead&gt;
&lt;tbody&gt;
&lt;tr&gt;
&lt;td style=&#34;text-align:center&#34;&gt;2000H&lt;/td&gt;
&lt;td style=&#34;text-align:center&#34;&gt;0001:正转运行&lt;/br&gt;0002:反转运行&lt;/br&gt;0003:正转点动&lt;/br&gt;0004:反转点动&lt;/br&gt;0005:自由停机&lt;/br&gt;0006:减速停机&lt;/br&gt;0007:故障复位&lt;/td&gt;
&lt;/tr&gt;
&lt;/tbody&gt;
&lt;/table&gt;
&lt;p&gt;读取变频器状态：（只读）&lt;/p&gt;
&lt;table&gt;
&lt;thead&gt;
&lt;tr&gt;
&lt;th style=&#34;text-align:center&#34;&gt;状态字地址&lt;/th&gt;
&lt;th style=&#34;text-align:center&#34;&gt;状态字功能&lt;/th&gt;
&lt;/tr&gt;
&lt;/thead&gt;
&lt;tbody&gt;
&lt;tr&gt;
&lt;td style=&#34;text-align:center&#34;&gt;3000H&lt;/td&gt;
&lt;td style=&#34;text-align:center&#34;&gt;0001:正转运行&lt;/br&gt;0002:反转运行&lt;/br&gt;0003:停机&lt;/td&gt;
&lt;/tr&gt;
&lt;/tbody&gt;
&lt;/table&gt;
&lt;p&gt;参数锁定密码检验：（如果返回为888H，即表示密码校验通过）&lt;/p&gt;
&lt;table&gt;
&lt;thead&gt;
&lt;tr&gt;
&lt;th style=&#34;text-align:center&#34;&gt;密码地址&lt;/th&gt;
&lt;th style=&#34;text-align:center&#34;&gt;输入密码的内容&lt;/th&gt;
&lt;/tr&gt;
&lt;/thead&gt;
&lt;tbody&gt;
&lt;tr&gt;
&lt;td style=&#34;text-align:center&#34;&gt;1F00H&lt;/td&gt;
&lt;td style=&#34;text-align:center&#34;&gt;*****&lt;/td&gt;
&lt;/tr&gt;
&lt;/tbody&gt;
&lt;/table&gt;
&lt;h3&gt;8.1.8 输出控制命令&lt;span class=&#34;absolute -mt-20&#34; id=&#34;818-输出控制命令&#34;&gt;&lt;/span&gt;
    &lt;a href=&#34;#818-%e8%be%93%e5%87%ba%e6%8e%a7%e5%88%b6%e5%91%bd%e4%bb%a4&#34; class=&#34;subheading-anchor&#34; aria-label=&#34;Permalink for this section&#34;&gt;&lt;/a&gt;&lt;/h3&gt;&lt;table&gt;
&lt;thead&gt;
&lt;tr&gt;
&lt;th style=&#34;text-align:center&#34;&gt;命令字地址&lt;/th&gt;
&lt;th style=&#34;text-align:left&#34;&gt;命令内容&lt;/th&gt;
&lt;th style=&#34;text-align:left&#34;&gt;输出控制命令说明&lt;/th&gt;
&lt;/tr&gt;
&lt;/thead&gt;
&lt;tbody&gt;
&lt;tr&gt;
&lt;td style=&#34;text-align:center&#34;&gt;2001H&lt;/td&gt;
&lt;td style=&#34;text-align:left&#34;&gt;Bit0: DO1输出控制&lt;/br&gt;Bit1: DO2输出控制&lt;/br&gt;Bit2: RELAY1输出控制&lt;/br&gt;Bit3: RELAY2输出控制&lt;/br&gt;Bit4: FMR输出控制&lt;/br&gt;Bit5: VDO1&lt;/br&gt;Bit6: VDO2&lt;/td&gt;
&lt;td style=&#34;text-align:left&#34;&gt;数字输出端子控制：（只写）&lt;/td&gt;
&lt;/tr&gt;
&lt;tr&gt;
&lt;td style=&#34;text-align:center&#34;&gt;2002H&lt;/td&gt;
&lt;td style=&#34;text-align:left&#34;&gt;0~7FFF表示0%~100%&lt;/td&gt;
&lt;td style=&#34;text-align:left&#34;&gt;模拟输出AO1控制：（只写）&lt;/td&gt;
&lt;/tr&gt;
&lt;tr&gt;
&lt;td style=&#34;text-align:center&#34;&gt;2003H&lt;/td&gt;
&lt;td style=&#34;text-align:left&#34;&gt;0~7FFF表示0%~100%&lt;/td&gt;
&lt;td style=&#34;text-align:left&#34;&gt;模拟输出AO2控制：（只写）&lt;/td&gt;
&lt;/tr&gt;
&lt;tr&gt;
&lt;td style=&#34;text-align:center&#34;&gt;2004H&lt;/td&gt;
&lt;td style=&#34;text-align:left&#34;&gt;0~7FFF表示0%~100%&lt;/td&gt;
&lt;td style=&#34;text-align:left&#34;&gt;脉冲（PULSE）输出控制：（只写）&lt;/td&gt;
&lt;/tr&gt;
&lt;/tbody&gt;
&lt;/table&gt;
&lt;h3&gt;8.1.9 变频器故障描述&lt;span class=&#34;absolute -mt-20&#34; id=&#34;819-变频器故障描述&#34;&gt;&lt;/span&gt;
    &lt;a href=&#34;#819-%e5%8f%98%e9%a2%91%e5%99%a8%e6%95%85%e9%9a%9c%e6%8f%8f%e8%bf%b0&#34; class=&#34;subheading-anchor&#34; aria-label=&#34;Permalink for this section&#34;&gt;&lt;/a&gt;&lt;/h3&gt;&lt;table&gt;
&lt;thead&gt;
&lt;tr&gt;
&lt;th style=&#34;text-align:center&#34;&gt;变频器故障地址&lt;/th&gt;
&lt;th style=&#34;text-align:left&#34;&gt;变频器故障信息&lt;/th&gt;
&lt;/tr&gt;
&lt;/thead&gt;
&lt;tbody&gt;
&lt;tr&gt;
&lt;td style=&#34;text-align:center&#34;&gt;8000H&lt;/td&gt;
&lt;td style=&#34;text-align:left&#34;&gt;0000：无故障&lt;/br&gt; 0001：保留&lt;/br&gt;0002：加速过电流 &lt;/br&gt;0003：减速过电流&lt;/br&gt; 0004：恒速过电流&lt;/br&gt; 0005：加速过电压&lt;/br&gt;0006：减速过电压 &lt;/br&gt;0007：恒速过电压&lt;/br&gt;0008：缓冲电阻过载故障&lt;/br&gt;0009：欠压故障 &lt;/br&gt;000A：变频器过载 &lt;/br&gt;000B：电机过载 &lt;/br&gt;000C：输入缺相 &lt;/br&gt;000D：输出缺相 &lt;/br&gt;000E：模块过热 &lt;/br&gt;000F：外部故障 &lt;/br&gt;0010：通讯异常 &lt;/br&gt;0011：接触器异常&lt;/br&gt;0012：电流检测故障 &lt;/br&gt;0013：电机调谐故障&lt;/br&gt;0014：编码器/PG卡故障&lt;/br&gt;0015：参数读写异常 &lt;/br&gt;0016：变频器硬件故障 &lt;/br&gt;0017：电机对地短路故障&lt;/br&gt;0018：保留 &lt;/br&gt;0019：保留&lt;/br&gt;001A：运行时间到达&lt;/br&gt;001B：用户自定义故障1 &lt;/br&gt;001C：用户自定义故障2&lt;/br&gt;001D：上电时间到达 &lt;/br&gt;001E：掉载&lt;/br&gt;001F：运行时PID反馈丢失 &lt;/br&gt;0028：快速限流超时故障 &lt;/br&gt;0029：运行时切换电机故障&lt;/br&gt;002A：速度偏差过大 &lt;/br&gt;002B：电机超速度 &lt;/br&gt;002D：电机过温&lt;/br&gt;005A：编码器线数设定错误&lt;/br&gt;005B：未接编码器 &lt;/br&gt;005C：初始位置错误 &lt;/br&gt;005E：速度&lt;/td&gt;
&lt;/tr&gt;
&lt;/tbody&gt;
&lt;/table&gt;
&lt;h3&gt;8.1.10 PD组通讯参数说明&lt;span class=&#34;absolute -mt-20&#34; id=&#34;8110-pd组通讯参数说明&#34;&gt;&lt;/span&gt;
    &lt;a href=&#34;#8110-pd%e7%bb%84%e9%80%9a%e8%ae%af%e5%8f%82%e6%95%b0%e8%af%b4%e6%98%8e&#34; class=&#34;subheading-anchor&#34; aria-label=&#34;Permalink for this section&#34;&gt;&lt;/a&gt;&lt;/h3&gt;&lt;table&gt;
&lt;thead&gt;
&lt;tr&gt;
&lt;th style=&#34;text-align:center&#34;&gt;功能码&lt;/th&gt;
&lt;th style=&#34;text-align:left&#34;&gt;名称&lt;/th&gt;
&lt;th style=&#34;text-align:left&#34;&gt;设定范围&lt;/th&gt;
&lt;th style=&#34;text-align:center&#34;&gt;出厂值&lt;/th&gt;
&lt;/tr&gt;
&lt;/thead&gt;
&lt;tbody&gt;
&lt;tr&gt;
&lt;td style=&#34;text-align:center&#34;&gt;Pd-00&lt;/td&gt;
&lt;td style=&#34;text-align:left&#34;&gt;波特率&lt;/td&gt;
&lt;td style=&#34;text-align:left&#34;&gt;个位：MODUBS波特率&lt;/br&gt;0：300BPS &lt;/br&gt;1：600BPS &lt;/br&gt;2：1200BPS &lt;/br&gt;3：2400BPS &lt;/br&gt;4：4800BPS&lt;/br&gt;5：9600BPS&lt;/br&gt;6：19200BPS &lt;/br&gt;7：38400BPS &lt;/br&gt;8：57600BPS &lt;/br&gt;9：115200BPS&lt;/td&gt;
&lt;td style=&#34;text-align:center&#34;&gt;600&lt;/td&gt;
&lt;/tr&gt;
&lt;/tbody&gt;
&lt;/table&gt;





  












&lt;div class=&#34;overflow-x-auto mt-6 flex rounded-lg border py-2 ltr:pr-4 rtl:pl-4 contrast-more:border-current contrast-more:dark:border-current border-blue-200 bg-blue-100 text-blue-900 dark:border-blue-200/30 dark:bg-blue-900/30 dark:text-blue-200&#34;&gt;
  &lt;div class=&#34;ltr:pl-3 ltr:pr-2 rtl:pr-3 rtl:pl-2&#34;&gt;&lt;div class=&#34;select-none text-xl&#34; style=&#34;font-family: &#39;Apple Color Emoji&#39;, &#39;Segoe UI Emoji&#39;, &#39;Segoe UI Symbol&#39;;&#34;&gt;
        ℹ️
      &lt;/div&gt;&lt;/div&gt;

  &lt;div class=&#34;w-full min-w-0 leading-7&#34;&gt;
    &lt;div class=&#34;mt-6 leading-7 first:mt-0&#34;&gt;
      此参数用来设定上位机与变频器之间的数据传输速率。注意，上位机与变频器设定的波特率必须一致，否则，通讯无法进行。波特率越大，通讯速度越快。
    &lt;/div&gt;
  &lt;/div&gt;
&lt;/div&gt;

&lt;table&gt;
&lt;thead&gt;
&lt;tr&gt;
&lt;th style=&#34;text-align:center&#34;&gt;功能码&lt;/th&gt;
&lt;th style=&#34;text-align:left&#34;&gt;名称&lt;/th&gt;
&lt;th style=&#34;text-align:left&#34;&gt;设定范围&lt;/th&gt;
&lt;th style=&#34;text-align:center&#34;&gt;出厂值&lt;/th&gt;
&lt;/tr&gt;
&lt;/thead&gt;
&lt;tbody&gt;
&lt;tr&gt;
&lt;td style=&#34;text-align:center&#34;&gt;Pd-01&lt;/td&gt;
&lt;td style=&#34;text-align:left&#34;&gt;数据格式&lt;/td&gt;
&lt;td style=&#34;text-align:left&#34;&gt;0：无校验：数据格式&amp;lt;8，N，2&amp;gt; &lt;/br&gt;1：偶检验：数据格式&amp;lt;8,E,1&amp;gt; &lt;/br&gt;2：奇校验：数据格式&amp;lt;8,0,1&amp;gt;&lt;/td&gt;
&lt;td style=&#34;text-align:center&#34;&gt;0&lt;/td&gt;
&lt;/tr&gt;
&lt;/tbody&gt;
&lt;/table&gt;





  












&lt;div class=&#34;overflow-x-auto mt-6 flex rounded-lg border py-2 ltr:pr-4 rtl:pl-4 contrast-more:border-current contrast-more:dark:border-current border-blue-200 bg-blue-100 text-blue-900 dark:border-blue-200/30 dark:bg-blue-900/30 dark:text-blue-200&#34;&gt;
  &lt;div class=&#34;ltr:pl-3 ltr:pr-2 rtl:pr-3 rtl:pl-2&#34;&gt;&lt;div class=&#34;select-none text-xl&#34; style=&#34;font-family: &#39;Apple Color Emoji&#39;, &#39;Segoe UI Emoji&#39;, &#39;Segoe UI Symbol&#39;;&#34;&gt;
        ℹ️
      &lt;/div&gt;&lt;/div&gt;

  &lt;div class=&#34;w-full min-w-0 leading-7&#34;&gt;
    &lt;div class=&#34;mt-6 leading-7 first:mt-0&#34;&gt;
      上位机与变频器设定的数据格式必须一致，否则，通讯无法进行。
    &lt;/div&gt;
  &lt;/div&gt;
&lt;/div&gt;

&lt;table&gt;
&lt;thead&gt;
&lt;tr&gt;
&lt;th style=&#34;text-align:center&#34;&gt;功能码&lt;/th&gt;
&lt;th style=&#34;text-align:left&#34;&gt;名称&lt;/th&gt;
&lt;th style=&#34;text-align:left&#34;&gt;设定范围&lt;/th&gt;
&lt;th style=&#34;text-align:center&#34;&gt;出厂值&lt;/th&gt;
&lt;/tr&gt;
&lt;/thead&gt;
&lt;tbody&gt;
&lt;tr&gt;
&lt;td style=&#34;text-align:center&#34;&gt;Pd-02&lt;/td&gt;
&lt;td style=&#34;text-align:left&#34;&gt;本机地址&lt;/td&gt;
&lt;td style=&#34;text-align:left&#34;&gt;1~247，0为广播地址&lt;/td&gt;
&lt;td style=&#34;text-align:center&#34;&gt;1&lt;/td&gt;
&lt;/tr&gt;
&lt;/tbody&gt;
&lt;/table&gt;





  












&lt;div class=&#34;overflow-x-auto mt-6 flex rounded-lg border py-2 ltr:pr-4 rtl:pl-4 contrast-more:border-current contrast-more:dark:border-current border-blue-200 bg-blue-100 text-blue-900 dark:border-blue-200/30 dark:bg-blue-900/30 dark:text-blue-200&#34;&gt;
  &lt;div class=&#34;ltr:pl-3 ltr:pr-2 rtl:pr-3 rtl:pl-2&#34;&gt;&lt;div class=&#34;select-none text-xl&#34; style=&#34;font-family: &#39;Apple Color Emoji&#39;, &#39;Segoe UI Emoji&#39;, &#39;Segoe UI Symbol&#39;;&#34;&gt;
        ℹ️
      &lt;/div&gt;&lt;/div&gt;

  &lt;div class=&#34;w-full min-w-0 leading-7&#34;&gt;
    &lt;div class=&#34;mt-6 leading-7 first:mt-0&#34;&gt;
      当本机地址设定为0时，即为广播地址，实现上位机广播功能。&lt;br&gt;
本机地址具有唯一性（除广播地址外），这是实现上位机与变频器点对点通讯的基础。
    &lt;/div&gt;
  &lt;/div&gt;
&lt;/div&gt;

&lt;table&gt;
&lt;thead&gt;
&lt;tr&gt;
&lt;th style=&#34;text-align:center&#34;&gt;功能码&lt;/th&gt;
&lt;th style=&#34;text-align:left&#34;&gt;名称&lt;/th&gt;
&lt;th style=&#34;text-align:left&#34;&gt;设定范围&lt;/th&gt;
&lt;th style=&#34;text-align:center&#34;&gt;出厂值&lt;/th&gt;
&lt;/tr&gt;
&lt;/thead&gt;
&lt;tbody&gt;
&lt;tr&gt;
&lt;td style=&#34;text-align:center&#34;&gt;Pd-03&lt;/td&gt;
&lt;td style=&#34;text-align:left&#34;&gt;应答延时&lt;/td&gt;
&lt;td style=&#34;text-align:left&#34;&gt;0~20ms&lt;/td&gt;
&lt;td style=&#34;text-align:center&#34;&gt;2ms&lt;/td&gt;
&lt;/tr&gt;
&lt;/tbody&gt;
&lt;/table&gt;





  












&lt;div class=&#34;overflow-x-auto mt-6 flex rounded-lg border py-2 ltr:pr-4 rtl:pl-4 contrast-more:border-current contrast-more:dark:border-current border-blue-200 bg-blue-100 text-blue-900 dark:border-blue-200/30 dark:bg-blue-900/30 dark:text-blue-200&#34;&gt;
  &lt;div class=&#34;ltr:pl-3 ltr:pr-2 rtl:pr-3 rtl:pl-2&#34;&gt;&lt;div class=&#34;select-none text-xl&#34; style=&#34;font-family: &#39;Apple Color Emoji&#39;, &#39;Segoe UI Emoji&#39;, &#39;Segoe UI Symbol&#39;;&#34;&gt;
        ℹ️
      &lt;/div&gt;&lt;/div&gt;

  &lt;div class=&#34;w-full min-w-0 leading-7&#34;&gt;
    &lt;div class=&#34;mt-6 leading-7 first:mt-0&#34;&gt;
      应答延时：是指变频器数据接受结束到向上位机发送数据的中间间隔时间。如果应答延时小于系统处理时间，则应答延时以系统处理时间为准，如应答延时长于系统处理时间，则系统处理完数据后，要延迟等待，直到应答延迟时间到，才往上位机发送数据。
    &lt;/div&gt;
  &lt;/div&gt;
&lt;/div&gt;

&lt;table&gt;
&lt;thead&gt;
&lt;tr&gt;
&lt;th style=&#34;text-align:center&#34;&gt;功能码&lt;/th&gt;
&lt;th style=&#34;text-align:left&#34;&gt;名称&lt;/th&gt;
&lt;th style=&#34;text-align:left&#34;&gt;设定范围&lt;/th&gt;
&lt;th style=&#34;text-align:center&#34;&gt;出厂值&lt;/th&gt;
&lt;/tr&gt;
&lt;/thead&gt;
&lt;tbody&gt;
&lt;tr&gt;
&lt;td style=&#34;text-align:center&#34;&gt;Pd-04&lt;/td&gt;
&lt;td style=&#34;text-align:left&#34;&gt;通讯超时时间&lt;/td&gt;
&lt;td style=&#34;text-align:left&#34;&gt;0.0s（无效）&lt;/br&gt;0.1~60.0s&lt;/td&gt;
&lt;td style=&#34;text-align:center&#34;&gt;2ms&lt;/td&gt;
&lt;/tr&gt;
&lt;/tbody&gt;
&lt;/table&gt;





  












&lt;div class=&#34;overflow-x-auto mt-6 flex rounded-lg border py-2 ltr:pr-4 rtl:pl-4 contrast-more:border-current contrast-more:dark:border-current border-blue-200 bg-blue-100 text-blue-900 dark:border-blue-200/30 dark:bg-blue-900/30 dark:text-blue-200&#34;&gt;
  &lt;div class=&#34;ltr:pl-3 ltr:pr-2 rtl:pr-3 rtl:pl-2&#34;&gt;&lt;div class=&#34;select-none text-xl&#34; style=&#34;font-family: &#39;Apple Color Emoji&#39;, &#39;Segoe UI Emoji&#39;, &#39;Segoe UI Symbol&#39;;&#34;&gt;
        ℹ️
      &lt;/div&gt;&lt;/div&gt;

  &lt;div class=&#34;w-full min-w-0 leading-7&#34;&gt;
    &lt;div class=&#34;mt-6 leading-7 first:mt-0&#34;&gt;
      注意：&lt;br&gt;
当该功能码设置为0.0s时，通讯超时时间参数无效。&lt;br&gt;
当该功能码设置成有效值时，如果一次通讯与下一次通讯的间隔时间超出通讯超时时间，系统将报通讯故障错误（Err16）。通常情况下，都将其设置成无效。如果在连续通讯的系统中，设置次参数，可以监视通讯状况。
    &lt;/div&gt;
  &lt;/div&gt;
&lt;/div&gt;

&lt;table&gt;
&lt;thead&gt;
&lt;tr&gt;
&lt;th style=&#34;text-align:center&#34;&gt;功能码&lt;/th&gt;
&lt;th style=&#34;text-align:left&#34;&gt;名称&lt;/th&gt;
&lt;th style=&#34;text-align:left&#34;&gt;设定范围&lt;/th&gt;
&lt;th style=&#34;text-align:center&#34;&gt;出厂值&lt;/th&gt;
&lt;/tr&gt;
&lt;/thead&gt;
&lt;tbody&gt;
&lt;tr&gt;
&lt;td style=&#34;text-align:center&#34;&gt;Pd-05&lt;/td&gt;
&lt;td style=&#34;text-align:left&#34;&gt;0：非标准的Modbus协议；&lt;/br&gt; 1：标准的Modbus协议&lt;/td&gt;
&lt;td style=&#34;text-align:left&#34;&gt;0&lt;/td&gt;
&lt;td&gt;&lt;/td&gt;
&lt;/tr&gt;
&lt;/tbody&gt;
&lt;/table&gt;





  












&lt;div class=&#34;overflow-x-auto mt-6 flex rounded-lg border py-2 ltr:pr-4 rtl:pl-4 contrast-more:border-current contrast-more:dark:border-current border-blue-200 bg-blue-100 text-blue-900 dark:border-blue-200/30 dark:bg-blue-900/30 dark:text-blue-200&#34;&gt;
  &lt;div class=&#34;ltr:pl-3 ltr:pr-2 rtl:pr-3 rtl:pl-2&#34;&gt;&lt;div class=&#34;select-none text-xl&#34; style=&#34;font-family: &#39;Apple Color Emoji&#39;, &#39;Segoe UI Emoji&#39;, &#39;Segoe UI Symbol&#39;;&#34;&gt;
        ℹ️
      &lt;/div&gt;&lt;/div&gt;

  &lt;div class=&#34;w-full min-w-0 leading-7&#34;&gt;
    &lt;div class=&#34;mt-6 leading-7 first:mt-0&#34;&gt;
      注意：&lt;br&gt;
Pd-05=1：选择标准的Modbus协议。&lt;br&gt;
Pd-05=0：读命令时，从机返回字节数比标准的Modbus协议多一个字节，具体参见本协议&lt;a href=&#34;https://www.lyskjd.com/zh-cn/docs/modbus-communication-protocol/#813-%e9%80%9a%e8%ae%af%e8%b5%84%e6%96%99%e7%bb%93%e6%9e%84&#34; &gt;通讯资料结构&lt;/a&gt;部分。
    &lt;/div&gt;
  &lt;/div&gt;
&lt;/div&gt;

&lt;table&gt;
&lt;thead&gt;
&lt;tr&gt;
&lt;th style=&#34;text-align:center&#34;&gt;功能码&lt;/th&gt;
&lt;th style=&#34;text-align:left&#34;&gt;名称&lt;/th&gt;
&lt;th style=&#34;text-align:left&#34;&gt;设定范围&lt;/th&gt;
&lt;th style=&#34;text-align:center&#34;&gt;出厂值&lt;/th&gt;
&lt;/tr&gt;
&lt;/thead&gt;
&lt;tbody&gt;
&lt;tr&gt;
&lt;td style=&#34;text-align:center&#34;&gt;Pd-06&lt;/td&gt;
&lt;td style=&#34;text-align:left&#34;&gt;通讯读取电流分辨率&lt;/td&gt;
&lt;td style=&#34;text-align:left&#34;&gt;0：0.01A;&lt;/br&gt; 1：0.1A&lt;/td&gt;
&lt;td style=&#34;text-align:center&#34;&gt;0&lt;/td&gt;
&lt;/tr&gt;
&lt;/tbody&gt;
&lt;/table&gt;





  












&lt;div class=&#34;overflow-x-auto mt-6 flex rounded-lg border py-2 ltr:pr-4 rtl:pl-4 contrast-more:border-current contrast-more:dark:border-current border-blue-200 bg-blue-100 text-blue-900 dark:border-blue-200/30 dark:bg-blue-900/30 dark:text-blue-200&#34;&gt;
  &lt;div class=&#34;ltr:pl-3 ltr:pr-2 rtl:pr-3 rtl:pl-2&#34;&gt;&lt;div class=&#34;select-none text-xl&#34; style=&#34;font-family: &#39;Apple Color Emoji&#39;, &#39;Segoe UI Emoji&#39;, &#39;Segoe UI Symbol&#39;;&#34;&gt;
        ℹ️
      &lt;/div&gt;&lt;/div&gt;

  &lt;div class=&#34;w-full min-w-0 leading-7&#34;&gt;
    &lt;div class=&#34;mt-6 leading-7 first:mt-0&#34;&gt;
      注意： 用来确定通讯读取输出电流时，电流值的输出单位。
    &lt;/div&gt;
  &lt;/div&gt;
&lt;/div&gt;

&lt;p&gt;探索以下文档以便了解更多内容：&lt;/p&gt;
&lt;div class=&#34;hextra-cards mt-4 gap-4 grid not-prose&#34; style=&#34;--rows: 3;&#34;&gt;
  &lt;a
    class=&#34;hextra-card group flex flex-col justify-start overflow-hidden rounded-lg border border-gray-200 text-current no-underline dark:shadow-none hover:shadow-gray-100 dark:hover:shadow-none shadow-gray-100 active:shadow-sm active:shadow-gray-200 transition-all duration-200 hover:border-gray-300 bg-transparent shadow-sm dark:border-neutral-800 hover:bg-slate-50 hover:shadow-md dark:hover:border-neutral-700 dark:hover:bg-neutral-900&#34;href=&#34;https://www.lyskjd.com/docs/product-information/technical-specifications-table/&#34; &gt;&lt;span class=&#34;flex font-semibold items-start gap-2 p-4 text-gray-700 hover:text-gray-900 dark:text-neutral-200 dark:hover:text-neutral-50&#34;&gt;&lt;svg xmlns=&#34;http://www.w3.org/2000/svg&#34; fill=&#34;none&#34; viewBox=&#34;0 0 24 24&#34; stroke-width=&#34;2&#34; stroke=&#34;currentColor&#34; aria-hidden=&#34;true&#34;&gt;&lt;path stroke-linecap=&#34;round&#34; stroke-linejoin=&#34;round&#34; d=&#34;M8 7v8a2 2 0 002 2h6M8 7V5a2 2 0 012-2h4.586a1 1 0 01.707.293l4.414 4.414a1 1 0 01.293.707V15a2 2 0 01-2 2h-2M8 7H6a2 2 0 00-2 2v10a2 2 0 002 2h8a2 2 0 002-2v-2&#34;/&gt;&lt;/svg&gt;5.1 基本功能参数简表&lt;/span&gt;&lt;/a&gt;
 &lt;a
   class=&#34;hextra-card group flex flex-col justify-start overflow-hidden rounded-lg border border-gray-200 text-current no-underline dark:shadow-none hover:shadow-gray-100 dark:hover:shadow-none shadow-gray-100 active:shadow-sm active:shadow-gray-200 transition-all duration-200 hover:border-gray-300 bg-transparent shadow-sm dark:border-neutral-800 hover:bg-slate-50 hover:shadow-md dark:hover:border-neutral-700 dark:hover:bg-neutral-900&#34;href=&#34;https://item.taobao.com/item.htm?ft=t&amp;amp;id=771441899583&#34; target=&#34;_blank&#34; rel=&#34;noreferrer&#34;&gt;&lt;span class=&#34;flex font-semibold items-start gap-2 p-4 text-gray-700 hover:text-gray-900 dark:text-neutral-200 dark:hover:text-neutral-50&#34;&gt;&lt;svg xmlns=&#34;http://www.w3.org/2000/svg&#34; fill=&#34;none&#34; viewBox=&#34;0 0 24 24&#34; stroke-width=&#34;2&#34; stroke=&#34;currentColor&#34; aria-hidden=&#34;true&#34;&gt;&lt;path stroke-linecap=&#34;round&#34; stroke-linejoin=&#34;round&#34; d=&#34;M3 3h2l.4 2M7 13h10l4-8H5.4M7 13L5.4 5M7 13l-2.293 2.293c-.63.63-.184 1.707.707 1.707H17m0 0a2 2 0 100 4 2 2 0 000-4zm-8 2a2 2 0 11-4 0 2 2 0 014 0z&#34;/&gt;&lt;/svg&gt;立即购买&lt;/span&gt;&lt;/a&gt;
  &lt;a
    class=&#34;hextra-card group flex flex-col justify-start overflow-hidden rounded-lg border border-gray-200 text-current no-underline dark:shadow-none hover:shadow-gray-100 dark:hover:shadow-none shadow-gray-100 active:shadow-sm active:shadow-gray-200 transition-all duration-200 hover:border-gray-300 bg-transparent shadow-sm dark:border-neutral-800 hover:bg-slate-50 hover:shadow-md dark:hover:border-neutral-700 dark:hover:bg-neutral-900&#34;href=&#34;https://www.lyskjd.com/blog/faq/&#34; &gt;&lt;span class=&#34;flex font-semibold items-start gap-2 p-4 text-gray-700 hover:text-gray-900 dark:text-neutral-200 dark:hover:text-neutral-50&#34;&gt;&lt;svg xmlns=&#34;http://www.w3.org/2000/svg&#34; fill=&#34;none&#34; viewBox=&#34;0 0 24 24&#34; stroke-width=&#34;2&#34; stroke=&#34;currentColor&#34; aria-hidden=&#34;true&#34;&gt;&lt;path stroke-linecap=&#34;round&#34; stroke-linejoin=&#34;round&#34; d=&#34;M19 20H5a2 2 0 01-2-2V6a2 2 0 012-2h10a2 2 0 012 2v1m2 13a2 2 0 01-2-2V7m2 13a2 2 0 002-2V9a2 2 0 00-2-2h-2m-4-3H9M7 16h6M7 8h6v4H7V8z&#34;/&gt;&lt;/svg&gt;变频器常见问题解答&lt;/span&gt;&lt;/a&gt;

&lt;/div&gt;
      </description>
    </item>
    
    <item>
      <title>8.2 通讯数据地址定义</title>
      <link>https://www.lyskjd.com/docs/vfd/modbus-communication-protocol/communication-data-address-definition/</link>
      <pubDate>Mon, 01 Jan 0001 00:00:00 +0000</pubDate>
      
      <guid>https://www.lyskjd.com/docs/vfd/modbus-communication-protocol/communication-data-address-definition/</guid>
      <description>
        
        
        &lt;p&gt;通讯数据可分为功能码数据、非功能码数据，后者包括运行命令、运行状态、运行参数、告警信息等。&lt;/p&gt;
&lt;h3&gt;8.2.1 功能码数据&lt;span class=&#34;absolute -mt-20&#34; id=&#34;821-功能码数据&#34;&gt;&lt;/span&gt;
    &lt;a href=&#34;#821-%e5%8a%9f%e8%83%bd%e7%a0%81%e6%95%b0%e6%8d%ae&#34; class=&#34;subheading-anchor&#34; aria-label=&#34;Permalink for this section&#34;&gt;&lt;/a&gt;&lt;/h3&gt;&lt;p&gt;功能码数据为变频器的重要设置参数，有P组和A组功能参数，参数群组如下：&lt;/p&gt;
&lt;table&gt;
&lt;thead&gt;
&lt;tr&gt;
&lt;th style=&#34;text-align:center&#34;&gt;功能码数据&lt;/th&gt;
&lt;th style=&#34;text-align:left&#34;&gt;数据范围&lt;/th&gt;
&lt;th style=&#34;text-align:center&#34;&gt;属性值&lt;/th&gt;
&lt;/tr&gt;
&lt;/thead&gt;
&lt;tbody&gt;
&lt;tr&gt;
&lt;td style=&#34;text-align:center&#34;&gt;P组&lt;/td&gt;
&lt;td style=&#34;text-align:left&#34;&gt;P0、P1、P2、P3、P4、P5、P6、P7、P8、P9、PA、PB、PC、PD、PE、PF&lt;/td&gt;
&lt;td style=&#34;text-align:center&#34;&gt;可读写&lt;/td&gt;
&lt;/tr&gt;
&lt;tr&gt;
&lt;td style=&#34;text-align:center&#34;&gt;A组&lt;/td&gt;
&lt;td style=&#34;text-align:left&#34;&gt;A0、A1、A2、A3、A4、A5、A6、A7、A8、A9、 AA、AB、AC、AD、AE、AF&lt;/td&gt;
&lt;td style=&#34;text-align:center&#34;&gt;可读写&lt;/td&gt;
&lt;/tr&gt;
&lt;/tbody&gt;
&lt;/table&gt;
&lt;p&gt;功能码数据通讯地址定义如下：&lt;br&gt;
1、当为通讯&lt;strong&gt;读取功能码&lt;/strong&gt;数据时，对于P0～PF、A0～AF组功能码数据，其&lt;strong&gt;通讯地址高十六位直接为功能组编号，低十六位直接为功能码在功能组中序号&lt;/strong&gt;，举例如下：&lt;br&gt;
P0-16功能参数：其通讯地址为F010H，其中F0H代表P0组功能参数，10H代表功能组中序号16的十六进制数据格式。
AC-08功能参数：其通讯地址为AC08，其中ACH代表AC组功能参数，08H代表功能码在功能组中序号08的十六进制数据格式。&lt;/p&gt;
&lt;p&gt;2、当为通讯&lt;strong&gt;写入功能码&lt;/strong&gt;数据时，对于PO～PF组功能码数据，其通讯地址高十六位，根据是否写入EEPROM，区分为00～0F或F0～FF，低十六位直接为功能码在功能组中序号，举例如下：&lt;br&gt;
写功能在参数P0-16：&lt;br&gt;
需要写入EEPROM时，其通讯地址为F010H，&lt;br&gt;
不需要写入EEPROM时，其通讯地址为0010H。&lt;/p&gt;
&lt;p&gt;3、当为通讯&lt;strong&gt;写入EEPROM&lt;/strong&gt;数据时，，对于A0～AF组功能码数据，其通讯地址高十六位区分为10～4F或A0～AF，低十六位直接为功能码在功能组中序号，举例如下： &lt;br&gt;
写功能参数AC-08：
需要写入EEPROM时，其通讯地址为AC08H，&lt;br&gt;
不需要写入EEPROM时，其通讯地址为4C08H。&lt;/p&gt;
&lt;h3&gt;8.2.2 非功能码数据&lt;span class=&#34;absolute -mt-20&#34; id=&#34;822-非功能码数据&#34;&gt;&lt;/span&gt;
    &lt;a href=&#34;#822-%e9%9d%9e%e5%8a%9f%e8%83%bd%e7%a0%81%e6%95%b0%e6%8d%ae&#34; class=&#34;subheading-anchor&#34; aria-label=&#34;Permalink for this section&#34;&gt;&lt;/a&gt;&lt;/h3&gt;&lt;table&gt;
&lt;thead&gt;
&lt;tr&gt;
&lt;th style=&#34;text-align:center&#34;&gt;非功能码数据&lt;/th&gt;
&lt;th style=&#34;text-align:left&#34;&gt;数据范围&lt;/th&gt;
&lt;th style=&#34;text-align:center&#34;&gt;属性值&lt;/th&gt;
&lt;/tr&gt;
&lt;/thead&gt;
&lt;tbody&gt;
&lt;tr&gt;
&lt;td style=&#34;text-align:center&#34;&gt;状态数据&lt;/td&gt;
&lt;td style=&#34;text-align:left&#34;&gt;U组监视参数、变频器故障描述、变频器运行状态&lt;/td&gt;
&lt;td style=&#34;text-align:center&#34;&gt;可读&lt;/td&gt;
&lt;/tr&gt;
&lt;tr&gt;
&lt;td style=&#34;text-align:center&#34;&gt;控制参数&lt;/td&gt;
&lt;td style=&#34;text-align:left&#34;&gt;控制命令、通讯设定值、数字输出端子控制、模拟输出AO1控制、模拟输出 、AO2控制、高速脉冲（FMP）输出控制、参数初始化&lt;/td&gt;
&lt;td style=&#34;text-align:center&#34;&gt;可写&lt;/td&gt;
&lt;/tr&gt;
&lt;/tbody&gt;
&lt;/table&gt;
&lt;h3&gt;8.2.3 状态数据&lt;span class=&#34;absolute -mt-20&#34; id=&#34;823-状态数据&#34;&gt;&lt;/span&gt;
    &lt;a href=&#34;#823-%e7%8a%b6%e6%80%81%e6%95%b0%e6%8d%ae&#34; class=&#34;subheading-anchor&#34; aria-label=&#34;Permalink for this section&#34;&gt;&lt;/a&gt;&lt;/h3&gt;&lt;p&gt;状态数据分为U组监视参数、变频器故障描述、变频器运行状态。&lt;br&gt;
1、U组参数监视参数&lt;br&gt;
U组监视数据描述见说明书相关U0组功能描述，其地址定义如下：&lt;br&gt;
U0～UF，其通讯地址高十六位为70～7F，低十六位为监视参数在组中的序号，举例如下：   U0-11，其通讯地址为700BH。&lt;br&gt;
2、变频器故障描述&lt;br&gt;
通讯读取变频器故障时通讯地址固定为8000H，上位机通过读取该地址数据可以获取当前变频器故障代码，故障代码描述见&lt;a href=&#34;https://www.lyskjd.com/docs/functional-parameter-table/malfunction-and-protection/&#34; &gt;第五章P9-14功能码&lt;/a&gt; 中定义。&lt;br&gt;
3、变频器运行状态
通讯读取变频器运行状态时，通讯地址因定为3000H，上位机通过读取该地焉数据，可以获取当前变频器运行状态信息，定义如下：&lt;/p&gt;
&lt;table&gt;
&lt;thead&gt;
&lt;tr&gt;
&lt;th style=&#34;text-align:center&#34;&gt;变频器运行状态通讯地址&lt;/th&gt;
&lt;th style=&#34;text-align:left&#34;&gt;读取状态字定义&lt;/th&gt;
&lt;/tr&gt;
&lt;/thead&gt;
&lt;tbody&gt;
&lt;tr&gt;
&lt;td style=&#34;text-align:center&#34;&gt;3000H&lt;/td&gt;
&lt;td style=&#34;text-align:left&#34;&gt;1：正转运行&lt;/br&gt; 2：反转运行&lt;/br&gt; 3：停机&lt;/td&gt;
&lt;/tr&gt;
&lt;/tbody&gt;
&lt;/table&gt;
&lt;h3&gt;8.2.4 控制参数&lt;span class=&#34;absolute -mt-20&#34; id=&#34;824-控制参数&#34;&gt;&lt;/span&gt;
    &lt;a href=&#34;#824-%e6%8e%a7%e5%88%b6%e5%8f%82%e6%95%b0&#34; class=&#34;subheading-anchor&#34; aria-label=&#34;Permalink for this section&#34;&gt;&lt;/a&gt;&lt;/h3&gt;&lt;p&gt;控制参数分为控制命令、数字输出端子控制、模拟输出AO1控制、模拟输出AO2控制、高速脉冲（FMP）输出控制。&lt;/p&gt;
&lt;h3&gt;8.2.5 控制命令&lt;span class=&#34;absolute -mt-20&#34; id=&#34;825-控制命令&#34;&gt;&lt;/span&gt;
    &lt;a href=&#34;#825-%e6%8e%a7%e5%88%b6%e5%91%bd%e4%bb%a4&#34; class=&#34;subheading-anchor&#34; aria-label=&#34;Permalink for this section&#34;&gt;&lt;/a&gt;&lt;/h3&gt;&lt;p&gt;在P0-02（命令源）选择为2：通讯控制时，上位机通过该通讯地址，可以实现对变频器的启停等相关命令控制，控制命令定义如下：&lt;/p&gt;
&lt;table&gt;
&lt;thead&gt;
&lt;tr&gt;
&lt;th style=&#34;text-align:center&#34;&gt;控制命令通讯地址&lt;/th&gt;
&lt;th style=&#34;text-align:left&#34;&gt;命令功能&lt;/th&gt;
&lt;/tr&gt;
&lt;/thead&gt;
&lt;tbody&gt;
&lt;tr&gt;
&lt;td style=&#34;text-align:center&#34;&gt;2000H&lt;/td&gt;
&lt;td style=&#34;text-align:left&#34;&gt;1：正转运行 &lt;/br&gt;2：反转运行 &lt;/br&gt;3：正转点动 &lt;/br&gt;4：反转点动 &lt;/br&gt;5：自由停机 &lt;/br&gt;6：减速停机 &lt;/br&gt;7：故障复位&lt;/td&gt;
&lt;/tr&gt;
&lt;/tbody&gt;
&lt;/table&gt;
&lt;h3&gt;8.2.6 通讯设定值&lt;span class=&#34;absolute -mt-20&#34; id=&#34;826-通讯设定值&#34;&gt;&lt;/span&gt;
    &lt;a href=&#34;#826-%e9%80%9a%e8%ae%af%e8%ae%be%e5%ae%9a%e5%80%bc&#34; class=&#34;subheading-anchor&#34; aria-label=&#34;Permalink for this section&#34;&gt;&lt;/a&gt;&lt;/h3&gt;&lt;p&gt;通讯设定值主要用于中频率源、转矩上限源、VF分离电压源、PID给定源、PID反馈源等选择为通讯给定时的给定数据，其通讯地址为1000H，上位机设定该通讯地址值时，其数据范围为-10000～10000，对应相对给定值-100.00%-100.00%.&lt;/p&gt;
&lt;h3&gt;8.2.7 数字输出端子控制&lt;span class=&#34;absolute -mt-20&#34; id=&#34;827-数字输出端子控制&#34;&gt;&lt;/span&gt;
    &lt;a href=&#34;#827-%e6%95%b0%e5%ad%97%e8%be%93%e5%87%ba%e7%ab%af%e5%ad%90%e6%8e%a7%e5%88%b6&#34; class=&#34;subheading-anchor&#34; aria-label=&#34;Permalink for this section&#34;&gt;&lt;/a&gt;&lt;/h3&gt;&lt;p&gt;当数字输出端子功能选择为20：通讯控制时，上位机通过该通讯地址，可以实现对变频器数字输出端子的控制，定义如下：&lt;/p&gt;
&lt;table&gt;
&lt;thead&gt;
&lt;tr&gt;
&lt;th style=&#34;text-align:center&#34;&gt;数字输出端子控制通讯地址&lt;/th&gt;
&lt;th style=&#34;text-align:left&#34;&gt;命令内容&lt;/th&gt;
&lt;/tr&gt;
&lt;/thead&gt;
&lt;tbody&gt;
&lt;tr&gt;
&lt;td style=&#34;text-align:center&#34;&gt;2001H&lt;/td&gt;
&lt;td style=&#34;text-align:left&#34;&gt;BiT0：DO1输出控制 &lt;/br&gt;BiT1：DO2输出控制 &lt;/br&gt;BiT2：RELAY1输出控制 &lt;/br&gt;BiT3：RELAY2输出控制 &lt;/br&gt;BiT4：FMR输出控制&lt;/br&gt;BiT5：VDO1 &lt;/br&gt;BiT6：VDO2 &lt;/br&gt;BiT7：VDO3 &lt;/br&gt;BiT8：VDO4 &lt;/br&gt;BiT9：VDO5&lt;/td&gt;
&lt;/tr&gt;
&lt;/tbody&gt;
&lt;/table&gt;
&lt;h3&gt;8.2.8 模拟量输出AO1、AO2.高速脉冲输出FMP控制&lt;span class=&#34;absolute -mt-20&#34; id=&#34;828-模拟量输出ao1ao2高速脉冲输出fmp控制&#34;&gt;&lt;/span&gt;
    &lt;a href=&#34;#828-%e6%a8%a1%e6%8b%9f%e9%87%8f%e8%be%93%e5%87%baao1ao2%e9%ab%98%e9%80%9f%e8%84%89%e5%86%b2%e8%be%93%e5%87%bafmp%e6%8e%a7%e5%88%b6&#34; class=&#34;subheading-anchor&#34; aria-label=&#34;Permalink for this section&#34;&gt;&lt;/a&gt;&lt;/h3&gt;&lt;p&gt;当模拟量输出AO1、AO2，高速脉冲输出FMP输出功能选择为12：通讯设定时，上位机通过该通讯地址，可以实现对变频器模拟量、高速脉冲输出的控制，定义如下：&lt;/p&gt;
&lt;table&gt;
&lt;thead&gt;
&lt;tr&gt;
&lt;th style=&#34;text-align:center&#34;&gt;输出端子&lt;/th&gt;
&lt;th style=&#34;text-align:center&#34;&gt;输出控制通讯地址&lt;/th&gt;
&lt;th style=&#34;text-align:center&#34;&gt;命令内容&lt;/th&gt;
&lt;/tr&gt;
&lt;/thead&gt;
&lt;tbody&gt;
&lt;tr&gt;
&lt;td style=&#34;text-align:center&#34;&gt;AO1&lt;/td&gt;
&lt;td style=&#34;text-align:center&#34;&gt;2002H&lt;/td&gt;
&lt;td style=&#34;text-align:center&#34;&gt;0～7FFF表示0%～100%&lt;/td&gt;
&lt;/tr&gt;
&lt;tr&gt;
&lt;td style=&#34;text-align:center&#34;&gt;AO2&lt;/td&gt;
&lt;td style=&#34;text-align:center&#34;&gt;2003H&lt;/td&gt;
&lt;td style=&#34;text-align:center&#34;&gt;0～7FFF表示0%～100%&lt;/td&gt;
&lt;/tr&gt;
&lt;tr&gt;
&lt;td style=&#34;text-align:center&#34;&gt;FMP&lt;/td&gt;
&lt;td style=&#34;text-align:center&#34;&gt;2004H&lt;/td&gt;
&lt;td style=&#34;text-align:center&#34;&gt;0～7FFF表示0%～100%&lt;/td&gt;
&lt;/tr&gt;
&lt;/tbody&gt;
&lt;/table&gt;
&lt;h3&gt;8.2.9 参数初始化&lt;span class=&#34;absolute -mt-20&#34; id=&#34;829-参数初始化&#34;&gt;&lt;/span&gt;
    &lt;a href=&#34;#829-%e5%8f%82%e6%95%b0%e5%88%9d%e5%a7%8b%e5%8c%96&#34; class=&#34;subheading-anchor&#34; aria-label=&#34;Permalink for this section&#34;&gt;&lt;/a&gt;&lt;/h3&gt;&lt;p&gt;当需要通过上位机实现对变频器的参数初始化操作时，需要使用该功能。
如果PP-00（用户密码）不为0，则首先需要通过进行密码校验，校验通过后，在30秒后，上位机进行参数初始化操作。&lt;br&gt;
通讯进行用户密码校验的通讯地址为1F00H，直接将正确的用户密码写入该地址，则可以完成密码校验。&lt;br&gt;
通讯进行参数初始化的地址为1F01H，其数据内容定义如下：&lt;/p&gt;
&lt;table&gt;
&lt;thead&gt;
&lt;tr&gt;
&lt;th style=&#34;text-align:center&#34;&gt;参数初始化通讯地址&lt;/th&gt;
&lt;th style=&#34;text-align:left&#34;&gt;命令功能&lt;/th&gt;
&lt;/tr&gt;
&lt;/thead&gt;
&lt;tbody&gt;
&lt;tr&gt;
&lt;td style=&#34;text-align:center&#34;&gt;1F01H&lt;/td&gt;
&lt;td style=&#34;text-align:left&#34;&gt;1：恢复出厂参数 &lt;/br&gt;2：清楚记录信息 &lt;/br&gt;4：恢复用户备份参数 &lt;/br&gt;501：备份用户当前参数&lt;/td&gt;
&lt;/tr&gt;
&lt;/tbody&gt;
&lt;/table&gt;
&lt;p&gt;探索以下文档以便了解更多内容：&lt;/p&gt;
&lt;div class=&#34;hextra-cards mt-4 gap-4 grid not-prose&#34; style=&#34;--rows: 3;&#34;&gt;
  &lt;a
    class=&#34;hextra-card group flex flex-col justify-start overflow-hidden rounded-lg border border-gray-200 text-current no-underline dark:shadow-none hover:shadow-gray-100 dark:hover:shadow-none shadow-gray-100 active:shadow-sm active:shadow-gray-200 transition-all duration-200 hover:border-gray-300 bg-transparent shadow-sm dark:border-neutral-800 hover:bg-slate-50 hover:shadow-md dark:hover:border-neutral-700 dark:hover:bg-neutral-900&#34;href=&#34;https://www.lyskjd.com/docs/product-information/technical-specifications-table/&#34; &gt;&lt;span class=&#34;flex font-semibold items-start gap-2 p-4 text-gray-700 hover:text-gray-900 dark:text-neutral-200 dark:hover:text-neutral-50&#34;&gt;&lt;svg xmlns=&#34;http://www.w3.org/2000/svg&#34; fill=&#34;none&#34; viewBox=&#34;0 0 24 24&#34; stroke-width=&#34;2&#34; stroke=&#34;currentColor&#34; aria-hidden=&#34;true&#34;&gt;&lt;path stroke-linecap=&#34;round&#34; stroke-linejoin=&#34;round&#34; d=&#34;M8 7v8a2 2 0 002 2h6M8 7V5a2 2 0 012-2h4.586a1 1 0 01.707.293l4.414 4.414a1 1 0 01.293.707V15a2 2 0 01-2 2h-2M8 7H6a2 2 0 00-2 2v10a2 2 0 002 2h8a2 2 0 002-2v-2&#34;/&gt;&lt;/svg&gt;5.1 基本功能参数简表&lt;/span&gt;&lt;/a&gt;
 &lt;a
   class=&#34;hextra-card group flex flex-col justify-start overflow-hidden rounded-lg border border-gray-200 text-current no-underline dark:shadow-none hover:shadow-gray-100 dark:hover:shadow-none shadow-gray-100 active:shadow-sm active:shadow-gray-200 transition-all duration-200 hover:border-gray-300 bg-transparent shadow-sm dark:border-neutral-800 hover:bg-slate-50 hover:shadow-md dark:hover:border-neutral-700 dark:hover:bg-neutral-900&#34;href=&#34;https://item.taobao.com/item.htm?ft=t&amp;amp;id=771441899583&#34; target=&#34;_blank&#34; rel=&#34;noreferrer&#34;&gt;&lt;span class=&#34;flex font-semibold items-start gap-2 p-4 text-gray-700 hover:text-gray-900 dark:text-neutral-200 dark:hover:text-neutral-50&#34;&gt;&lt;svg xmlns=&#34;http://www.w3.org/2000/svg&#34; fill=&#34;none&#34; viewBox=&#34;0 0 24 24&#34; stroke-width=&#34;2&#34; stroke=&#34;currentColor&#34; aria-hidden=&#34;true&#34;&gt;&lt;path stroke-linecap=&#34;round&#34; stroke-linejoin=&#34;round&#34; d=&#34;M3 3h2l.4 2M7 13h10l4-8H5.4M7 13L5.4 5M7 13l-2.293 2.293c-.63.63-.184 1.707.707 1.707H17m0 0a2 2 0 100 4 2 2 0 000-4zm-8 2a2 2 0 11-4 0 2 2 0 014 0z&#34;/&gt;&lt;/svg&gt;立即购买&lt;/span&gt;&lt;/a&gt;
  &lt;a
    class=&#34;hextra-card group flex flex-col justify-start overflow-hidden rounded-lg border border-gray-200 text-current no-underline dark:shadow-none hover:shadow-gray-100 dark:hover:shadow-none shadow-gray-100 active:shadow-sm active:shadow-gray-200 transition-all duration-200 hover:border-gray-300 bg-transparent shadow-sm dark:border-neutral-800 hover:bg-slate-50 hover:shadow-md dark:hover:border-neutral-700 dark:hover:bg-neutral-900&#34;href=&#34;https://www.lyskjd.com/blog/faq/&#34; &gt;&lt;span class=&#34;flex font-semibold items-start gap-2 p-4 text-gray-700 hover:text-gray-900 dark:text-neutral-200 dark:hover:text-neutral-50&#34;&gt;&lt;svg xmlns=&#34;http://www.w3.org/2000/svg&#34; fill=&#34;none&#34; viewBox=&#34;0 0 24 24&#34; stroke-width=&#34;2&#34; stroke=&#34;currentColor&#34; aria-hidden=&#34;true&#34;&gt;&lt;path stroke-linecap=&#34;round&#34; stroke-linejoin=&#34;round&#34; d=&#34;M19 20H5a2 2 0 01-2-2V6a2 2 0 012-2h10a2 2 0 012 2v1m2 13a2 2 0 01-2-2V7m2 13a2 2 0 002-2V9a2 2 0 00-2-2h-2m-4-3H9M7 16h6M7 8h6v4H7V8z&#34;/&gt;&lt;/svg&gt;变频器常见问题解答&lt;/span&gt;&lt;/a&gt;

&lt;/div&gt;
      </description>
    </item>
    
  </channel>
</rss>
