<rss version="2.0" xmlns:atom="http://www.w3.org/2005/Atom">
  <channel>
    <title>Linyi Senkuo Electromechanical Co., Ltd. – Categories</title>
    <link>https://www.lyskjd.com/en/categories/</link>
    <description>Recent content in Categories on Linyi Senkuo Electromechanical Co., Ltd.</description>
    <generator>Hugo -- gohugo.io</generator>
    <language>en</language>
    <lastBuildDate>Thu, 21 Dec 2023 00:00:00 +0000</lastBuildDate>
    
	  <atom:link href="https://www.lyskjd.com/en/categories/index.xml" rel="self" type="application/rss+xml" />
    
    
      
        
      
    
    
  </channel>
</rss>
