<rss version="2.0" xmlns:atom="http://www.w3.org/2005/Atom">
  <channel>
    <title>Linyi Senkuo Electromechanical Co., Ltd. – High voltage components</title>
    <link>https://www.lyskjd.com/en/products/high-voltage-components/</link>
    <description>Recent content in High voltage components on Linyi Senkuo Electromechanical Co., Ltd.</description>
    <generator>Hugo -- gohugo.io</generator>
    <language>en</language>
    
	  <atom:link href="https://www.lyskjd.com/en/products/high-voltage-components/index.xml" rel="self" type="application/rss+xml" />
    
    
      
        
      
    
    
    <item>
      <title>AB 3S 12 permanent magnet vacuum circuit breaker</title>
      <link>https://www.lyskjd.com/en/products/high-voltage-components/ab-3s-12-permanent-magnet-vacuum-circuit-breaker/</link>
      <pubDate>Mon, 01 Jan 0001 00:00:00 +0000</pubDate>
      
      <guid>https://www.lyskjd.com/en/products/high-voltage-components/ab-3s-12-permanent-magnet-vacuum-circuit-breaker/</guid>
      <description>
        
        
        &lt;h3&gt;Product Overview&lt;span class=&#34;absolute -mt-20&#34; id=&#34;product-overview&#34;&gt;&lt;/span&gt;
    &lt;a href=&#34;#product-overview&#34; class=&#34;subheading-anchor&#34; aria-label=&#34;Permalink for this section&#34;&gt;&lt;/a&gt;&lt;/h3&gt;&lt;p&gt;&lt;img src=&#34;https://www.lyskjd.com/images/AB-3S-12/1.jpg&#34; alt=&#34;AB-3S-12-permanent-magnet-vacuum-circuit-breaker&#34; loading=&#34;lazy&#34; /&gt;
AB-3S-12 series outdoor high-voltage vacuum permanent magnet circuit breaker is a new generation of column-mounted vacuum circuit breaker newly developed by integrating advanced technology at home and abroad, adopting new design concepts, and using high-tech means. This product can be used as a switch on the 10kV side of the main transformer of a 35kV substation and a 10kV outgoing line switch, and can also be used as a pole-mounted switch in a distribution network. Combining with the controller produced by our company, it can conveniently realize control, protection, measurement, Communication is the first choice for realizing distribution network automation and miniaturization of substations.&lt;/p&gt;
&lt;h3&gt;Performance characteristics：&lt;span class=&#34;absolute -mt-20&#34; id=&#34;performance-characteristics&#34;&gt;&lt;/span&gt;
    &lt;a href=&#34;#performance-characteristics&#34; class=&#34;subheading-anchor&#34; aria-label=&#34;Permalink for this section&#34;&gt;&lt;/a&gt;&lt;/h3&gt;&lt;p&gt;&lt;img src=&#34;https://www.lyskjd.com/images/AB-3S-12/2.jpg&#34; alt=&#34;AB-3S-12-permanent-magnet-vacuum-circuit-breaker&#34; loading=&#34;lazy&#34; /&gt;
&lt;img src=&#34;https://www.lyskjd.com/images/AB-3S-12/3.jpg&#34; alt=&#34;AB-3S-12-permanent-magnet-vacuum-circuit-breaker&#34; loading=&#34;lazy&#34; /&gt;
&lt;img src=&#34;https://www.lyskjd.com/images/AB-3S-12/4.jpg&#34; alt=&#34;AB-3S-12-permanent-magnet-vacuum-circuit-breaker&#34; loading=&#34;lazy&#34; /&gt;
The magnetic actuation (permanent magnet) mechanism is adopted to greatly reduce the number of components and the closing power, which is stable and reliable, and does not require regular maintenance;&lt;/p&gt;
&lt;p&gt;Imported outdoor epoxy resin is used as the external insulation material, which is light in weight, has a service life of more than 15 years, has good weather resistance, is oil-free and SF6-free, and meets environmental protection requirements;&lt;/p&gt;
&lt;p&gt;The opening and closing action time is short, the fault can be cut off quickly, and the protection coordination is convenient and flexible;&lt;/p&gt;
&lt;p&gt;Use solar cells or CT as the power supply, and realize electric operation without external power supply;&lt;/p&gt;
&lt;p&gt;The special remote control can be selected to realize remote control operation, and the power supply and stop operation can be carried out without the need to go up the stick;&lt;/p&gt;
&lt;p&gt;The high-voltage isolating switch with integrated design is selected to make the structure compact and easy to install and maintain;&lt;/p&gt;
&lt;p&gt;Stainless steel box, maintenance-free;&lt;/p&gt;
&lt;h3&gt;External dimensions：&lt;span class=&#34;absolute -mt-20&#34; id=&#34;external-dimensions&#34;&gt;&lt;/span&gt;
    &lt;a href=&#34;#external-dimensions&#34; class=&#34;subheading-anchor&#34; aria-label=&#34;Permalink for this section&#34;&gt;&lt;/a&gt;&lt;/h3&gt;&lt;p&gt;&lt;img src=&#34;https://www.lyskjd.com/images/AB-3S-12/5.jpg&#34; alt=&#34;AB-3S-12-permanent-magnet-vacuum-circuit-breaker&#34; loading=&#34;lazy&#34; /&gt;&lt;/p&gt;
&lt;blockquote&gt;
&lt;p&gt;&lt;strong&gt;We welcome global agents, distributors, retailers, and other partners to join us and work together to develop mutually beneficial business relationships. Our products have already been well received by customers in many countries and regions, and we look forward to expanding our reach even further.&lt;/strong&gt;&lt;/p&gt;
&lt;/blockquote&gt;
&lt;p&gt;&lt;a href=&#34;https://www.lyskjd.com/contact/&#34; &gt;contact us&lt;/a&gt;: &lt;a href=&#34;mailto:sales@senkuogroup.com&#34; &gt;sales@senkuogroup.com&lt;/a&gt;&lt;/p&gt;

      </description>
    </item>
    
    <item>
      <title>FZW28 12F outdoor vacuum boundary switch</title>
      <link>https://www.lyskjd.com/en/products/high-voltage-components/fzw28-12f-outdoor-vacuum-boundary-switch/</link>
      <pubDate>Mon, 01 Jan 0001 00:00:00 +0000</pubDate>
      
      <guid>https://www.lyskjd.com/en/products/high-voltage-components/fzw28-12f-outdoor-vacuum-boundary-switch/</guid>
      <description>
        
        
        &lt;h3&gt;Product Overview&lt;span class=&#34;absolute -mt-20&#34; id=&#34;product-overview&#34;&gt;&lt;/span&gt;
    &lt;a href=&#34;#product-overview&#34; class=&#34;subheading-anchor&#34; aria-label=&#34;Permalink for this section&#34;&gt;&lt;/a&gt;&lt;/h3&gt;&lt;p&gt;&lt;img src=&#34;https://www.lyskjd.com/images/FZW28-12F/1.jpg&#34; alt=&#34;FZW28-12F-outdoor-vacuum-boundary-switch&#34; loading=&#34;lazy&#34; /&gt;
&lt;strong&gt;FZW28-12F outdoor boundary vacuum load switch&lt;/strong&gt; is used in the occasion of column installation, and has manual and electric operation functions. The switch body adopts VSP5-12 imported from Japan Toshiba Company, and this switch is a maintenance-free load switch. Vacuum arc extinguishing and SF6 gas are used as the ground and phase insulation medium. This product complies with: GB3804 &amp;ldquo;High Voltage AC Load Switch&amp;rdquo; and GBT11022 &amp;ldquo;Common Technical Requirements for High Voltage Switchgear and Control Equipment Standards&amp;rdquo;. This instruction describes the structure, function and assembly method of the vacuum load switch on the column. FZW28(A)-12F outdoor boundary vacuum load switch (VSP5-12 switch body and FDR-01 controller) has fault detection function, protection control function and communication function. It is installed on 10KV overhead line and can realize automatic cutting of single phase Ground faults and phase-to-phase short-circuit faults are automatically isolated. The installation point is suitable for the responsibility demarcation point of the user&amp;rsquo;s incoming line of 10KV distribution line, and it can also be applied for the branch line connection that meets the requirements.&lt;/p&gt;
&lt;h3&gt;Performance characteristics：&lt;span class=&#34;absolute -mt-20&#34; id=&#34;performance-characteristics&#34;&gt;&lt;/span&gt;
    &lt;a href=&#34;#performance-characteristics&#34; class=&#34;subheading-anchor&#34; aria-label=&#34;Permalink for this section&#34;&gt;&lt;/a&gt;&lt;/h3&gt;&lt;p&gt;&lt;img src=&#34;https://www.lyskjd.com/images/FZW28-12F/2.jpg&#34; alt=&#34;FZW28-12F-outdoor-vacuum-boundary-switch&#34; loading=&#34;lazy&#34; /&gt;
&lt;img src=&#34;https://www.lyskjd.com/images/FZW28-12F/3.jpg&#34; alt=&#34;FZW28-12F-outdoor-vacuum-boundary-switch&#34; loading=&#34;lazy&#34; /&gt;
&lt;img src=&#34;https://www.lyskjd.com/images/FZW28-12F/4.jpg&#34; alt=&#34;FZW28-12F-outdoor-vacuum-boundary-switch&#34; loading=&#34;lazy&#34; /&gt;
1.Reliable sealing performance:&lt;/p&gt;
&lt;p&gt;With mature sealing shell technology, the shell protection level reaches IP67, and the shell is processed by one-time mold stretching molding process, which is easy to seal the box, with high air tightness and high mechanical strength;&lt;/p&gt;
&lt;p&gt;2.maintenance-free:&lt;/p&gt;
&lt;p&gt;The main circuit of the load switch, the secondary components and the operating mechanism are all sealed in SF6 gas (zero gauge pressure), not affected by the external environment, with stable and reliable performance and maintenance-free;&lt;/p&gt;
&lt;p&gt;3.Excellent line performance:&lt;/p&gt;
&lt;p&gt;Porcelain sheathed cables or silicon rubber corner bushings are used to lead out, so that the phase distance can reach 280mm, and the external insulation performance is excellent;&lt;/p&gt;
&lt;p&gt;4.Safe to use:&lt;/p&gt;
&lt;p&gt;An explosion-proof device is installed on the top of the box, which can effectively prevent high-temperature gas or splashes from flying out when the switch fails;&lt;/p&gt;
&lt;p&gt;5.Flexible installation methods:&lt;/p&gt;
&lt;p&gt;It can be hoisted on the pole or installed by sitting on the pole;&lt;/p&gt;
&lt;p&gt;6.Unique features:&lt;/p&gt;
&lt;p&gt;It has unique functions such as automatic removal of single-phase ground faults, automatic isolation of short-circuit faults between phases, rapid location of fault points and monitoring of user loads, three-stage protection, reclosing, and remote communication;&lt;/p&gt;
&lt;h3&gt;External dimensions：&lt;span class=&#34;absolute -mt-20&#34; id=&#34;external-dimensions&#34;&gt;&lt;/span&gt;
    &lt;a href=&#34;#external-dimensions&#34; class=&#34;subheading-anchor&#34; aria-label=&#34;Permalink for this section&#34;&gt;&lt;/a&gt;&lt;/h3&gt;&lt;p&gt;&lt;img src=&#34;https://www.lyskjd.com/images/FZW28-12F/5.jpg&#34; alt=&#34;FZW28-12F-outdoor-vacuum-boundary-switch&#34; loading=&#34;lazy&#34; /&gt;&lt;/p&gt;
&lt;blockquote&gt;
&lt;p&gt;&lt;strong&gt;We welcome global agents, distributors, retailers, and other partners to join us and work together to develop mutually beneficial business relationships. Our products have already been well received by customers in many countries and regions, and we look forward to expanding our reach even further.&lt;/strong&gt;&lt;/p&gt;
&lt;/blockquote&gt;
&lt;p&gt;&lt;a href=&#34;https://www.lyskjd.com/contact/&#34; &gt;contact us&lt;/a&gt;: &lt;a href=&#34;mailto:sales@senkuogroup.com&#34; &gt;sales@senkuogroup.com&lt;/a&gt;&lt;/p&gt;

      </description>
    </item>
    
    <item>
      <title>VSP5 12 outdoor vacuum boundary switch</title>
      <link>https://www.lyskjd.com/en/products/high-voltage-components/vsp5-12-outdoor-vacuum-boundary-switch/</link>
      <pubDate>Mon, 01 Jan 0001 00:00:00 +0000</pubDate>
      
      <guid>https://www.lyskjd.com/en/products/high-voltage-components/vsp5-12-outdoor-vacuum-boundary-switch/</guid>
      <description>
        
        
        &lt;h3&gt;Product Overview&lt;span class=&#34;absolute -mt-20&#34; id=&#34;product-overview&#34;&gt;&lt;/span&gt;
    &lt;a href=&#34;#product-overview&#34; class=&#34;subheading-anchor&#34; aria-label=&#34;Permalink for this section&#34;&gt;&lt;/a&gt;&lt;/h3&gt;&lt;p&gt;&lt;img src=&#34;https://www.lyskjd.com/images/VSP5-12/3.jpg&#34; alt=&#34;VSP5-12-outdoor-vacuum-boundary-switch&#34; loading=&#34;lazy&#34; /&gt;
VSP5-12 series outdoor vacuum boundary switch is a combination circuit breaker with isolation, rated voltage 12KV, three-phase AC 50HZ high-voltage outdoor switchgear, the built-in voltage 12KV is converted to 220V operating voltage, mainly used for switching on and off rural power grids and urban power grids And load current, overload current, short circuit current of small power system. The overall structure of the product is a three-phase common box type. The three-phase vacuum interrupter is placed in a metal box, and the SMC insulation material is used for phase insulation and ground insulation.
&lt;img src=&#34;https://www.lyskjd.com/images/VSP5-12/4.jpg&#34; alt=&#34;VSP5-12-outdoor-vacuum-boundary-switch&#34; loading=&#34;lazy&#34; /&gt;
&lt;img src=&#34;https://www.lyskjd.com/images/VSP5-12/1.jpg&#34; alt=&#34;VSP5-12-outdoor-vacuum-boundary-switch&#34; loading=&#34;lazy&#34; /&gt;
&lt;img src=&#34;https://www.lyskjd.com/images/VSP5-12/2.jpg&#34; alt=&#34;VSP5-12-outdoor-vacuum-boundary-switch&#34; loading=&#34;lazy&#34; /&gt;&lt;/p&gt;
&lt;h3&gt;Performance characteristics：&lt;span class=&#34;absolute -mt-20&#34; id=&#34;performance-characteristics&#34;&gt;&lt;/span&gt;
    &lt;a href=&#34;#performance-characteristics&#34; class=&#34;subheading-anchor&#34; aria-label=&#34;Permalink for this section&#34;&gt;&lt;/a&gt;&lt;/h3&gt;&lt;ol&gt;
&lt;li&gt;Ideal equipment for urban and rural power grid reconstruction:&lt;/li&gt;
&lt;/ol&gt;
&lt;p&gt;The vacuum circuit breaker and the intelligent controller can form an automatic recloser to realize the function of the recloser, as well as remote control, remote measurement, remote signaling and remote adjustment;&lt;/p&gt;
&lt;ol start=&#34;2&#34;&gt;
&lt;li&gt;Flexible and convenient operation:&lt;/li&gt;
&lt;/ol&gt;
&lt;p&gt;This product is electric energy storage, electric separation and closing, at the same time has manual energy storage, manual separation and closing, and can be operated by remote control at close or long distances;&lt;/p&gt;
&lt;ol start=&#34;3&#34;&gt;
&lt;li&gt;Superior breaking performance:&lt;/li&gt;
&lt;/ol&gt;
&lt;p&gt;Break short-circuit current 20KA (25KA) up to 30 times;&lt;/p&gt;
&lt;ol start=&#34;4&#34;&gt;
&lt;li&gt;Low operating power and high reliability:&lt;/li&gt;
&lt;/ol&gt;
&lt;p&gt;The newly designed small electric spring mechanism reduces the number of parts and the operating power (about 30W) to the lowest level;&lt;/p&gt;
&lt;ol start=&#34;5&#34;&gt;
&lt;li&gt;With maintenance-free features:&lt;/li&gt;
&lt;/ol&gt;
&lt;p&gt;The main circuit of the circuit breaker, the secondary components and the operating mechanism are all sealed in SF6 gas (zero gauge pressure) and are not affected by the external environment;&lt;/p&gt;
&lt;ol start=&#34;6&#34;&gt;
&lt;li&gt;Reliable sealing performance:&lt;/li&gt;
&lt;/ol&gt;
&lt;p&gt;Using mature sealing structure technology, the sealing performance is reliable;&lt;/p&gt;
&lt;ol start=&#34;7&#34;&gt;
&lt;li&gt;Unique way of entering and exiting the line:&lt;/li&gt;
&lt;/ol&gt;
&lt;p&gt;The silicone rubber sleeve is used to make the insulation distance between the terminals sufficient, and the external insulation performance is excellent;&lt;/p&gt;
&lt;ol start=&#34;8&#34;&gt;
&lt;li&gt;Use safety:&lt;/li&gt;
&lt;/ol&gt;
&lt;p&gt;An explosion-proof device is installed on the top of the box, even if an unexpected internal failure occurs, no high-temperature gas or splash will leak out;&lt;/p&gt;
&lt;blockquote&gt;
&lt;p&gt;&lt;strong&gt;We welcome global agents, distributors, retailers, and other partners to join us and work together to develop mutually beneficial business relationships. Our products have already been well received by customers in many countries and regions, and we look forward to expanding our reach even further.&lt;/strong&gt;&lt;/p&gt;
&lt;/blockquote&gt;
&lt;p&gt;&lt;a href=&#34;https://www.lyskjd.com/contact/&#34; &gt;contact us&lt;/a&gt;: &lt;a href=&#34;mailto:sales@senkuogroup.com&#34; &gt;sales@senkuogroup.com&lt;/a&gt;&lt;/p&gt;

      </description>
    </item>
    
    <item>
      <title>ZW20 12F smart vacuum circuit breaker</title>
      <link>https://www.lyskjd.com/en/products/high-voltage-components/zw20-12f-smart-vacuum-circuit-breaker/</link>
      <pubDate>Mon, 01 Jan 0001 00:00:00 +0000</pubDate>
      
      <guid>https://www.lyskjd.com/en/products/high-voltage-components/zw20-12f-smart-vacuum-circuit-breaker/</guid>
      <description>
        
        
        &lt;h3&gt;Product Overview&lt;span class=&#34;absolute -mt-20&#34; id=&#34;product-overview&#34;&gt;&lt;/span&gt;
    &lt;a href=&#34;#product-overview&#34; class=&#34;subheading-anchor&#34; aria-label=&#34;Permalink for this section&#34;&gt;&lt;/a&gt;&lt;/h3&gt;&lt;p&gt;&lt;img src=&#34;https://www.lyskjd.com/images/zw20-12F/1.jpg&#34; alt=&#34;ZW20-12F-smart-vacuum-circuit-breaker&#34; loading=&#34;lazy&#34; /&gt;
ZW20-12F intelligent vacuum circuit breaker is an advanced product improved from ZW20-12 pole-mounted circuit breaker and FZW28F-12 outdoor boundary vacuum load switch. It has manual and electric operation functions. The switch body adopts Japan Toshiba&amp;rsquo;s VSP5-12 maintenance-free load switch, and the mature cold-rolled steel box-type sealing structure has good sealing performance, so that it is not affected by the external environment and is a maintenance-free product. The product uses vacuum arc extinguishing and SF6 gas as the insulating medium. The circuit breaker can be equipped with an intelligent controller, and the self-provided PT is used as the power supply to become an intelligent circuit breaker with voltage and current signal output and controllable. It is a good product for pole-mounted circuit breakers.&lt;/p&gt;
&lt;p&gt;Box optional: stainless steel and cold-rolled steel and other materials;&lt;/p&gt;
&lt;p&gt;Optional transformers: electronic current transformers and electronic voltage transformers;&lt;/p&gt;
&lt;h3&gt;Performance characteristics：&lt;span class=&#34;absolute -mt-20&#34; id=&#34;performance-characteristics&#34;&gt;&lt;/span&gt;
    &lt;a href=&#34;#performance-characteristics&#34; class=&#34;subheading-anchor&#34; aria-label=&#34;Permalink for this section&#34;&gt;&lt;/a&gt;&lt;/h3&gt;&lt;p&gt;&lt;img src=&#34;https://www.lyskjd.com/images/zw20-12F/2.jpg&#34; alt=&#34;ZW20-12F-smart-vacuum-circuit-breaker&#34; loading=&#34;lazy&#34; /&gt;
&lt;img src=&#34;https://www.lyskjd.com/images/zw20-12F/3.jpg&#34; alt=&#34;ZW20-12F-smart-vacuum-circuit-breaker&#34; loading=&#34;lazy&#34; /&gt;
&lt;img src=&#34;https://www.lyskjd.com/images/zw20-12F/4.jpg&#34; alt=&#34;ZW20-12F-smart-vacuum-circuit-breaker&#34; loading=&#34;lazy&#34; /&gt;&lt;/p&gt;
&lt;ol&gt;
&lt;li&gt;
&lt;p&gt;Matching with the smart grid: it can realize functions such as three-stage protection, zero-sequence grounding protection, reclosing and remote communication;&lt;/p&gt;
&lt;/li&gt;
&lt;li&gt;
&lt;p&gt;Flexible and convenient operation: electric energy storage, electric separation and closing, manual energy storage, manual separation and closing, and short-distance or long-distance operation;&lt;/p&gt;
&lt;/li&gt;
&lt;li&gt;
&lt;p&gt;Small operating power and high reliability: The newly designed miniaturized spring operating mechanism reduces the operating power (about 30W) to the lowest level;&lt;/p&gt;
&lt;/li&gt;
&lt;li&gt;
&lt;p&gt;Reliable sealing performance: SF6 gas pressure is zero gauge pressure, and adopts mature sealing structure technology, reliable sealing performance, not easy to leak;&lt;/p&gt;
&lt;/li&gt;
&lt;li&gt;
&lt;p&gt;Unique way of entering and exiting wires: Silicone rubber sleeves are used to make the insulation distance between terminals sufficient and the external insulation performance is excellent;&lt;/p&gt;
&lt;/li&gt;
&lt;li&gt;
&lt;p&gt;Excellent safety performance: an explosion-proof device is installed on the top of the box, even if an internal failure occurs, no high-temperature gas or splash will leak out;&lt;/p&gt;
&lt;/li&gt;
&lt;li&gt;
&lt;p&gt;Flexible installation method: it can be hoisted on the pole or installed by sitting;&lt;/p&gt;
&lt;/li&gt;
&lt;li&gt;
&lt;p&gt;Large rated current: up to 1250A, strong breaking capacity, up to 25kA;&lt;/p&gt;
&lt;/li&gt;
&lt;/ol&gt;
&lt;h3&gt;External dimensions：&lt;span class=&#34;absolute -mt-20&#34; id=&#34;external-dimensions&#34;&gt;&lt;/span&gt;
    &lt;a href=&#34;#external-dimensions&#34; class=&#34;subheading-anchor&#34; aria-label=&#34;Permalink for this section&#34;&gt;&lt;/a&gt;&lt;/h3&gt;&lt;p&gt;&lt;img src=&#34;https://www.lyskjd.com/images/zw20-12F/5.jpg&#34; alt=&#34;ZW20-12F-smart-vacuum-circuit-breaker&#34; loading=&#34;lazy&#34; /&gt;&lt;/p&gt;
&lt;blockquote&gt;
&lt;p&gt;&lt;strong&gt;We welcome global agents, distributors, retailers, and other partners to join us and work together to develop mutually beneficial business relationships. Our products have already been well received by customers in many countries and regions, and we look forward to expanding our reach even further.&lt;/strong&gt;&lt;/p&gt;
&lt;/blockquote&gt;
&lt;p&gt;&lt;a href=&#34;https://www.lyskjd.com/contact/&#34; &gt;contact us&lt;/a&gt;: &lt;a href=&#34;mailto:sales@senkuogroup.com&#34; &gt;sales@senkuogroup.com&lt;/a&gt;&lt;/p&gt;

      </description>
    </item>
    
    <item>
      <title>ZW20A 12 vacuum circuit breaker</title>
      <link>https://www.lyskjd.com/en/products/high-voltage-components/zw20a-12-vacuum-circuit-breaker/</link>
      <pubDate>Mon, 01 Jan 0001 00:00:00 +0000</pubDate>
      
      <guid>https://www.lyskjd.com/en/products/high-voltage-components/zw20a-12-vacuum-circuit-breaker/</guid>
      <description>
        
        
        &lt;h3&gt;Product Overview&lt;span class=&#34;absolute -mt-20&#34; id=&#34;product-overview&#34;&gt;&lt;/span&gt;
    &lt;a href=&#34;#product-overview&#34; class=&#34;subheading-anchor&#34; aria-label=&#34;Permalink for this section&#34;&gt;&lt;/a&gt;&lt;/h3&gt;&lt;p&gt;&lt;img src=&#34;https://www.lyskjd.com/images/ZW20A-12/1.jpg&#34; alt=&#34;ZW20A-12-vacuum-circuit-breaker&#34; loading=&#34;lazy&#34; /&gt;
ZW20A-12 outdoor high-voltage AC vacuum circuit breaker (hereinafter referred to as circuit breaker) is an outdoor power distribution equipment with a rated voltage of 12kV and three-phase AC 50Hz. It uses vacuum arc extinguishing and SF6 gas as the insulating medium, and is an improved product of ZW20-12 column-mounted vacuum circuit breaker. The box body adopts the gas sealing, explosion-proof and insulating structure technology imported from Japan Toshiba Company VSP5, and the sealing performance of the inlet and outlet conduits has also been improved. The overall sealing performance is excellent, and the SF6 gas filled inside does not leak and is not affected by the external environment. The spring operating mechanism has been miniaturized and optimized for reliability and stability. It adopts the direct chain active and multi-stage tripping system. The reliability and stability of the operation are several times higher than that of the traditional domestic spring operating mechanism: the axis of the main circuit The contact with the cover adopts the retractable and outwardly extended watch chain structure, the contact resistance of the main circuit is small, and the temperature rise is low. Therefore, the ZW20A-12 outdoor pole-mounted vacuum circuit breaker is a maintenance-free product and the best among pole-mounted circuit breakers.&lt;/p&gt;
&lt;h3&gt;Performance characteristics：&lt;span class=&#34;absolute -mt-20&#34; id=&#34;performance-characteristics&#34;&gt;&lt;/span&gt;
    &lt;a href=&#34;#performance-characteristics&#34; class=&#34;subheading-anchor&#34; aria-label=&#34;Permalink for this section&#34;&gt;&lt;/a&gt;&lt;/h3&gt;&lt;p&gt;&lt;img src=&#34;https://www.lyskjd.com/images/ZW20A-12/2.jpg&#34; alt=&#34;ZW20A-12-vacuum-circuit-breaker&#34; loading=&#34;lazy&#34; /&gt;
&lt;img src=&#34;https://www.lyskjd.com/images/ZW20A-12/3.jpg&#34; alt=&#34;ZW20A-12-vacuum-circuit-breaker&#34; loading=&#34;lazy&#34; /&gt;
&lt;img src=&#34;https://www.lyskjd.com/images/ZW20A-12/4.jpg&#34; alt=&#34;ZW20A-12-vacuum-circuit-breaker&#34; loading=&#34;lazy&#34; /&gt;
Compared with ZW20-12, ZW20A-12 also adds overcurrent protection, mechanism spring energy storage indication, and is equipped with aviation socket for secondary electrical connection, which is convenient for combination with intelligent controller. Excellent electrical and mechanical properties make the ZW20A-12 outdoor pole-mounted vacuum circuit breaker widely used. It is mainly used to break and close the load current and short-circuit current of 10kV power system. It is suitable for protection and control in power distribution systems of substations and industrial and mining enterprises, and is more suitable for places where the power grid is frequently operated. This product is matched with the controller, has a good reclosing function, and can meet the requirements of the power distribution automatic system.&lt;/p&gt;
&lt;p&gt;This product mainly complies with the following standards:&lt;/p&gt;
&lt;p&gt;GB1984 High Voltage AC Circuit Breaker&lt;/p&gt;
&lt;p&gt;GB/T11022 Common technical requirements for high-voltage switchgear and control equipment standards&lt;/p&gt;
&lt;h3&gt;External dimensions：&lt;span class=&#34;absolute -mt-20&#34; id=&#34;external-dimensions&#34;&gt;&lt;/span&gt;
    &lt;a href=&#34;#external-dimensions&#34; class=&#34;subheading-anchor&#34; aria-label=&#34;Permalink for this section&#34;&gt;&lt;/a&gt;&lt;/h3&gt;&lt;p&gt;&lt;img src=&#34;https://www.lyskjd.com/images/ZW20A-12/5.jpg&#34; alt=&#34;ZW20A-12-vacuum-circuit-breaker&#34; loading=&#34;lazy&#34; /&gt;&lt;/p&gt;
&lt;blockquote&gt;
&lt;p&gt;&lt;strong&gt;We welcome global agents, distributors, retailers, and other partners to join us and work together to develop mutually beneficial business relationships. Our products have already been well received by customers in many countries and regions, and we look forward to expanding our reach even further.&lt;/strong&gt;&lt;/p&gt;
&lt;/blockquote&gt;
&lt;p&gt;&lt;a href=&#34;https://www.lyskjd.com/contact/&#34; &gt;contact us&lt;/a&gt;: &lt;a href=&#34;mailto:sales@senkuogroup.com&#34; &gt;sales@senkuogroup.com&lt;/a&gt;&lt;/p&gt;

      </description>
    </item>
    
    <item>
      <title>ZW32 12F High Voltage Intelligent Vacuum Circuit Breaker</title>
      <link>https://www.lyskjd.com/en/products/high-voltage-components/zw32-12f-high-voltage-intelligent-vacuum-circuit-breaker/</link>
      <pubDate>Mon, 01 Jan 0001 00:00:00 +0000</pubDate>
      
      <guid>https://www.lyskjd.com/en/products/high-voltage-components/zw32-12f-high-voltage-intelligent-vacuum-circuit-breaker/</guid>
      <description>
        
        
        &lt;h3&gt;Product Overview&lt;span class=&#34;absolute -mt-20&#34; id=&#34;product-overview&#34;&gt;&lt;/span&gt;
    &lt;a href=&#34;#product-overview&#34; class=&#34;subheading-anchor&#34; aria-label=&#34;Permalink for this section&#34;&gt;&lt;/a&gt;&lt;/h3&gt;&lt;p&gt;&lt;img src=&#34;https://www.lyskjd.com/images/zw32-12f/1.jpg&#34; alt=&#34;ZW32-12F-High-Voltage-Intelligent-Vacuum-Circuit-Breaker&#34; loading=&#34;lazy&#34; /&gt;
ZW32F-12F outdoor high-voltage AC intelligent vacuum circuit breaker is a user boundary switch independently developed by our company. It is mainly composed of ZW32-12 type outdoor vacuum circuit breaker body, FDR fault detection controller and external voltage transformer. The three parts are electrically connected through aviation sockets and outdoor sealed control cables. With fault detection function, protection control function and communication function, it can reliably judge and detect milliampere-level zero-sequence current inside and outside the boundary, and phase-to-phase short-circuit fault current, and realize automatic removal of single-phase ground fault and phase-to-phase short-circuit fault. FTU fault detection controller (commonly known as watchdog) can be equipped with bell jar type and square box type, which can realize the modernization of power grid: remote control, telemetry, remote adjustment, remote signaling, remote viewing and other functional features.&lt;/p&gt;
&lt;h3&gt;Performance characteristics：&lt;span class=&#34;absolute -mt-20&#34; id=&#34;performance-characteristics&#34;&gt;&lt;/span&gt;
    &lt;a href=&#34;#performance-characteristics&#34; class=&#34;subheading-anchor&#34; aria-label=&#34;Permalink for this section&#34;&gt;&lt;/a&gt;&lt;/h3&gt;&lt;p&gt;&lt;img src=&#34;https://www.lyskjd.com/images/zw32-12f/2.jpg&#34; alt=&#34;ZW32-12F-High-Voltage-Intelligent-Vacuum-Circuit-Breaker&#34; loading=&#34;lazy&#34; /&gt;
&lt;img src=&#34;https://www.lyskjd.com/images/zw32-12f/3.jpg&#34; alt=&#34;ZW32-12F-High-Voltage-Intelligent-Vacuum-Circuit-Breaker&#34; loading=&#34;lazy&#34; /&gt;
&lt;img src=&#34;https://www.lyskjd.com/images/zw32-12f/4.jpg&#34; alt=&#34;ZW32-12F-High-Voltage-Intelligent-Vacuum-Circuit-Breaker&#34; loading=&#34;lazy&#34; /&gt;
ZW32-12F outdoor high-voltage AC vacuum circuit breaker (hereinafter referred to as circuit breaker) is an outdoor power distribution equipment with a rated voltage of 12kV and three-phase AC 50Hz. It is mainly used for breaking and closing the load current, overload current and short-circuit current in the power system. It is suitable for protection and control in power distribution systems of substations and industrial and mining enterprises, and places where rural power grids are frequently operated.
&lt;img src=&#34;https://www.lyskjd.com/images/zw32-12f/5.jpg&#34; alt=&#34;ZW32-12F-High-Voltage-Intelligent-Vacuum-Circuit-Breaker&#34; loading=&#34;lazy&#34; /&gt;&lt;/p&gt;
&lt;h3&gt;External dimensions：&lt;span class=&#34;absolute -mt-20&#34; id=&#34;external-dimensions&#34;&gt;&lt;/span&gt;
    &lt;a href=&#34;#external-dimensions&#34; class=&#34;subheading-anchor&#34; aria-label=&#34;Permalink for this section&#34;&gt;&lt;/a&gt;&lt;/h3&gt;&lt;p&gt;&lt;img src=&#34;https://www.lyskjd.com/images/zw32-12f/6.jpg&#34; alt=&#34;ZW32-12F-High-Voltage-Intelligent-Vacuum-Circuit-Breaker&#34; loading=&#34;lazy&#34; /&gt;&lt;/p&gt;
&lt;blockquote&gt;
&lt;p&gt;&lt;strong&gt;We welcome global agents, distributors, retailers, and other partners to join us and work together to develop mutually beneficial business relationships. Our products have already been well received by customers in many countries and regions, and we look forward to expanding our reach even further.&lt;/strong&gt;&lt;/p&gt;
&lt;/blockquote&gt;
&lt;p&gt;&lt;a href=&#34;https://www.lyskjd.com/contact/&#34; &gt;contact us&lt;/a&gt;: &lt;a href=&#34;mailto:sales@senkuogroup.com&#34; &gt;sales@senkuogroup.com&lt;/a&gt;&lt;/p&gt;

      </description>
    </item>
    
    <item>
      <title>ZW32 12G outdoor high voltage vacuum circuit breaker</title>
      <link>https://www.lyskjd.com/en/products/high-voltage-components/zw32-12g-outdoor-high-voltage-vacuum-circuit-breaker/</link>
      <pubDate>Mon, 01 Jan 0001 00:00:00 +0000</pubDate>
      
      <guid>https://www.lyskjd.com/en/products/high-voltage-components/zw32-12g-outdoor-high-voltage-vacuum-circuit-breaker/</guid>
      <description>
        
        
        &lt;h3&gt;Product Overview&lt;span class=&#34;absolute -mt-20&#34; id=&#34;product-overview&#34;&gt;&lt;/span&gt;
    &lt;a href=&#34;#product-overview&#34; class=&#34;subheading-anchor&#34; aria-label=&#34;Permalink for this section&#34;&gt;&lt;/a&gt;&lt;/h3&gt;&lt;p&gt;&lt;img src=&#34;https://www.lyskjd.com/images/ZW32-12G/1.jpg&#34; alt=&#34;ZW32-12G-outdoor-high-voltage-vacuum-circuit-breaker&#34; loading=&#34;lazy&#34; /&gt;
ZW32-12(G)/T series outdoor high-voltage AC intelligent vacuum circuit breaker (hereinafter referred to as &amp;ldquo;intelligent circuit breaker&amp;rdquo;) is an outdoor high-voltage power distribution switchgear with a rated voltage of 12kV and three-phase AC 50Hz, mainly used for breaking, It can close the load current, overload current and short-circuit current in the power system. It is suitable for protection and control in the power distribution system of substations and industrial and mining enterprises, and can also be used in places that require frequent operations such as rural power grids.&lt;/p&gt;
&lt;p&gt;Smart circuit breakers comply with:&lt;/p&gt;
&lt;p&gt;GB 1984—2014 &amp;ldquo;High Voltage AC Circuit Breakers&amp;rdquo;&lt;/p&gt;
&lt;p&gt;DL/T 402—2007 &amp;ldquo;Technical Conditions for Ordering High Voltage AC Circuit Breakers&amp;rdquo;&lt;/p&gt;
&lt;p&gt;DL/T 403—2000 &amp;ldquo;12kV～40.5kV High Voltage Vacuum Circuit Breaker Ordering Specifications&amp;rdquo;&lt;/p&gt;
&lt;p&gt;DL/T 721-2013 &amp;ldquo;Distribution Automation System Remote Terminal&amp;rdquo; and other technical standards.&lt;/p&gt;
&lt;h3&gt;Performance characteristics：&lt;span class=&#34;absolute -mt-20&#34; id=&#34;performance-characteristics&#34;&gt;&lt;/span&gt;
    &lt;a href=&#34;#performance-characteristics&#34; class=&#34;subheading-anchor&#34; aria-label=&#34;Permalink for this section&#34;&gt;&lt;/a&gt;&lt;/h3&gt;&lt;p&gt;&lt;img src=&#34;https://www.lyskjd.com/images/ZW32-12G/2.jpg&#34; alt=&#34;ZW32-12G-outdoor-high-voltage-vacuum-circuit-breaker&#34; loading=&#34;lazy&#34; /&gt;
&lt;img src=&#34;https://www.lyskjd.com/images/ZW32-12G/3.jpg&#34; alt=&#34;ZW32-12G-outdoor-high-voltage-vacuum-circuit-breaker&#34; loading=&#34;lazy&#34; /&gt;
&lt;img src=&#34;https://www.lyskjd.com/images/ZW32-12G/4.jpg&#34; alt=&#34;ZW32-12G-outdoor-high-voltage-vacuum-circuit-breaker&#34; loading=&#34;lazy&#34; /&gt;
The overall structure is a three-phase pillar type, and the casing has good sealing performance;&lt;/p&gt;
&lt;p&gt;The shell (cabinet) is made of SUS304 non-magnetic stainless steel material, which is precision welded and brightened (polished) by imported argon arc welding machine. It has a beautiful appearance and never rusts;&lt;/p&gt;
&lt;p&gt;The vacuum interrupter is connected with the operating mechanism through the insulating rod, and the performance is stable and reliable;&lt;/p&gt;
&lt;p&gt;Vacuum interrupter, main conductive circuit, insulating support and other components are cast into an organic whole with epoxy resin through APG process, and encapsulated with silicone rubber, which has good anti-condensation performance and mechanical strength;&lt;/p&gt;
&lt;p&gt;It adopts a high-performance miniaturized spring operating mechanism, which has a simple structure and a long mechanical life. It also has the functions of electric and manual energy storage and opening and closing operations;&lt;/p&gt;
&lt;p&gt;Novel structure, small size, light weight, easy to install;&lt;/p&gt;
&lt;p&gt;It can realize functions such as three-stage protection, zero-sequence grounding protection, reclosing and remote communication;
&lt;img src=&#34;https://www.lyskjd.com/images/ZW32-12G/5.jpg&#34; alt=&#34;ZW32-12G-outdoor-high-voltage-vacuum-circuit-breaker&#34; loading=&#34;lazy&#34; /&gt;&lt;/p&gt;
&lt;h3&gt;External dimensions：&lt;span class=&#34;absolute -mt-20&#34; id=&#34;external-dimensions&#34;&gt;&lt;/span&gt;
    &lt;a href=&#34;#external-dimensions&#34; class=&#34;subheading-anchor&#34; aria-label=&#34;Permalink for this section&#34;&gt;&lt;/a&gt;&lt;/h3&gt;&lt;p&gt;&lt;img src=&#34;https://www.lyskjd.com/images/ZW32-12G/6.jpg&#34; alt=&#34;ZW32-12G-outdoor-high-voltage-vacuum-circuit-breaker&#34; loading=&#34;lazy&#34; /&gt;&lt;/p&gt;
&lt;blockquote&gt;
&lt;p&gt;&lt;strong&gt;We welcome global agents, distributors, retailers, and other partners to join us and work together to develop mutually beneficial business relationships. Our products have already been well received by customers in many countries and regions, and we look forward to expanding our reach even further.&lt;/strong&gt;&lt;/p&gt;
&lt;/blockquote&gt;
&lt;p&gt;&lt;a href=&#34;https://www.lyskjd.com/contact/&#34; &gt;contact us&lt;/a&gt;: &lt;a href=&#34;mailto:sales@senkuogroup.com&#34; &gt;sales@senkuogroup.com&lt;/a&gt;&lt;/p&gt;

      </description>
    </item>
    
    <item>
      <title>ZW32 24 outdoor high voltage vacuum circuit breaker</title>
      <link>https://www.lyskjd.com/en/products/high-voltage-components/zw32-24-outdoor-high-voltage-vacuum-circuit-breaker/</link>
      <pubDate>Mon, 01 Jan 0001 00:00:00 +0000</pubDate>
      
      <guid>https://www.lyskjd.com/en/products/high-voltage-components/zw32-24-outdoor-high-voltage-vacuum-circuit-breaker/</guid>
      <description>
        
        
        &lt;h3&gt;Product Overview&lt;span class=&#34;absolute -mt-20&#34; id=&#34;product-overview&#34;&gt;&lt;/span&gt;
    &lt;a href=&#34;#product-overview&#34; class=&#34;subheading-anchor&#34; aria-label=&#34;Permalink for this section&#34;&gt;&lt;/a&gt;&lt;/h3&gt;&lt;p&gt;&lt;img src=&#34;https://www.lyskjd.com/images/ZW32-24/1.jpg&#34; alt=&#34;ZW32-24-outdoor-high-voltage-vacuum-circuit-breaker&#34; loading=&#34;lazy&#34; /&gt;
ZW32-24/630-25 outdoor high-voltage AC vacuum circuit breaker is an outdoor power distribution equipment with a rated voltage of 24kV and three-phase AC 50Hz. It is a switchgear developed by our company according to the long-term planning of my country&amp;rsquo;s power system and relevant standards. It has the ability to break and close the load current, overload current and short-circuit current in the line. It is suitable for protection and control equipment in power distribution systems of substations and industrial and mining enterprises, and also suitable for rural power grids and places with frequent operations.&lt;/p&gt;
&lt;h3&gt;Performance characteristics：&lt;span class=&#34;absolute -mt-20&#34; id=&#34;performance-characteristics&#34;&gt;&lt;/span&gt;
    &lt;a href=&#34;#performance-characteristics&#34; class=&#34;subheading-anchor&#34; aria-label=&#34;Permalink for this section&#34;&gt;&lt;/a&gt;&lt;/h3&gt;&lt;p&gt;&lt;img src=&#34;https://www.lyskjd.com/images/ZW32-24/2.jpg&#34; alt=&#34;ZW32-24-outdoor-high-voltage-vacuum-circuit-breaker&#34; loading=&#34;lazy&#34; /&gt;
&lt;img src=&#34;https://www.lyskjd.com/images/ZW32-24/3.jpg&#34; alt=&#34;ZW32-24-outdoor-high-voltage-vacuum-circuit-breaker&#34; loading=&#34;lazy&#34; /&gt;&lt;/p&gt;
&lt;p&gt;It adopts three-phase pillar structure, which has stable breaking performance, no danger of combustion and explosion, and the product also has the characteristics of temperature resistance, cold resistance, ultraviolet resistance and aging resistance.&lt;/p&gt;
&lt;p&gt;Configuration function: It can be equipped with automatic terminal interface and intelligent FTU and other devices, which can meet the basic functions of power grid automatic operation.&lt;/p&gt;
&lt;blockquote&gt;
&lt;p&gt;&lt;strong&gt;We welcome global agents, distributors, retailers, and other partners to join us and work together to develop mutually beneficial business relationships. Our products have already been well received by customers in many countries and regions, and we look forward to expanding our reach even further.&lt;/strong&gt;&lt;/p&gt;
&lt;/blockquote&gt;
&lt;p&gt;&lt;a href=&#34;https://www.lyskjd.com/contact/&#34; &gt;contact us&lt;/a&gt;: &lt;a href=&#34;mailto:sales@senkuogroup.com&#34; &gt;sales@senkuogroup.com&lt;/a&gt;&lt;/p&gt;

      </description>
    </item>
    
    <item>
      <title>ZW32 40.5 outdoor high voltage vacuum circuit breaker</title>
      <link>https://www.lyskjd.com/en/products/high-voltage-components/zw32-40.5-outdoor-high-voltage-vacuum-circuit-breaker/</link>
      <pubDate>Mon, 01 Jan 0001 00:00:00 +0000</pubDate>
      
      <guid>https://www.lyskjd.com/en/products/high-voltage-components/zw32-40.5-outdoor-high-voltage-vacuum-circuit-breaker/</guid>
      <description>
        
        
        &lt;h3&gt;Product Overview&lt;span class=&#34;absolute -mt-20&#34; id=&#34;product-overview&#34;&gt;&lt;/span&gt;
    &lt;a href=&#34;#product-overview&#34; class=&#34;subheading-anchor&#34; aria-label=&#34;Permalink for this section&#34;&gt;&lt;/a&gt;&lt;/h3&gt;&lt;p&gt;&lt;img src=&#34;https://www.lyskjd.com/images/ZW32-40.5/1.jpg&#34; alt=&#34;ZW32-40.5-outdoor-high-voltage-vacuum-circuit-breaker&#34; loading=&#34;lazy&#34; /&gt;
ZW32-40.5 outdoor high-voltage vacuum circuit breaker adopts mature box-type sealing structure. It has good sealing performance, so that it is not affected by the external environment, and it is a maintenance-free product. Its spring operating mechanism adopts direct-action chain main drive and multi-stage tripping system, which has high operation reliability and is a good product for pole-mounted circuit breakers.&lt;/p&gt;
&lt;h3&gt;Performance characteristics：&lt;span class=&#34;absolute -mt-20&#34; id=&#34;performance-characteristics&#34;&gt;&lt;/span&gt;
    &lt;a href=&#34;#performance-characteristics&#34; class=&#34;subheading-anchor&#34; aria-label=&#34;Permalink for this section&#34;&gt;&lt;/a&gt;&lt;/h3&gt;&lt;p&gt;&lt;img src=&#34;https://www.lyskjd.com/images/ZW32-40.5/2.jpg&#34; alt=&#34;ZW32-40.5-outdoor-high-voltage-vacuum-circuit-breaker&#34; loading=&#34;lazy&#34; /&gt;
&lt;img src=&#34;https://www.lyskjd.com/images/ZW32-40.5/3.jpg&#34; alt=&#34;ZW32-40.5-outdoor-high-voltage-vacuum-circuit-breaker&#34; loading=&#34;lazy&#34; /&gt;&lt;/p&gt;
&lt;p&gt;High reliability;&lt;/p&gt;
&lt;p&gt;Completely maintenance-free throughout its lifetime;&lt;/p&gt;
&lt;p&gt;Has high mechanical life and electrical life;&lt;/p&gt;
&lt;p&gt;The whole machine is small in size, light in weight and easy to install;&lt;/p&gt;
&lt;h3&gt;External dimensions：&lt;span class=&#34;absolute -mt-20&#34; id=&#34;external-dimensions&#34;&gt;&lt;/span&gt;
    &lt;a href=&#34;#external-dimensions&#34; class=&#34;subheading-anchor&#34; aria-label=&#34;Permalink for this section&#34;&gt;&lt;/a&gt;&lt;/h3&gt;&lt;p&gt;&lt;img src=&#34;https://www.lyskjd.com/images/ZW32-40.5/4.jpg&#34; alt=&#34;ZW32-40.5-outdoor-high-voltage-vacuum-circuit-breaker&#34; loading=&#34;lazy&#34; /&gt;&lt;/p&gt;
&lt;blockquote&gt;
&lt;p&gt;&lt;strong&gt;We welcome global agents, distributors, retailers, and other partners to join us and work together to develop mutually beneficial business relationships. Our products have already been well received by customers in many countries and regions, and we look forward to expanding our reach even further.&lt;/strong&gt;&lt;/p&gt;
&lt;/blockquote&gt;
&lt;p&gt;&lt;a href=&#34;https://www.lyskjd.com/contact/&#34; &gt;contact us&lt;/a&gt;: &lt;a href=&#34;mailto:sales@senkuogroup.com&#34; &gt;sales@senkuogroup.com&lt;/a&gt;&lt;/p&gt;

      </description>
    </item>
    
    <item>
      <title>ZW43 12F High Voltage Intelligent Vacuum Circuit Breaker</title>
      <link>https://www.lyskjd.com/en/products/high-voltage-components/zw43-12f-high-voltage-intelligent-vacuum-circuit-breaker-zw43-12/</link>
      <pubDate>Mon, 01 Jan 0001 00:00:00 +0000</pubDate>
      
      <guid>https://www.lyskjd.com/en/products/high-voltage-components/zw43-12f-high-voltage-intelligent-vacuum-circuit-breaker-zw43-12/</guid>
      <description>
        
        
        &lt;h3&gt;Product Overview&lt;span class=&#34;absolute -mt-20&#34; id=&#34;product-overview&#34;&gt;&lt;/span&gt;
    &lt;a href=&#34;#product-overview&#34; class=&#34;subheading-anchor&#34; aria-label=&#34;Permalink for this section&#34;&gt;&lt;/a&gt;&lt;/h3&gt;&lt;p&gt;&lt;img src=&#34;https://www.lyskjd.com/images/ZW43-12/1.jpg&#34; alt=&#34;ZW43-12F-High-Voltage-Intelligent-Vacuum-Circuit-Breaker&#34; loading=&#34;lazy&#34; /&gt;
ZW43-12 series outdoor high-voltage AC intelligent vacuum circuit breaker (hereinafter referred to as &amp;ldquo;intelligent circuit breaker&amp;rdquo;) is an outdoor power distribution switchgear with a rated voltage of 12kV and three-phase AC 50Hz. It is mainly composed of the ZW43-12 outdoor high-voltage AC vacuum circuit breaker body , DK series distribution automation feeder terminals, external voltage transformers and control cables, etc., and can be equipped with lightning arresters, single-side isolating switches or double-side isolating switches according to user needs.&lt;/p&gt;
&lt;p&gt;ZW43-12 outdoor high-voltage AC vacuum recloser has overload and short-circuit protection, quick-break protection, definite time delay protection and automatic recloser function, which can effectively ensure the good operation of the line.&lt;/p&gt;
&lt;blockquote&gt;
&lt;p&gt;ZW43-12 outdoor high-voltage AC demarcation vacuum circuit breaker has remote management mode, protection control function and communication function, and can reliably judge and detect the boundary. It is used for control and protection in substations, industrial and mining enterprises, urban and rural power grids, especially suitable for In places and cities where frequent operations are required, milliampere-level zero-sequence current and phase-to-phase fault short-circuit current can be used to automatically cut off single-phase ground faults and phase-to-phase short-circuit faults.&lt;/p&gt;
&lt;/blockquote&gt;
&lt;p&gt;&lt;img src=&#34;https://www.lyskjd.com/images/ZW43-12/2.jpg&#34; alt=&#34;ZW43-12F-High-Voltage-Intelligent-Vacuum-Circuit-Breaker&#34; loading=&#34;lazy&#34; /&gt;
Smart circuit breakers comply with:&lt;/p&gt;
&lt;p&gt;GB 1984—2014 &amp;ldquo;High Voltage AC Circuit Breakers&amp;rdquo;&lt;/p&gt;
&lt;p&gt;DL/T 402—2007 &amp;ldquo;Technical Conditions for Ordering High Voltage AC Circuit Breakers&amp;rdquo;&lt;/p&gt;
&lt;p&gt;DL/T 403—2000 &amp;ldquo;12kV～40.5kV High Voltage Vacuum Circuit Breaker Ordering Specifications&amp;rdquo;&lt;/p&gt;
&lt;p&gt;DL/T 721—2013 &amp;ldquo;Distribution Automation System Remote Terminal&amp;rdquo; and other technical standards&lt;/p&gt;
&lt;h3&gt;Performance characteristics：&lt;span class=&#34;absolute -mt-20&#34; id=&#34;performance-characteristics&#34;&gt;&lt;/span&gt;
    &lt;a href=&#34;#performance-characteristics&#34; class=&#34;subheading-anchor&#34; aria-label=&#34;Permalink for this section&#34;&gt;&lt;/a&gt;&lt;/h3&gt;&lt;p&gt;The overall structure is a three-phase pillar structure, using APG solid-sealed pole technology, with good sealing performance, good moisture-proof and anti-condensation performance;
&lt;img src=&#34;https://www.lyskjd.com/images/ZW43-12/3.jpg&#34; alt=&#34;ZW43-12F-High-Voltage-Intelligent-Vacuum-Circuit-Breaker&#34; loading=&#34;lazy&#34; /&gt;
It can be equipped with a double-side isolating switch to make the maintenance of circuits and electrical equipment safer;&lt;/p&gt;
&lt;p&gt;Miniaturized design, small size, light weight, maintenance-free, long service life;&lt;/p&gt;
&lt;p&gt;The operating mechanism is novel in design, simple in structure and reliable in action;&lt;/p&gt;
&lt;p&gt;It can realize functions such as three-stage protection, zero-sequence grounding protection, reclosing and remote communication;&lt;/p&gt;
&lt;p&gt;It can realize the &amp;ldquo;five remote&amp;rdquo; functions of power grid modernization (remote control, telemetry, remote adjustment, remote signaling, and remote viewing);&lt;/p&gt;
&lt;h3&gt;External dimensions：&lt;span class=&#34;absolute -mt-20&#34; id=&#34;external-dimensions&#34;&gt;&lt;/span&gt;
    &lt;a href=&#34;#external-dimensions&#34; class=&#34;subheading-anchor&#34; aria-label=&#34;Permalink for this section&#34;&gt;&lt;/a&gt;&lt;/h3&gt;&lt;p&gt;&lt;img src=&#34;https://www.lyskjd.com/images/ZW43-12/4.jpg&#34; alt=&#34;ZW43-12F-High-Voltage-Intelligent-Vacuum-Circuit-Breaker&#34; loading=&#34;lazy&#34; /&gt;&lt;/p&gt;
&lt;blockquote&gt;
&lt;p&gt;&lt;strong&gt;We welcome global agents, distributors, retailers, and other partners to join us and work together to develop mutually beneficial business relationships. Our products have already been well received by customers in many countries and regions, and we look forward to expanding our reach even further.&lt;/strong&gt;&lt;/p&gt;
&lt;/blockquote&gt;
&lt;p&gt;&lt;a href=&#34;https://www.lyskjd.com/contact/&#34; &gt;contact us&lt;/a&gt;: &lt;a href=&#34;mailto:sales@senkuogroup.com&#34; &gt;sales@senkuogroup.com&lt;/a&gt;&lt;/p&gt;

      </description>
    </item>
    
  </channel>
</rss>
