<rss version="2.0" xmlns:atom="http://www.w3.org/2005/Atom">
  <channel>
    <title>Linyi Senkuo Electromechanical Co., Ltd. – Chapter 6 Instructions for Industry Application Macros</title>
    <link>https://www.lyskjd.com/en/docs/vfd/industry-application-macro-usage-instructions/</link>
    <description>Recent content in Chapter 6 Instructions for Industry Application Macros on Linyi Senkuo Electromechanical Co., Ltd.</description>
    <generator>Hugo -- gohugo.io</generator>
    <language>en</language>
    
	  <atom:link href="https://www.lyskjd.com/en/docs/vfd/industry-application-macro-usage-instructions/index.xml" rel="self" type="application/rss+xml" />
    
    
      
        
      
    
    
    <item>
      <title>6.1 Factory Reset</title>
      <link>https://www.lyskjd.com/en/docs/vfd/industry-application-macro-usage-instructions/restore-to-factory-settings/</link>
      <pubDate>Mon, 01 Jan 0001 00:00:00 +0000</pubDate>
      
      <guid>https://www.lyskjd.com/en/docs/vfd/industry-application-macro-usage-instructions/restore-to-factory-settings/</guid>
      <description>
        
        
        &lt;p&gt;Setting P0-29 to 10000 restores all parameters in the motor parameter group to their factory default values. Setting P0-29 to 10000 has the same effect as setting PP-01 to 1 for factory reset. Before executing macro operations for industrial applications, please execute: P0-29=10000.&lt;/p&gt;
&lt;p&gt;Explore these documents for more information:&lt;/p&gt;


&lt;div class=&#34;hextra-cards mt-4 gap-4 grid not-prose&#34; style=&#34;--rows: 3;&#34;&gt;
  &lt;a
    class=&#34;hextra-card group flex flex-col justify-start overflow-hidden rounded-lg border border-gray-200 text-current no-underline dark:shadow-none hover:shadow-gray-100 dark:hover:shadow-none shadow-gray-100 active:shadow-sm active:shadow-gray-200 transition-all duration-200 hover:border-gray-300 bg-transparent shadow-sm dark:border-neutral-800 hover:bg-slate-50 hover:shadow-md dark:hover:border-neutral-700 dark:hover:bg-neutral-900&#34;href=&#34;https://item.taobao.com/item.htm?ft=t&amp;amp;id=771441899583&#34; target=&#34;_blank&#34; rel=&#34;noreferrer&#34;&gt;&lt;span class=&#34;flex font-semibold items-start gap-2 p-4 text-gray-700 hover:text-gray-900 dark:text-neutral-200 dark:hover:text-neutral-50&#34;&gt;&lt;svg xmlns=&#34;http://www.w3.org/2000/svg&#34; fill=&#34;none&#34; viewBox=&#34;0 0 24 24&#34; stroke-width=&#34;2&#34; stroke=&#34;currentColor&#34; aria-hidden=&#34;true&#34;&gt;&lt;path stroke-linecap=&#34;round&#34; stroke-linejoin=&#34;round&#34; d=&#34;M3 3h2l.4 2M7 13h10l4-8H5.4M7 13L5.4 5M7 13l-2.293 2.293c-.63.63-.184 1.707.707 1.707H17m0 0a2 2 0 100 4 2 2 0 000-4zm-8 2a2 2 0 11-4 0 2 2 0 014 0z&#34;/&gt;&lt;/svg&gt;Buy High-Performance Vector Inverter Now&lt;/span&gt;&lt;/a&gt;

  &lt;a
    class=&#34;hextra-card group flex flex-col justify-start overflow-hidden rounded-lg border border-gray-200 text-current no-underline dark:shadow-none hover:shadow-gray-100 dark:hover:shadow-none shadow-gray-100 active:shadow-sm active:shadow-gray-200 transition-all duration-200 hover:border-gray-300 bg-transparent shadow-sm dark:border-neutral-800 hover:bg-slate-50 hover:shadow-md dark:hover:border-neutral-700 dark:hover:bg-neutral-900&#34;href=&#34;https://www.lyskjd.com/blog/faq/&#34; &gt;&lt;span class=&#34;flex font-semibold items-start gap-2 p-4 text-gray-700 hover:text-gray-900 dark:text-neutral-200 dark:hover:text-neutral-50&#34;&gt;&lt;svg xmlns=&#34;http://www.w3.org/2000/svg&#34; fill=&#34;none&#34; viewBox=&#34;0 0 24 24&#34; stroke-width=&#34;2&#34; stroke=&#34;currentColor&#34; aria-hidden=&#34;true&#34;&gt;&lt;path stroke-linecap=&#34;round&#34; stroke-linejoin=&#34;round&#34; d=&#34;M19 20H5a2 2 0 01-2-2V6a2 2 0 012-2h10a2 2 0 012 2v1m2 13a2 2 0 01-2-2V7m2 13a2 2 0 002-2V9a2 2 0 00-2-2h-2m-4-3H9M7 16h6M7 8h6v4H7V8z&#34;/&gt;&lt;/svg&gt;Frequently Asked Questions about Inverters&lt;/span&gt;&lt;/a&gt;
&lt;/div&gt;


      </description>
    </item>
    
    <item>
      <title>6.2 Constant Pressure Water Supply Macro</title>
      <link>https://www.lyskjd.com/en/docs/vfd/industry-application-macro-usage-instructions/constant-pressure-water-supply-macro-settings/</link>
      <pubDate>Mon, 01 Jan 0001 00:00:00 +0000</pubDate>
      
      <guid>https://www.lyskjd.com/en/docs/vfd/industry-application-macro-usage-instructions/constant-pressure-water-supply-macro-settings/</guid>
      <description>
        
        
        




  












&lt;div class=&#34;overflow-x-auto mt-6 flex rounded-lg border py-2 ltr:pr-4 rtl:pl-4 contrast-more:border-current contrast-more:dark:border-current border-blue-200 bg-blue-100 text-blue-900 dark:border-blue-200/30 dark:bg-blue-900/30 dark:text-blue-200&#34;&gt;
  &lt;div class=&#34;ltr:pl-3 ltr:pr-2 rtl:pr-3 rtl:pl-2&#34;&gt;&lt;div class=&#34;select-none text-xl&#34; style=&#34;font-family: &#39;Apple Color Emoji&#39;, &#39;Segoe UI Emoji&#39;, &#39;Segoe UI Symbol&#39;;&#34;&gt;
        ℹ️
      &lt;/div&gt;&lt;/div&gt;

  &lt;div class=&#34;w-full min-w-0 leading-7&#34;&gt;
    &lt;div class=&#34;mt-6 leading-7 first:mt-0&#34;&gt;
      Tip: 1 bar = 1 kg = 0.1 MPa = 10 meters of mercury
    &lt;/div&gt;
  &lt;/div&gt;
&lt;/div&gt;

&lt;p&gt;This constant pressure water supply macro has the following features: by selecting the water supply macro and inputting the sensor range value and target pressure, other parameters can remain unchanged to achieve efficient constant pressure water supply control directly. It has strong pressure regulation ability, rapid and sensitive response, making it superior to traditional PID control frequency-based water supply control in terms of stability, energy efficiency, and other aspects. It also provides better constant pressure and pressure holding effects for sites with pressure tanks. Additionally, the mainboard dual relay directly realizes one-to-three control, or with terminals Y1 and HDO connected to external relays, it can control up to one-to-five water supplies. It has independent pump start and stop pressure and delay control. It can also achieve emergency pump shutdown control when overpressure occurs, by appropriately reducing the emergency pump shutdown delay time (b0-15 pressure upper limit emergency pump shutdown delay). This helps avoid the problem of rapid water pressure rise. Furthermore, the keyboard can directly monitor the set pressure target value or pressure feedback value by toggling the shift key. The monitoring content remains unchanged after power failure and restart. The machine also directly supports dual-display keyboard monitoring of pressure set value and feedback value.&lt;/p&gt;
&lt;h2&gt;Single-Pump VFD Constant Pressure Water Supply Macro&lt;span class=&#34;absolute -mt-20&#34; id=&#34;single-pump-vfd-constant-pressure-water-supply-macro&#34;&gt;&lt;/span&gt;
    &lt;a href=&#34;#single-pump-vfd-constant-pressure-water-supply-macro&#34; class=&#34;subheading-anchor&#34; aria-label=&#34;Permalink for this section&#34;&gt;&lt;/a&gt;&lt;/h2&gt;&lt;p&gt;When P0-29=1, the automatic initialization parameters are as follows: (default panel potentiometer set target pressure value)&lt;br&gt;
P0-01=2, P0-02=1, P0-03=8, P0-14=20.00Hz, P4-18=2.00, P7-03=8015, P7-04=0001, P7-05=3003, P7-17=15, P7-18=16, PA-00=3, PA-05=50.0, PA-06=0.10, PA-28=0 (to increase response speed, increase PA-05 and decrease PA-06; to decrease response speed, vice versa). AI1 defaults to 0~10V input as the PID pressure feedback source. If it needs to be changed to a 4~20mA input, please add parameters: P4-13=2.00V, P4-37=11 (set the unit digit to 1 for current input type). The default factory setting for AI2 of the inverter itself is 0~20mA input. If AI2 is used as the PID pressure feedback source, corresponding parameters can be added: P4-18=2.00V, P4-37=10. When AI1 and AI2 are changed to current input, terminal 24V needs to be connected for sensor power supply.&lt;br&gt;
The b0 group is the constant pressure water supply parameter group, where b0-00 represents the range of the pressure sensor and needs to be input accurately. For example: if the maximum value of the sensor is marked as 1.6MPa, then b0-00=16.00kg.&lt;br&gt;
PA-00 is used to select the target pressure setting source, which defaults to 3 for keyboard simulated potentiometers. If it is selected as 8, it will be set by b0-01 as the target pressure value setting for the water supply site, which defaults to 5.00kg and can be changed as required. The sleep, wake-up, and various pressure deviation amounts are automatically adjusted in sync with the percentage value of the target pressure, and they basically work stably without the need for adjustment.&lt;br&gt;
Note: For the inverter-related wiring of constant pressure water supply, please click &lt;a href=&#34;https://www.lyskjd.com/docs/panel-display-and-operation/terminal-application-wiring-diagram/&#34; title=&#34;Inverter Constant Pressure Water Supply Wiring Diagram&#34;&gt;here&lt;/a&gt;, which is not described here.&lt;/p&gt;
&lt;h2&gt;One-to-Three VFD Constant Pressure Water Supply Macro&lt;span class=&#34;absolute -mt-20&#34; id=&#34;one-to-three-vfd-constant-pressure-water-supply-macro&#34;&gt;&lt;/span&gt;
    &lt;a href=&#34;#one-to-three-vfd-constant-pressure-water-supply-macro&#34; class=&#34;subheading-anchor&#34; aria-label=&#34;Permalink for this section&#34;&gt;&lt;/a&gt;&lt;/h2&gt;&lt;p&gt;When P0-29=2, it can achieve the constant pressure water supply mode of one VFD pump dragging two line-frequency pumps. This mode is based on the initialization default parameters of the &lt;strong&gt;Single-Pump VFD Constant Pressure Water Supply Macro&lt;/strong&gt;, with the following additional default parameters:&lt;br&gt;
P5-02=50 (RLY1 is auxiliary pump 1), P5-03=51 (RLY2 is auxiliary pump 2), P5-25=0.3s, P5-26=0.3s, b0-10=2 (two auxiliary pumps). For more control parameters, please refer to &lt;a href=&#34;https://www.lyskjd.com/docs/functional-parameter-table/intelligent-constant-pressure-water-supply-parameters/&#34; title=&#34;Inverter Constant Pressure Water Supply Parameter Settings&#34;&gt;Constant Pressure Water Supply Parameter Group b0&lt;/a&gt;.&lt;/p&gt;
&lt;h2&gt;One-to-Five VFD Constant Pressure Water Supply Macro&lt;span class=&#34;absolute -mt-20&#34; id=&#34;one-to-five-vfd-constant-pressure-water-supply-macro&#34;&gt;&lt;/span&gt;
    &lt;a href=&#34;#one-to-five-vfd-constant-pressure-water-supply-macro&#34; class=&#34;subheading-anchor&#34; aria-label=&#34;Permalink for this section&#34;&gt;&lt;/a&gt;&lt;/h2&gt;&lt;p&gt;When P0-29=3, it can achieve the constant pressure water supply mode of one VFD pump dragging four line-frequency pumps. This mode is based on the initialization default parameters of the &lt;strong&gt;One-to-Three VFD Constant Pressure Water Supply Macro&lt;/strong&gt;, with the following additional default parameters:&lt;br&gt;
P5-04=52 (Y1 is auxiliary pump 3), P5-01=53 (HDO is auxiliary pump 4), P5-00=1, P5-24=0.3s, P5-27=0.3s, b0-10=4 (four auxiliary pumps). For more control parameters, please refer to &lt;a href=&#34;https://www.lyskjd.com/docs/functional-parameter-table/intelligent-constant-pressure-water-supply-parameters/&#34; title=&#34;Inverter Constant Pressure Water Supply Parameter Settings&#34;&gt;Constant Pressure Water Supply Parameter Group b0&lt;/a&gt;.&lt;/p&gt;
&lt;h2&gt;Firefighting Water Supply Inspection Cabinet Special Macro&lt;span class=&#34;absolute -mt-20&#34; id=&#34;firefighting-water-supply-inspection-cabinet-special-macro&#34;&gt;&lt;/span&gt;
    &lt;a href=&#34;#firefighting-water-supply-inspection-cabinet-special-macro&#34; class=&#34;subheading-anchor&#34; aria-label=&#34;Permalink for this section&#34;&gt;&lt;/a&gt;&lt;/h2&gt;&lt;p&gt;When P0-29=7, the default parameters are as follows:&lt;br&gt;
P0-02=1, P0-03=0, P0-08=10.00Hz, P0-12=15.00Hz, P4-00=1, P4-03=9, P6-10=1&lt;/p&gt;
&lt;p&gt;Explore these documents for more information:&lt;/p&gt;


&lt;div class=&#34;hextra-cards mt-4 gap-4 grid not-prose&#34; style=&#34;--rows: 3;&#34;&gt;
  &lt;a
    class=&#34;hextra-card group flex flex-col justify-start overflow-hidden rounded-lg border border-gray-200 text-current no-underline dark:shadow-none hover:shadow-gray-100 dark:hover:shadow-none shadow-gray-100 active:shadow-sm active:shadow-gray-200 transition-all duration-200 hover:border-gray-300 bg-transparent shadow-sm dark:border-neutral-800 hover:bg-slate-50 hover:shadow-md dark:hover:border-neutral-700 dark:hover:bg-neutral-900&#34;href=&#34;https://item.taobao.com/item.htm?ft=t&amp;amp;id=771441899583&#34; target=&#34;_blank&#34; rel=&#34;noreferrer&#34;&gt;&lt;span class=&#34;flex font-semibold items-start gap-2 p-4 text-gray-700 hover:text-gray-900 dark:text-neutral-200 dark:hover:text-neutral-50&#34;&gt;&lt;svg xmlns=&#34;http://www.w3.org/2000/svg&#34; fill=&#34;none&#34; viewBox=&#34;0 0 24 24&#34; stroke-width=&#34;2&#34; stroke=&#34;currentColor&#34; aria-hidden=&#34;true&#34;&gt;&lt;path stroke-linecap=&#34;round&#34; stroke-linejoin=&#34;round&#34; d=&#34;M3 3h2l.4 2M7 13h10l4-8H5.4M7 13L5.4 5M7 13l-2.293 2.293c-.63.63-.184 1.707.707 1.707H17m0 0a2 2 0 100 4 2 2 0 000-4zm-8 2a2 2 0 11-4 0 2 2 0 014 0z&#34;/&gt;&lt;/svg&gt;Buy High-Performance Vector Inverter Now&lt;/span&gt;&lt;/a&gt;

  &lt;a
    class=&#34;hextra-card group flex flex-col justify-start overflow-hidden rounded-lg border border-gray-200 text-current no-underline dark:shadow-none hover:shadow-gray-100 dark:hover:shadow-none shadow-gray-100 active:shadow-sm active:shadow-gray-200 transition-all duration-200 hover:border-gray-300 bg-transparent shadow-sm dark:border-neutral-800 hover:bg-slate-50 hover:shadow-md dark:hover:border-neutral-700 dark:hover:bg-neutral-900&#34;href=&#34;https://www.lyskjd.com/blog/faq/&#34; &gt;&lt;span class=&#34;flex font-semibold items-start gap-2 p-4 text-gray-700 hover:text-gray-900 dark:text-neutral-200 dark:hover:text-neutral-50&#34;&gt;&lt;svg xmlns=&#34;http://www.w3.org/2000/svg&#34; fill=&#34;none&#34; viewBox=&#34;0 0 24 24&#34; stroke-width=&#34;2&#34; stroke=&#34;currentColor&#34; aria-hidden=&#34;true&#34;&gt;&lt;path stroke-linecap=&#34;round&#34; stroke-linejoin=&#34;round&#34; d=&#34;M19 20H5a2 2 0 01-2-2V6a2 2 0 012-2h10a2 2 0 012 2v1m2 13a2 2 0 01-2-2V7m2 13a2 2 0 002-2V9a2 2 0 00-2-2h-2m-4-3H9M7 16h6M7 8h6v4H7V8z&#34;/&gt;&lt;/svg&gt;Frequently Asked Questions about Inverters&lt;/span&gt;&lt;/a&gt;
&lt;/div&gt;


      </description>
    </item>
    
    <item>
      <title>6.3 Machine Tool Macro at 100Hz</title>
      <link>https://www.lyskjd.com/en/docs/vfd/industry-application-macro-usage-instructions/machine-tool-macro-settings/</link>
      <pubDate>Mon, 01 Jan 0001 00:00:00 +0000</pubDate>
      
      <guid>https://www.lyskjd.com/en/docs/vfd/industry-application-macro-usage-instructions/machine-tool-macro-settings/</guid>
      <description>
        
        
        &lt;p&gt;AI1 input provides speed setpoint with a range of 0~10V, and the X1 terminal controls the start/stop of the forward direction, which requires the connection of a braking resistor. If there is an overvoltage during braking, it is important to be aware of reducing the overvoltage deceleration gain value in group P9. A value that is too low can lead to excessive impact on the IGBT.&lt;/p&gt;
&lt;p&gt;Explore these documents for more information:&lt;/p&gt;


&lt;div class=&#34;hextra-cards mt-4 gap-4 grid not-prose&#34; style=&#34;--rows: 3;&#34;&gt;
&lt;a
  class=&#34;hextra-card group flex flex-col justify-start overflow-hidden rounded-lg border border-gray-200 text-current no-underline dark:shadow-none hover:shadow-gray-100 dark:hover:shadow-none shadow-gray-100 active:shadow-sm active:shadow-gray-200 transition-all duration-200 hover:border-gray-300 bg-transparent shadow-sm dark:border-neutral-800 hover:bg-slate-50 hover:shadow-md dark:hover:border-neutral-700 dark:hover:bg-neutral-900&#34;href=&#34;https://item.taobao.com/item.htm?ft=t&amp;amp;id=771441899583&#34; target=&#34;_blank&#34; rel=&#34;noreferrer&#34;&gt;&lt;span class=&#34;flex font-semibold items-start gap-2 p-4 text-gray-700 hover:text-gray-900 dark:text-neutral-200 dark:hover:text-neutral-50&#34;&gt;&lt;svg xmlns=&#34;http://www.w3.org/2000/svg&#34; fill=&#34;none&#34; viewBox=&#34;0 0 24 24&#34; stroke-width=&#34;2&#34; stroke=&#34;currentColor&#34; aria-hidden=&#34;true&#34;&gt;&lt;path stroke-linecap=&#34;round&#34; stroke-linejoin=&#34;round&#34; d=&#34;M3 3h2l.4 2M7 13h10l4-8H5.4M7 13L5.4 5M7 13l-2.293 2.293c-.63.63-.184 1.707.707 1.707H17m0 0a2 2 0 100 4 2 2 0 000-4zm-8 2a2 2 0 11-4 0 2 2 0 014 0z&#34;/&gt;&lt;/svg&gt;Buy High-Performance Vector Inverter Now&lt;/span&gt;&lt;/a&gt;

&lt;a
  class=&#34;hextra-card group flex flex-col justify-start overflow-hidden rounded-lg border border-gray-200 text-current no-underline dark:shadow-none hover:shadow-gray-100 dark:hover:shadow-none shadow-gray-100 active:shadow-sm active:shadow-gray-200 transition-all duration-200 hover:border-gray-300 bg-transparent shadow-sm dark:border-neutral-800 hover:bg-slate-50 hover:shadow-md dark:hover:border-neutral-700 dark:hover:bg-neutral-900&#34;href=&#34;https://www.lyskjd.com/blog/faq/&#34; &gt;&lt;span class=&#34;flex font-semibold items-start gap-2 p-4 text-gray-700 hover:text-gray-900 dark:text-neutral-200 dark:hover:text-neutral-50&#34;&gt;&lt;svg xmlns=&#34;http://www.w3.org/2000/svg&#34; fill=&#34;none&#34; viewBox=&#34;0 0 24 24&#34; stroke-width=&#34;2&#34; stroke=&#34;currentColor&#34; aria-hidden=&#34;true&#34;&gt;&lt;path stroke-linecap=&#34;round&#34; stroke-linejoin=&#34;round&#34; d=&#34;M19 20H5a2 2 0 01-2-2V6a2 2 0 012-2h10a2 2 0 012 2v1m2 13a2 2 0 01-2-2V7m2 13a2 2 0 002-2V9a2 2 0 00-2-2h-2m-4-3H9M7 16h6M7 8h6v4H7V8z&#34;/&gt;&lt;/svg&gt;Frequently Asked Questions About Inverters&lt;/span&gt;&lt;/a&gt;
&lt;/div&gt;


      </description>
    </item>
    
    <item>
      <title>6.4 Engraving Machine Macro 400HZ</title>
      <link>https://www.lyskjd.com/en/docs/vfd/industry-application-macro-usage-instructions/engraving-machine-macro-settings/</link>
      <pubDate>Mon, 01 Jan 0001 00:00:00 +0000</pubDate>
      
      <guid>https://www.lyskjd.com/en/docs/vfd/industry-application-macro-usage-instructions/engraving-machine-macro-settings/</guid>
      <description>
        
        
        &lt;p&gt;X1 controls forward rotation start/stop, X2 controls multi-speed terminal 1, X3 controls multi-speed terminal 2, X4 controls multi-speed terminal 3. The combination of three terminals is as follows:&lt;/p&gt;
&lt;table&gt;
&lt;thead&gt;
&lt;tr&gt;
&lt;th style=&#34;text-align:center&#34;&gt;Speed&lt;/th&gt;
&lt;th style=&#34;text-align:center&#34;&gt;Corresponding Frequency&lt;/th&gt;
&lt;th style=&#34;text-align:center&#34;&gt;Multi-Speed Terminal 1&lt;/th&gt;
&lt;th style=&#34;text-align:center&#34;&gt;Multi-Speed Terminal 2&lt;/th&gt;
&lt;th style=&#34;text-align:center&#34;&gt;Multi-Speed Terminal 3&lt;/th&gt;
&lt;/tr&gt;
&lt;/thead&gt;
&lt;tbody&gt;
&lt;tr&gt;
&lt;td style=&#34;text-align:center&#34;&gt;0&lt;/td&gt;
&lt;td style=&#34;text-align:center&#34;&gt;0Hz&lt;/td&gt;
&lt;td style=&#34;text-align:center&#34;&gt;OFF&lt;/td&gt;
&lt;td style=&#34;text-align:center&#34;&gt;OFF&lt;/td&gt;
&lt;td style=&#34;text-align:center&#34;&gt;OFF&lt;/td&gt;
&lt;/tr&gt;
&lt;tr&gt;
&lt;td style=&#34;text-align:center&#34;&gt;1&lt;/td&gt;
&lt;td style=&#34;text-align:center&#34;&gt;100Hz&lt;/td&gt;
&lt;td style=&#34;text-align:center&#34;&gt;ON&lt;/td&gt;
&lt;td style=&#34;text-align:center&#34;&gt;OFF&lt;/td&gt;
&lt;td style=&#34;text-align:center&#34;&gt;OFF&lt;/td&gt;
&lt;/tr&gt;
&lt;tr&gt;
&lt;td style=&#34;text-align:center&#34;&gt;2&lt;/td&gt;
&lt;td style=&#34;text-align:center&#34;&gt;150Hz&lt;/td&gt;
&lt;td style=&#34;text-align:center&#34;&gt;OFF&lt;/td&gt;
&lt;td style=&#34;text-align:center&#34;&gt;ON&lt;/td&gt;
&lt;td style=&#34;text-align:center&#34;&gt;OFF&lt;/td&gt;
&lt;/tr&gt;
&lt;tr&gt;
&lt;td style=&#34;text-align:center&#34;&gt;3&lt;/td&gt;
&lt;td style=&#34;text-align:center&#34;&gt;200Hz&lt;/td&gt;
&lt;td style=&#34;text-align:center&#34;&gt;ON&lt;/td&gt;
&lt;td style=&#34;text-align:center&#34;&gt;ON&lt;/td&gt;
&lt;td style=&#34;text-align:center&#34;&gt;OFF&lt;/td&gt;
&lt;/tr&gt;
&lt;tr&gt;
&lt;td style=&#34;text-align:center&#34;&gt;4&lt;/td&gt;
&lt;td style=&#34;text-align:center&#34;&gt;250Hz&lt;/td&gt;
&lt;td style=&#34;text-align:center&#34;&gt;OFF&lt;/td&gt;
&lt;td style=&#34;text-align:center&#34;&gt;OFF&lt;/td&gt;
&lt;td style=&#34;text-align:center&#34;&gt;ON&lt;/td&gt;
&lt;/tr&gt;
&lt;tr&gt;
&lt;td style=&#34;text-align:center&#34;&gt;5&lt;/td&gt;
&lt;td style=&#34;text-align:center&#34;&gt;300Hz&lt;/td&gt;
&lt;td style=&#34;text-align:center&#34;&gt;ON&lt;/td&gt;
&lt;td style=&#34;text-align:center&#34;&gt;OFF&lt;/td&gt;
&lt;td style=&#34;text-align:center&#34;&gt;ON&lt;/td&gt;
&lt;/tr&gt;
&lt;tr&gt;
&lt;td style=&#34;text-align:center&#34;&gt;6&lt;/td&gt;
&lt;td style=&#34;text-align:center&#34;&gt;350Hz&lt;/td&gt;
&lt;td style=&#34;text-align:center&#34;&gt;OFF&lt;/td&gt;
&lt;td style=&#34;text-align:center&#34;&gt;ON&lt;/td&gt;
&lt;td style=&#34;text-align:center&#34;&gt;ON&lt;/td&gt;
&lt;/tr&gt;
&lt;tr&gt;
&lt;td style=&#34;text-align:center&#34;&gt;7&lt;/td&gt;
&lt;td style=&#34;text-align:center&#34;&gt;400Hz&lt;/td&gt;
&lt;td style=&#34;text-align:center&#34;&gt;ON&lt;/td&gt;
&lt;td style=&#34;text-align:center&#34;&gt;ON&lt;/td&gt;
&lt;td style=&#34;text-align:center&#34;&gt;ON&lt;/td&gt;
&lt;/tr&gt;
&lt;/tbody&gt;
&lt;/table&gt;
&lt;p&gt;Explore these documents for more information:&lt;/p&gt;


&lt;div class=&#34;hextra-cards mt-4 gap-4 grid not-prose&#34; style=&#34;--rows: 3;&#34;&gt;
  &lt;a
    class=&#34;hextra-card group flex flex-col justify-start overflow-hidden rounded-lg border border-gray-200 text-current no-underline dark:shadow-none hover:shadow-gray-100 dark:hover:shadow-none shadow-gray-100 active:shadow-sm active:shadow-gray-200 transition-all duration-200 hover:border-gray-300 bg-transparent shadow-sm dark:border-neutral-800 hover:bg-slate-50 hover:shadow-md dark:hover:border-neutral-700 dark:hover:bg-neutral-900&#34;href=&#34;https://item.taobao.com/item.htm?ft=t&amp;amp;id=771441899583&#34; target=&#34;_blank&#34; rel=&#34;noreferrer&#34;&gt;&lt;span class=&#34;flex font-semibold items-start gap-2 p-4 text-gray-700 hover:text-gray-900 dark:text-neutral-200 dark:hover:text-neutral-50&#34;&gt;&lt;svg xmlns=&#34;http://www.w3.org/2000/svg&#34; fill=&#34;none&#34; viewBox=&#34;0 0 24 24&#34; stroke-width=&#34;2&#34; stroke=&#34;currentColor&#34; aria-hidden=&#34;true&#34;&gt;&lt;path stroke-linecap=&#34;round&#34; stroke-linejoin=&#34;round&#34; d=&#34;M3 3h2l.4 2M7 13h10l4-8H5.4M7 13L5.4 5M7 13l-2.293 2.293c-.63.63-.184 1.707.707 1.707H17m0 0a2 2 0 100 4 2 2 0 000-4zm-8 2a2 2 0 11-4 0 2 2 0 014 0z&#34;/&gt;&lt;/svg&gt;Purchase High-Performance Vector Frequency Converter Now&lt;/span&gt;&lt;/a&gt;

  &lt;a
    class=&#34;hextra-card group flex flex-col justify-start overflow-hidden rounded-lg border border-gray-200 text-current no-underline dark:shadow-none hover:shadow-gray-100 dark:hover:shadow-none shadow-gray-100 active:shadow-sm active:shadow-gray-200 transition-all duration-200 hover:border-gray-300 bg-transparent shadow-sm dark:border-neutral-800 hover:bg-slate-50 hover:shadow-md dark:hover:border-neutral-700 dark:hover:bg-neutral-900&#34;href=&#34;https://www.lyskjd.com/blog/faq/&#34; &gt;&lt;span class=&#34;flex font-semibold items-start gap-2 p-4 text-gray-700 hover:text-gray-900 dark:text-neutral-200 dark:hover:text-neutral-50&#34;&gt;&lt;svg xmlns=&#34;http://www.w3.org/2000/svg&#34; fill=&#34;none&#34; viewBox=&#34;0 0 24 24&#34; stroke-width=&#34;2&#34; stroke=&#34;currentColor&#34; aria-hidden=&#34;true&#34;&gt;&lt;path stroke-linecap=&#34;round&#34; stroke-linejoin=&#34;round&#34; d=&#34;M19 20H5a2 2 0 01-2-2V6a2 2 0 012-2h10a2 2 0 012 2v1m2 13a2 2 0 01-2-2V7m2 13a2 2 0 002-2V9a2 2 0 00-2-2h-2m-4-3H9M7 16h6M7 8h6v4H7V8z&#34;/&gt;&lt;/svg&gt;Inverter FAQ&lt;/span&gt;&lt;/a&gt;
&lt;/div&gt;


      </description>
    </item>
    
  </channel>
</rss>
