<rss version="2.0" xmlns:atom="http://www.w3.org/2005/Atom">
  <channel>
    <title>Linyi Senkuo Electromechanical Co., Ltd. – Smart Motor Soft Starter User Manual</title>
    <link>https://www.lyskjd.com/en/docs/soft-starters/</link>
    <description>Recent content in Smart Motor Soft Starter User Manual on Linyi Senkuo Electromechanical Co., Ltd.</description>
    <generator>Hugo -- gohugo.io</generator>
    <language>en</language>
    
	  <atom:link href="https://www.lyskjd.com/en/docs/soft-starters/index.xml" rel="self" type="application/rss+xml" />
    
    
      
        
      
    
    
  </channel>
</rss>
