<rss version="2.0" xmlns:atom="http://www.w3.org/2005/Atom">
  <channel>
    <title>山东临沂森阔机电有限公司 – 智能型电机软起动器柜使用手册</title>
    <link>https://www.lyskjd.com/docs/soft-starters/</link>
    <description>Recent content in 智能型电机软起动器柜使用手册 on 山东临沂森阔机电有限公司</description>
    <generator>Hugo -- gohugo.io</generator>
    <language>zh-cn</language>
    
	  <atom:link href="https://www.lyskjd.com/docs/soft-starters/index.xml" rel="self" type="application/rss+xml" />
    
    
      
        
      
    
    
    <item>
      <title>GE300软启动器柜使用说明书</title>
      <link>https://www.lyskjd.com/docs/soft-starters/ge300/</link>
      <pubDate>Mon, 01 Jan 0001 00:00:00 +0000</pubDate>
      
      <guid>https://www.lyskjd.com/docs/soft-starters/ge300/</guid>
      <description>
        
        
        &lt;p&gt;软启动器（Soft Starter）是一种用于控制交流电动机启动和停止的电气设备。它的主要作用是减少电动机启动时对电网的冲击，延长电动机和机械设备的使用寿命，同时提供平滑的启动和停止过程。软启动器通过控制电动机的电压和电流，实现对电动机启动过程的控制。&lt;/p&gt;
&lt;h3&gt;软启动器的主要特点包括：&lt;span class=&#34;absolute -mt-20&#34; id=&#34;软启动器的主要特点包括&#34;&gt;&lt;/span&gt;
    &lt;a href=&#34;#%e8%bd%af%e5%90%af%e5%8a%a8%e5%99%a8%e7%9a%84%e4%b8%bb%e8%a6%81%e7%89%b9%e7%82%b9%e5%8c%85%e6%8b%ac&#34; class=&#34;subheading-anchor&#34; aria-label=&#34;Permalink for this section&#34;&gt;&lt;/a&gt;&lt;/h3&gt;&lt;ol&gt;
&lt;li&gt;&lt;strong&gt;减少启动电流&lt;/strong&gt;：软启动器可以限制电动机启动时的电流，从而减少对电网的冲击。&lt;/li&gt;
&lt;li&gt;&lt;strong&gt;平滑启动&lt;/strong&gt;：通过逐渐增加电动机的电压，软启动器可以提供平滑的启动过程，减少机械冲击。&lt;/li&gt;
&lt;li&gt;&lt;strong&gt;过载保护&lt;/strong&gt;：软启动器通常具有过载保护功能，可以在电动机过载时自动切断电源。&lt;/li&gt;
&lt;li&gt;&lt;strong&gt;节能&lt;/strong&gt;：软启动器可以减少启动过程中的能量消耗，从而节省能源。&lt;/li&gt;
&lt;li&gt;&lt;strong&gt;维护简便&lt;/strong&gt;：与星-三角启动器等传统启动方式相比，软启动器维护更加简便，可靠性更高。&lt;/li&gt;
&lt;/ol&gt;
&lt;h3&gt;软启动器的工作原理：&lt;span class=&#34;absolute -mt-20&#34; id=&#34;软启动器的工作原理&#34;&gt;&lt;/span&gt;
    &lt;a href=&#34;#%e8%bd%af%e5%90%af%e5%8a%a8%e5%99%a8%e7%9a%84%e5%b7%a5%e4%bd%9c%e5%8e%9f%e7%90%86&#34; class=&#34;subheading-anchor&#34; aria-label=&#34;Permalink for this section&#34;&gt;&lt;/a&gt;&lt;/h3&gt;&lt;p&gt;软启动器通常采用晶闸管（Thyristor）或晶体管（Transistor）等电力电子器件来控制电动机的电压。启动时，软启动器逐渐增加电动机的电压，直到达到额定电压。停止时，软启动器可以逐渐减少电动机的电压，实现平滑停止。&lt;/p&gt;
&lt;h3&gt;应用场景：&lt;span class=&#34;absolute -mt-20&#34; id=&#34;应用场景&#34;&gt;&lt;/span&gt;
    &lt;a href=&#34;#%e5%ba%94%e7%94%a8%e5%9c%ba%e6%99%af&#34; class=&#34;subheading-anchor&#34; aria-label=&#34;Permalink for this section&#34;&gt;&lt;/a&gt;&lt;/h3&gt;&lt;p&gt;软启动器广泛应用于各种工业领域，如水泵、风机、输送带、压缩机等，尤其适用于那些需要频繁启动和停止的场合。&lt;/p&gt;
&lt;h3&gt;注意事项：&lt;span class=&#34;absolute -mt-20&#34; id=&#34;注意事项&#34;&gt;&lt;/span&gt;
    &lt;a href=&#34;#%e6%b3%a8%e6%84%8f%e4%ba%8b%e9%a1%b9&#34; class=&#34;subheading-anchor&#34; aria-label=&#34;Permalink for this section&#34;&gt;&lt;/a&gt;&lt;/h3&gt;&lt;ol&gt;
&lt;li&gt;&lt;strong&gt;选择合适的型号&lt;/strong&gt;：根据电动机的功率和启动要求选择合适的软启动器型号。&lt;/li&gt;
&lt;li&gt;&lt;strong&gt;安装和维护&lt;/strong&gt;：按照制造商的指导进行安装和维护，以确保设备的正常运行。&lt;/li&gt;
&lt;li&gt;&lt;strong&gt;环境因素&lt;/strong&gt;：软启动器应安装在干燥、无尘、无腐蚀性气体的环境中，以延长设备寿命。&lt;/li&gt;
&lt;/ol&gt;

      </description>
    </item>
    
  </channel>
</rss>
