<rss version="2.0" xmlns:atom="http://www.w3.org/2005/Atom">
  <channel>
    <title>山东临沂森阔机电有限公司 – 第六章 行业应用宏使用说明</title>
    <link>https://www.lyskjd.com/docs/vfd/industry-application-macro-usage-instructions/</link>
    <description>Recent content in 第六章 行业应用宏使用说明 on 山东临沂森阔机电有限公司</description>
    <generator>Hugo -- gohugo.io</generator>
    <language>zh-cn</language>
    
	  <atom:link href="https://www.lyskjd.com/docs/vfd/industry-application-macro-usage-instructions/index.xml" rel="self" type="application/rss+xml" />
    
    
      
        
      
    
    
    <item>
      <title>6.1 恢复出厂设置</title>
      <link>https://www.lyskjd.com/docs/vfd/industry-application-macro-usage-instructions/restore-to-factory-settings/</link>
      <pubDate>Mon, 01 Jan 0001 00:00:00 +0000</pubDate>
      
      <guid>https://www.lyskjd.com/docs/vfd/industry-application-macro-usage-instructions/restore-to-factory-settings/</guid>
      <description>
        
        
        &lt;p&gt;P0-29=10000，不包括电机参数组的其它参数全部恢复出厂默认值，P0-29=10000，等同于PP-01=1的恢复出厂值效果。执行行业应用宏操作前，请先执行：P0-29=10000。&lt;/p&gt;
&lt;p&gt;探索这些文档以便了解更多内容：&lt;/p&gt;


&lt;div class=&#34;hextra-cards mt-4 gap-4 grid not-prose&#34; style=&#34;--rows: 3;&#34;&gt;
  &lt;a
    class=&#34;hextra-card group flex flex-col justify-start overflow-hidden rounded-lg border border-gray-200 text-current no-underline dark:shadow-none hover:shadow-gray-100 dark:hover:shadow-none shadow-gray-100 active:shadow-sm active:shadow-gray-200 transition-all duration-200 hover:border-gray-300 bg-transparent shadow-sm dark:border-neutral-800 hover:bg-slate-50 hover:shadow-md dark:hover:border-neutral-700 dark:hover:bg-neutral-900&#34;href=&#34;https://item.taobao.com/item.htm?ft=t&amp;amp;id=771441899583&#34; target=&#34;_blank&#34; rel=&#34;noreferrer&#34;&gt;&lt;span class=&#34;flex font-semibold items-start gap-2 p-4 text-gray-700 hover:text-gray-900 dark:text-neutral-200 dark:hover:text-neutral-50&#34;&gt;&lt;svg xmlns=&#34;http://www.w3.org/2000/svg&#34; fill=&#34;none&#34; viewBox=&#34;0 0 24 24&#34; stroke-width=&#34;2&#34; stroke=&#34;currentColor&#34; aria-hidden=&#34;true&#34;&gt;&lt;path stroke-linecap=&#34;round&#34; stroke-linejoin=&#34;round&#34; d=&#34;M3 3h2l.4 2M7 13h10l4-8H5.4M7 13L5.4 5M7 13l-2.293 2.293c-.63.63-.184 1.707.707 1.707H17m0 0a2 2 0 100 4 2 2 0 000-4zm-8 2a2 2 0 11-4 0 2 2 0 014 0z&#34;/&gt;&lt;/svg&gt;立即购买高性能矢量变频器&lt;/span&gt;&lt;/a&gt;

  &lt;a
    class=&#34;hextra-card group flex flex-col justify-start overflow-hidden rounded-lg border border-gray-200 text-current no-underline dark:shadow-none hover:shadow-gray-100 dark:hover:shadow-none shadow-gray-100 active:shadow-sm active:shadow-gray-200 transition-all duration-200 hover:border-gray-300 bg-transparent shadow-sm dark:border-neutral-800 hover:bg-slate-50 hover:shadow-md dark:hover:border-neutral-700 dark:hover:bg-neutral-900&#34;href=&#34;https://www.lyskjd.com/blog/faq/&#34; &gt;&lt;span class=&#34;flex font-semibold items-start gap-2 p-4 text-gray-700 hover:text-gray-900 dark:text-neutral-200 dark:hover:text-neutral-50&#34;&gt;&lt;svg xmlns=&#34;http://www.w3.org/2000/svg&#34; fill=&#34;none&#34; viewBox=&#34;0 0 24 24&#34; stroke-width=&#34;2&#34; stroke=&#34;currentColor&#34; aria-hidden=&#34;true&#34;&gt;&lt;path stroke-linecap=&#34;round&#34; stroke-linejoin=&#34;round&#34; d=&#34;M19 20H5a2 2 0 01-2-2V6a2 2 0 012-2h10a2 2 0 012 2v1m2 13a2 2 0 01-2-2V7m2 13a2 2 0 002-2V9a2 2 0 00-2-2h-2m-4-3H9M7 16h6M7 8h6v4H7V8z&#34;/&gt;&lt;/svg&gt;变频器常见问题解答&lt;/span&gt;&lt;/a&gt;
&lt;/div&gt;


      </description>
    </item>
    
    <item>
      <title>6.2 恒压供水宏</title>
      <link>https://www.lyskjd.com/docs/vfd/industry-application-macro-usage-instructions/constant-pressure-water-supply-macro-settings/</link>
      <pubDate>Mon, 01 Jan 0001 00:00:00 +0000</pubDate>
      
      <guid>https://www.lyskjd.com/docs/vfd/industry-application-macro-usage-instructions/constant-pressure-water-supply-macro-settings/</guid>
      <description>
        
        
        




  












&lt;div class=&#34;overflow-x-auto mt-6 flex rounded-lg border py-2 ltr:pr-4 rtl:pl-4 contrast-more:border-current contrast-more:dark:border-current border-blue-200 bg-blue-100 text-blue-900 dark:border-blue-200/30 dark:bg-blue-900/30 dark:text-blue-200&#34;&gt;
  &lt;div class=&#34;ltr:pl-3 ltr:pr-2 rtl:pr-3 rtl:pl-2&#34;&gt;&lt;div class=&#34;select-none text-xl&#34; style=&#34;font-family: &#39;Apple Color Emoji&#39;, &#39;Segoe UI Emoji&#39;, &#39;Segoe UI Symbol&#39;;&#34;&gt;
        ℹ️
      &lt;/div&gt;&lt;/div&gt;

  &lt;div class=&#34;w-full min-w-0 leading-7&#34;&gt;
    &lt;div class=&#34;mt-6 leading-7 first:mt-0&#34;&gt;
      小提示：1bar=1kg=0.1MPa=10米汞柱
    &lt;/div&gt;
  &lt;/div&gt;
&lt;/div&gt;

&lt;p&gt;本恒压力供水宏特点：直接选择供水宏，再输入传感器量程值和目标压力，其它参数基本上不动就能直接实现高效的恒压供水控制，调压能力强大，反应迅速灵敏，因此比传统的PID控制频率方式的供水控制更优秀，压力更稳定，更节能等优点。同时对有压力罐的现场有更好的恒压保压效果。以及主板双继电器直接实现一拖三，或配合Y1和HDO端子外接继电器控制最多可实现一拖五供水，有独立的加泵和减泵压力以及延时控制，还可以实现超压力时，备用紧急的减泵专用时间控制，只要适当减小(b0-15压力上限紧急减辅泵延时)的时间值，即可快速减泵并停机，合理避免水压上升太快的难题。另外，键盘可以通过移位键切换直接监视压力设定目标值，或压力反馈值。掉电后重新上电后运行时，监视内容不变。同时本机还直接支持双显键盘监视压力设定值以及反馈值。&lt;/p&gt;
&lt;h2&gt;单泵变频恒压力供水宏&lt;span class=&#34;absolute -mt-20&#34; id=&#34;单泵变频恒压力供水宏&#34;&gt;&lt;/span&gt;
    &lt;a href=&#34;#%e5%8d%95%e6%b3%b5%e5%8f%98%e9%a2%91%e6%81%92%e5%8e%8b%e5%8a%9b%e4%be%9b%e6%b0%b4%e5%ae%8f&#34; class=&#34;subheading-anchor&#34; aria-label=&#34;Permalink for this section&#34;&gt;&lt;/a&gt;&lt;/h2&gt;&lt;p&gt;P0-29=1时，其自动初始化参数如下：（默认面板电位器给定目标压力值）&lt;br&gt;
P0-01=2，P0-02=1，P0-03=8，P0-14=20.00Hz，P4-18=2.00，P7-03=8015，P7-04=0001，P7-05=3003，P7-17=15，P7-18=16，PA-00=3，PA-05=50.0，PA-06=0.10，PA-28=0（如果加快反应速度，可以增大PA-05和减小PA-06的值；减慢反应速度，这两参数反之），AI1默认为0~10V输入作为PID压力反馈源，如果需要改为4~20mA输入，请补充参数：P4-13=2.00V，P4-37=11(个位设1为电流输入型)。变频器本身出厂AI2默认为0~20MA输入，如果使用AI2作为PID压力反馈源，对应补充参数：P4-18=2.00V，P4-37=10即可。AI1和AI2改为电流输入时，需要串接端子24V为传感器供电。&lt;br&gt;
b0组为恒压力供水参数组，其中b0-00为压力传感器的量程，需要如实输入。例如：传感器最大值标记为1.6MPa，则b0-00=16.00kg。&lt;br&gt;
PA-00用于选定目标压力给定源默认是3键盘模拟电位器，如果选为8即由b0-01为供水现场的目标压力值设定，默认为5.00kg，可按需求更改。休眠和唤醒压力以及相关的延时可以调整，休眠，唤醒以及各种压力偏差量，都是自动跟随着目标压力的百分比值联动自动适应调整，基本上不需要调节就能稳定工作。&lt;br&gt;
注意：关于恒压供水的变频器相关接线，请点&lt;a href=&#34;https://www.lyskjd.com/docs/panel-display-and-operation/terminal-application-wiring-diagram/&#34; title=&#34;变频恒压供水接线图&#34;&gt;这里&lt;/a&gt;，不在此叙述。&lt;/p&gt;
&lt;h2&gt;一拖三变频恒压力供水宏&lt;span class=&#34;absolute -mt-20&#34; id=&#34;一拖三变频恒压力供水宏&#34;&gt;&lt;/span&gt;
    &lt;a href=&#34;#%e4%b8%80%e6%8b%96%e4%b8%89%e5%8f%98%e9%a2%91%e6%81%92%e5%8e%8b%e5%8a%9b%e4%be%9b%e6%b0%b4%e5%ae%8f&#34; class=&#34;subheading-anchor&#34; aria-label=&#34;Permalink for this section&#34;&gt;&lt;/a&gt;&lt;/h2&gt;&lt;p&gt;P0-29=2，即可实现1变频泵拖2工频泵的恒压供水模式。此模式基于上面的&lt;strong&gt;单泵变频恒压力供水宏&lt;/strong&gt;的初始化默认参数条件下，增加如下默认参数：&lt;br&gt;
P5-02=50(RLY1为辅助泵1)，P5-03=51(RLY2为辅助泵2)，P5-25=0.3s，P5-26=0.3s，b0-10=2(两个辅助泵)，更多控制参数请看&lt;a href=&#34;https://www.lyskjd.com/docs/functional-parameter-table/intelligent-constant-pressure-water-supply-parameters/&#34; title=&#34;变频恒压供水参数设置&#34;&gt;恒压供水参数b0组&lt;/a&gt;&lt;/p&gt;
&lt;h2&gt;一拖五变频恒压力供水宏&lt;span class=&#34;absolute -mt-20&#34; id=&#34;一拖五变频恒压力供水宏&#34;&gt;&lt;/span&gt;
    &lt;a href=&#34;#%e4%b8%80%e6%8b%96%e4%ba%94%e5%8f%98%e9%a2%91%e6%81%92%e5%8e%8b%e5%8a%9b%e4%be%9b%e6%b0%b4%e5%ae%8f&#34; class=&#34;subheading-anchor&#34; aria-label=&#34;Permalink for this section&#34;&gt;&lt;/a&gt;&lt;/h2&gt;&lt;p&gt;P0-29=3，即可实现1变频泵拖4工频泵的恒压供水模式。此模式基于上面的&lt;strong&gt;一拖三变频恒压力供水宏&lt;/strong&gt;的初始化默认参数条件下，增加如下默认参数：&lt;br&gt;
P5-04=52（Y1为辅助泵3），P5-01=53(HDO为辅助泵4)，P5-00=1，P5-24=0.3s，P5-27=0.3s，b0-10=4(四个辅助泵)，更多控制参数请看&lt;a href=&#34;https://www.lyskjd.com/docs/functional-parameter-table/intelligent-constant-pressure-water-supply-parameters/&#34; title=&#34;变频恒压供水参数设置&#34;&gt;恒压供水参数b0组&lt;/a&gt;&lt;/p&gt;
&lt;h2&gt;消防供水巡检柜专用宏&lt;span class=&#34;absolute -mt-20&#34; id=&#34;消防供水巡检柜专用宏&#34;&gt;&lt;/span&gt;
    &lt;a href=&#34;#%e6%b6%88%e9%98%b2%e4%be%9b%e6%b0%b4%e5%b7%a1%e6%a3%80%e6%9f%9c%e4%b8%93%e7%94%a8%e5%ae%8f&#34; class=&#34;subheading-anchor&#34; aria-label=&#34;Permalink for this section&#34;&gt;&lt;/a&gt;&lt;/h2&gt;&lt;p&gt;P0-29=7，些模式默认参数如下：&lt;br&gt;
P0-02=1，P0-03=0，P0-08=10.00Hz，P0-12=15.00Hz，P4-00=1，P4-03=9，P6-10=1&lt;/p&gt;
&lt;p&gt;探索这些文档以便了解更多内容：&lt;/p&gt;


&lt;div class=&#34;hextra-cards mt-4 gap-4 grid not-prose&#34; style=&#34;--rows: 3;&#34;&gt;
  &lt;a
    class=&#34;hextra-card group flex flex-col justify-start overflow-hidden rounded-lg border border-gray-200 text-current no-underline dark:shadow-none hover:shadow-gray-100 dark:hover:shadow-none shadow-gray-100 active:shadow-sm active:shadow-gray-200 transition-all duration-200 hover:border-gray-300 bg-transparent shadow-sm dark:border-neutral-800 hover:bg-slate-50 hover:shadow-md dark:hover:border-neutral-700 dark:hover:bg-neutral-900&#34;href=&#34;https://item.taobao.com/item.htm?ft=t&amp;amp;id=771441899583&#34; target=&#34;_blank&#34; rel=&#34;noreferrer&#34;&gt;&lt;span class=&#34;flex font-semibold items-start gap-2 p-4 text-gray-700 hover:text-gray-900 dark:text-neutral-200 dark:hover:text-neutral-50&#34;&gt;&lt;svg xmlns=&#34;http://www.w3.org/2000/svg&#34; fill=&#34;none&#34; viewBox=&#34;0 0 24 24&#34; stroke-width=&#34;2&#34; stroke=&#34;currentColor&#34; aria-hidden=&#34;true&#34;&gt;&lt;path stroke-linecap=&#34;round&#34; stroke-linejoin=&#34;round&#34; d=&#34;M3 3h2l.4 2M7 13h10l4-8H5.4M7 13L5.4 5M7 13l-2.293 2.293c-.63.63-.184 1.707.707 1.707H17m0 0a2 2 0 100 4 2 2 0 000-4zm-8 2a2 2 0 11-4 0 2 2 0 014 0z&#34;/&gt;&lt;/svg&gt;立即购买高性能矢量变频器&lt;/span&gt;&lt;/a&gt;

  &lt;a
    class=&#34;hextra-card group flex flex-col justify-start overflow-hidden rounded-lg border border-gray-200 text-current no-underline dark:shadow-none hover:shadow-gray-100 dark:hover:shadow-none shadow-gray-100 active:shadow-sm active:shadow-gray-200 transition-all duration-200 hover:border-gray-300 bg-transparent shadow-sm dark:border-neutral-800 hover:bg-slate-50 hover:shadow-md dark:hover:border-neutral-700 dark:hover:bg-neutral-900&#34;href=&#34;https://www.lyskjd.com/blog/faq/&#34; &gt;&lt;span class=&#34;flex font-semibold items-start gap-2 p-4 text-gray-700 hover:text-gray-900 dark:text-neutral-200 dark:hover:text-neutral-50&#34;&gt;&lt;svg xmlns=&#34;http://www.w3.org/2000/svg&#34; fill=&#34;none&#34; viewBox=&#34;0 0 24 24&#34; stroke-width=&#34;2&#34; stroke=&#34;currentColor&#34; aria-hidden=&#34;true&#34;&gt;&lt;path stroke-linecap=&#34;round&#34; stroke-linejoin=&#34;round&#34; d=&#34;M19 20H5a2 2 0 01-2-2V6a2 2 0 012-2h10a2 2 0 012 2v1m2 13a2 2 0 01-2-2V7m2 13a2 2 0 002-2V9a2 2 0 00-2-2h-2m-4-3H9M7 16h6M7 8h6v4H7V8z&#34;/&gt;&lt;/svg&gt;变频器常见问题解答&lt;/span&gt;&lt;/a&gt;
&lt;/div&gt;


      </description>
    </item>
    
    <item>
      <title>6.3 机床宏100HZ</title>
      <link>https://www.lyskjd.com/docs/vfd/industry-application-macro-usage-instructions/machine-tool-macro-settings/</link>
      <pubDate>Mon, 01 Jan 0001 00:00:00 +0000</pubDate>
      
      <guid>https://www.lyskjd.com/docs/vfd/industry-application-macro-usage-instructions/machine-tool-macro-settings/</guid>
      <description>
        
        
        &lt;p&gt;AI1输入0~10V给定转速，X1端子正转启停，须接刹车电阻，如果刹车过压，须要注意减少P9组的过压失速增益值，此值过小，容易对IGBT冲击过大。&lt;/p&gt;
&lt;p&gt;探索这些文档以便了解更多内容：&lt;/p&gt;


&lt;div class=&#34;hextra-cards mt-4 gap-4 grid not-prose&#34; style=&#34;--rows: 3;&#34;&gt;
  &lt;a
    class=&#34;hextra-card group flex flex-col justify-start overflow-hidden rounded-lg border border-gray-200 text-current no-underline dark:shadow-none hover:shadow-gray-100 dark:hover:shadow-none shadow-gray-100 active:shadow-sm active:shadow-gray-200 transition-all duration-200 hover:border-gray-300 bg-transparent shadow-sm dark:border-neutral-800 hover:bg-slate-50 hover:shadow-md dark:hover:border-neutral-700 dark:hover:bg-neutral-900&#34;href=&#34;https://item.taobao.com/item.htm?ft=t&amp;amp;id=771441899583&#34; target=&#34;_blank&#34; rel=&#34;noreferrer&#34;&gt;&lt;span class=&#34;flex font-semibold items-start gap-2 p-4 text-gray-700 hover:text-gray-900 dark:text-neutral-200 dark:hover:text-neutral-50&#34;&gt;&lt;svg xmlns=&#34;http://www.w3.org/2000/svg&#34; fill=&#34;none&#34; viewBox=&#34;0 0 24 24&#34; stroke-width=&#34;2&#34; stroke=&#34;currentColor&#34; aria-hidden=&#34;true&#34;&gt;&lt;path stroke-linecap=&#34;round&#34; stroke-linejoin=&#34;round&#34; d=&#34;M3 3h2l.4 2M7 13h10l4-8H5.4M7 13L5.4 5M7 13l-2.293 2.293c-.63.63-.184 1.707.707 1.707H17m0 0a2 2 0 100 4 2 2 0 000-4zm-8 2a2 2 0 11-4 0 2 2 0 014 0z&#34;/&gt;&lt;/svg&gt;立即购买高性能矢量变频器&lt;/span&gt;&lt;/a&gt;

  &lt;a
    class=&#34;hextra-card group flex flex-col justify-start overflow-hidden rounded-lg border border-gray-200 text-current no-underline dark:shadow-none hover:shadow-gray-100 dark:hover:shadow-none shadow-gray-100 active:shadow-sm active:shadow-gray-200 transition-all duration-200 hover:border-gray-300 bg-transparent shadow-sm dark:border-neutral-800 hover:bg-slate-50 hover:shadow-md dark:hover:border-neutral-700 dark:hover:bg-neutral-900&#34;href=&#34;https://www.lyskjd.com/blog/faq/&#34; &gt;&lt;span class=&#34;flex font-semibold items-start gap-2 p-4 text-gray-700 hover:text-gray-900 dark:text-neutral-200 dark:hover:text-neutral-50&#34;&gt;&lt;svg xmlns=&#34;http://www.w3.org/2000/svg&#34; fill=&#34;none&#34; viewBox=&#34;0 0 24 24&#34; stroke-width=&#34;2&#34; stroke=&#34;currentColor&#34; aria-hidden=&#34;true&#34;&gt;&lt;path stroke-linecap=&#34;round&#34; stroke-linejoin=&#34;round&#34; d=&#34;M19 20H5a2 2 0 01-2-2V6a2 2 0 012-2h10a2 2 0 012 2v1m2 13a2 2 0 01-2-2V7m2 13a2 2 0 002-2V9a2 2 0 00-2-2h-2m-4-3H9M7 16h6M7 8h6v4H7V8z&#34;/&gt;&lt;/svg&gt;变频器常见问题解答&lt;/span&gt;&lt;/a&gt;
&lt;/div&gt;


      </description>
    </item>
    
    <item>
      <title>6.4 雕刻机宏400HZ</title>
      <link>https://www.lyskjd.com/docs/vfd/industry-application-macro-usage-instructions/engraving-machine-macro-settings/</link>
      <pubDate>Mon, 01 Jan 0001 00:00:00 +0000</pubDate>
      
      <guid>https://www.lyskjd.com/docs/vfd/industry-application-macro-usage-instructions/engraving-machine-macro-settings/</guid>
      <description>
        
        
        &lt;p&gt;X1正转启停，X2多段速端子1，X3多段速端子2，X4多段速端子3，三端子组合如下：&lt;/p&gt;
&lt;table&gt;
&lt;thead&gt;
&lt;tr&gt;
&lt;th style=&#34;text-align:center&#34;&gt;段速&lt;/th&gt;
&lt;th style=&#34;text-align:center&#34;&gt;对应频率&lt;/th&gt;
&lt;th style=&#34;text-align:center&#34;&gt;多段速端子1&lt;/th&gt;
&lt;th style=&#34;text-align:center&#34;&gt;多段速端子2&lt;/th&gt;
&lt;th style=&#34;text-align:center&#34;&gt;多段速端子3&lt;/th&gt;
&lt;/tr&gt;
&lt;/thead&gt;
&lt;tbody&gt;
&lt;tr&gt;
&lt;td style=&#34;text-align:center&#34;&gt;0&lt;/td&gt;
&lt;td style=&#34;text-align:center&#34;&gt;0Hz&lt;/td&gt;
&lt;td style=&#34;text-align:center&#34;&gt;OFF&lt;/td&gt;
&lt;td style=&#34;text-align:center&#34;&gt;OFF&lt;/td&gt;
&lt;td style=&#34;text-align:center&#34;&gt;OFF&lt;/td&gt;
&lt;/tr&gt;
&lt;tr&gt;
&lt;td style=&#34;text-align:center&#34;&gt;1&lt;/td&gt;
&lt;td style=&#34;text-align:center&#34;&gt;100Hz&lt;/td&gt;
&lt;td style=&#34;text-align:center&#34;&gt;ON&lt;/td&gt;
&lt;td style=&#34;text-align:center&#34;&gt;OFF&lt;/td&gt;
&lt;td style=&#34;text-align:center&#34;&gt;OFF&lt;/td&gt;
&lt;/tr&gt;
&lt;tr&gt;
&lt;td style=&#34;text-align:center&#34;&gt;2&lt;/td&gt;
&lt;td style=&#34;text-align:center&#34;&gt;150Hz&lt;/td&gt;
&lt;td style=&#34;text-align:center&#34;&gt;OFF&lt;/td&gt;
&lt;td style=&#34;text-align:center&#34;&gt;ON&lt;/td&gt;
&lt;td style=&#34;text-align:center&#34;&gt;OFF&lt;/td&gt;
&lt;/tr&gt;
&lt;tr&gt;
&lt;td style=&#34;text-align:center&#34;&gt;3&lt;/td&gt;
&lt;td style=&#34;text-align:center&#34;&gt;200Hz&lt;/td&gt;
&lt;td style=&#34;text-align:center&#34;&gt;ON&lt;/td&gt;
&lt;td style=&#34;text-align:center&#34;&gt;ON&lt;/td&gt;
&lt;td style=&#34;text-align:center&#34;&gt;OFF&lt;/td&gt;
&lt;/tr&gt;
&lt;tr&gt;
&lt;td style=&#34;text-align:center&#34;&gt;4&lt;/td&gt;
&lt;td style=&#34;text-align:center&#34;&gt;250Hz&lt;/td&gt;
&lt;td style=&#34;text-align:center&#34;&gt;OFF&lt;/td&gt;
&lt;td style=&#34;text-align:center&#34;&gt;OFF&lt;/td&gt;
&lt;td style=&#34;text-align:center&#34;&gt;ON&lt;/td&gt;
&lt;/tr&gt;
&lt;tr&gt;
&lt;td style=&#34;text-align:center&#34;&gt;5&lt;/td&gt;
&lt;td style=&#34;text-align:center&#34;&gt;300Hz&lt;/td&gt;
&lt;td style=&#34;text-align:center&#34;&gt;ON&lt;/td&gt;
&lt;td style=&#34;text-align:center&#34;&gt;OFF&lt;/td&gt;
&lt;td style=&#34;text-align:center&#34;&gt;ON&lt;/td&gt;
&lt;/tr&gt;
&lt;tr&gt;
&lt;td style=&#34;text-align:center&#34;&gt;6&lt;/td&gt;
&lt;td style=&#34;text-align:center&#34;&gt;350Hz&lt;/td&gt;
&lt;td style=&#34;text-align:center&#34;&gt;OFF&lt;/td&gt;
&lt;td style=&#34;text-align:center&#34;&gt;ON&lt;/td&gt;
&lt;td style=&#34;text-align:center&#34;&gt;ON&lt;/td&gt;
&lt;/tr&gt;
&lt;tr&gt;
&lt;td style=&#34;text-align:center&#34;&gt;7&lt;/td&gt;
&lt;td style=&#34;text-align:center&#34;&gt;400Hz&lt;/td&gt;
&lt;td style=&#34;text-align:center&#34;&gt;ON&lt;/td&gt;
&lt;td style=&#34;text-align:center&#34;&gt;ON&lt;/td&gt;
&lt;td style=&#34;text-align:center&#34;&gt;ON&lt;/td&gt;
&lt;/tr&gt;
&lt;/tbody&gt;
&lt;/table&gt;
&lt;p&gt;探索这些文档以便了解更多内容：&lt;/p&gt;


&lt;div class=&#34;hextra-cards mt-4 gap-4 grid not-prose&#34; style=&#34;--rows: 3;&#34;&gt;
  &lt;a
    class=&#34;hextra-card group flex flex-col justify-start overflow-hidden rounded-lg border border-gray-200 text-current no-underline dark:shadow-none hover:shadow-gray-100 dark:hover:shadow-none shadow-gray-100 active:shadow-sm active:shadow-gray-200 transition-all duration-200 hover:border-gray-300 bg-transparent shadow-sm dark:border-neutral-800 hover:bg-slate-50 hover:shadow-md dark:hover:border-neutral-700 dark:hover:bg-neutral-900&#34;href=&#34;https://item.taobao.com/item.htm?ft=t&amp;amp;id=771441899583&#34; target=&#34;_blank&#34; rel=&#34;noreferrer&#34;&gt;&lt;span class=&#34;flex font-semibold items-start gap-2 p-4 text-gray-700 hover:text-gray-900 dark:text-neutral-200 dark:hover:text-neutral-50&#34;&gt;&lt;svg xmlns=&#34;http://www.w3.org/2000/svg&#34; fill=&#34;none&#34; viewBox=&#34;0 0 24 24&#34; stroke-width=&#34;2&#34; stroke=&#34;currentColor&#34; aria-hidden=&#34;true&#34;&gt;&lt;path stroke-linecap=&#34;round&#34; stroke-linejoin=&#34;round&#34; d=&#34;M3 3h2l.4 2M7 13h10l4-8H5.4M7 13L5.4 5M7 13l-2.293 2.293c-.63.63-.184 1.707.707 1.707H17m0 0a2 2 0 100 4 2 2 0 000-4zm-8 2a2 2 0 11-4 0 2 2 0 014 0z&#34;/&gt;&lt;/svg&gt;立即购买高性能矢量变频器&lt;/span&gt;&lt;/a&gt;

  &lt;a
    class=&#34;hextra-card group flex flex-col justify-start overflow-hidden rounded-lg border border-gray-200 text-current no-underline dark:shadow-none hover:shadow-gray-100 dark:hover:shadow-none shadow-gray-100 active:shadow-sm active:shadow-gray-200 transition-all duration-200 hover:border-gray-300 bg-transparent shadow-sm dark:border-neutral-800 hover:bg-slate-50 hover:shadow-md dark:hover:border-neutral-700 dark:hover:bg-neutral-900&#34;href=&#34;https://www.lyskjd.com/blog/faq/&#34; &gt;&lt;span class=&#34;flex font-semibold items-start gap-2 p-4 text-gray-700 hover:text-gray-900 dark:text-neutral-200 dark:hover:text-neutral-50&#34;&gt;&lt;svg xmlns=&#34;http://www.w3.org/2000/svg&#34; fill=&#34;none&#34; viewBox=&#34;0 0 24 24&#34; stroke-width=&#34;2&#34; stroke=&#34;currentColor&#34; aria-hidden=&#34;true&#34;&gt;&lt;path stroke-linecap=&#34;round&#34; stroke-linejoin=&#34;round&#34; d=&#34;M19 20H5a2 2 0 01-2-2V6a2 2 0 012-2h10a2 2 0 012 2v1m2 13a2 2 0 01-2-2V7m2 13a2 2 0 002-2V9a2 2 0 00-2-2h-2m-4-3H9M7 16h6M7 8h6v4H7V8z&#34;/&gt;&lt;/svg&gt;变频器常见问题解答&lt;/span&gt;&lt;/a&gt;
&lt;/div&gt;


      </description>
    </item>
    
  </channel>
</rss>
