<rss version="2.0" xmlns:atom="http://www.w3.org/2005/Atom">
  <channel>
    <title>Linyi Senkuo Electromechanical Co., Ltd. – Blog</title>
    <link>https://www.lyskjd.com/en/categories/blog/</link>
    <description>Recent content in Blog on Linyi Senkuo Electromechanical Co., Ltd.</description>
    <generator>Hugo -- gohugo.io</generator>
    <language>en</language>
    <lastBuildDate>Thu, 21 Dec 2023 00:00:00 +0000</lastBuildDate>
    
	  <atom:link href="https://www.lyskjd.com/en/categories/blog/index.xml" rel="self" type="application/rss+xml" />
    
    
      
        
      
    
    
    <item>
      <title>Here are the ten advantages of frequency converters</title>
      <link>https://www.lyskjd.com/en/blog/here-are-the-ten-advantages-of-frequency-converters/</link>
      <pubDate>Thu, 21 Dec 2023 00:00:00 +0000</pubDate>
      
      <guid>https://www.lyskjd.com/en/blog/here-are-the-ten-advantages-of-frequency-converters/</guid>
      <description>
        
        
        &lt;h2&gt;1. Energy saving:&lt;span class=&#34;absolute -mt-20&#34; id=&#34;1-energy-saving&#34;&gt;&lt;/span&gt;
    &lt;a href=&#34;#1-energy-saving&#34; class=&#34;subheading-anchor&#34; aria-label=&#34;Permalink for this section&#34;&gt;&lt;/a&gt;&lt;/h2&gt;&lt;p&gt;One of the primary advantages of frequency converters is that they can save energy. By adjusting the operating speed of motors to match load requirements, frequency converters can reduce the amount of energy that is wasted during the production process. This not only helps to lower energy costs, but it can also have a positive environmental impact by reducing the amount of greenhouse gas emissions.&lt;/p&gt;
&lt;h2&gt;2. High precision:&lt;span class=&#34;absolute -mt-20&#34; id=&#34;2-high-precision&#34;&gt;&lt;/span&gt;
    &lt;a href=&#34;#2-high-precision&#34; class=&#34;subheading-anchor&#34; aria-label=&#34;Permalink for this section&#34;&gt;&lt;/a&gt;&lt;/h2&gt;&lt;p&gt;Another key advantage of frequency converters is that they can achieve very precise motor speed control. This is important in many production processes where accuracy is critical. By ensuring that the motor is running at the correct speed, frequency converters can help to improve product quality and reduce waste.&lt;/p&gt;
&lt;h2&gt;3. Low noise:&lt;span class=&#34;absolute -mt-20&#34; id=&#34;3-low-noise&#34;&gt;&lt;/span&gt;
    &lt;a href=&#34;#3-low-noise&#34; class=&#34;subheading-anchor&#34; aria-label=&#34;Permalink for this section&#34;&gt;&lt;/a&gt;&lt;/h2&gt;&lt;p&gt;Because frequency converters can achieve smooth motor speed control, they can also help to reduce motor noise. This is particularly important in settings where noise levels need to be kept to a minimum, such as in hospitals or other sensitive environments.&lt;/p&gt;
&lt;h2&gt;4. Soft start:&lt;span class=&#34;absolute -mt-20&#34; id=&#34;4-soft-start&#34;&gt;&lt;/span&gt;
    &lt;a href=&#34;#4-soft-start&#34; class=&#34;subheading-anchor&#34; aria-label=&#34;Permalink for this section&#34;&gt;&lt;/a&gt;&lt;/h2&gt;&lt;p&gt;Frequency converters can control slow motor start-up, which can help to reduce the impact and stress on the motor during start-up. This can help to extend the life of the motor and reduce the likelihood of mechanical failures.&lt;/p&gt;
&lt;h2&gt;5. Improved motor life:&lt;span class=&#34;absolute -mt-20&#34; id=&#34;5-improved-motor-life&#34;&gt;&lt;/span&gt;
    &lt;a href=&#34;#5-improved-motor-life&#34; class=&#34;subheading-anchor&#34; aria-label=&#34;Permalink for this section&#34;&gt;&lt;/a&gt;&lt;/h2&gt;&lt;p&gt;Frequency converters can control motor speed and load, which can help to reduce mechanical wear and failure. By ensuring that the motor is running at the correct speed and under the appropriate load, frequency converters can help to extend the life of the motor and reduce the need for costly repairs or replacements.&lt;/p&gt;
&lt;h2&gt;6. Reduced mechanical failures:&lt;span class=&#34;absolute -mt-20&#34; id=&#34;6-reduced-mechanical-failures&#34;&gt;&lt;/span&gt;
    &lt;a href=&#34;#6-reduced-mechanical-failures&#34; class=&#34;subheading-anchor&#34; aria-label=&#34;Permalink for this section&#34;&gt;&lt;/a&gt;&lt;/h2&gt;&lt;p&gt;In addition to improving motor life, frequency converters can also help to reduce mechanical failures. By monitoring the motor operating conditions and adjusting the motor load in a timely manner, frequency converters can help to identify and address potential issues before they become more serious.&lt;/p&gt;
&lt;h2&gt;7. Reduced maintenance costs:&lt;span class=&#34;absolute -mt-20&#34; id=&#34;7-reduced-maintenance-costs&#34;&gt;&lt;/span&gt;
    &lt;a href=&#34;#7-reduced-maintenance-costs&#34; class=&#34;subheading-anchor&#34; aria-label=&#34;Permalink for this section&#34;&gt;&lt;/a&gt;&lt;/h2&gt;&lt;p&gt;By extending the service life of motors and reducing the likelihood of mechanical failures, frequency converters can help to reduce maintenance and replacement costs. This can be especially beneficial for companies that rely on a large number of motors in their production processes.&lt;/p&gt;
&lt;h2&gt;8. Good stability:&lt;span class=&#34;absolute -mt-20&#34; id=&#34;8-good-stability&#34;&gt;&lt;/span&gt;
    &lt;a href=&#34;#8-good-stability&#34; class=&#34;subheading-anchor&#34; aria-label=&#34;Permalink for this section&#34;&gt;&lt;/a&gt;&lt;/h2&gt;&lt;p&gt;Frequency converters can help to improve the stability of the production process by controlling motor speed and load. By ensuring that the motor is running at a consistent speed and under the appropriate load, frequency converters can help to improve product quality and reduce waste.&lt;/p&gt;
&lt;h2&gt;9. Strong flexibility:&lt;span class=&#34;absolute -mt-20&#34; id=&#34;9-strong-flexibility&#34;&gt;&lt;/span&gt;
    &lt;a href=&#34;#9-strong-flexibility&#34; class=&#34;subheading-anchor&#34; aria-label=&#34;Permalink for this section&#34;&gt;&lt;/a&gt;&lt;/h2&gt;&lt;p&gt;Frequency converters can achieve multiple operating modes, which makes them highly adaptable to different production needs. This can be especially beneficial for companies that need to produce a variety of products using different production methods.&lt;/p&gt;
&lt;h2&gt;10. High reliability:&lt;span class=&#34;absolute -mt-20&#34; id=&#34;10-high-reliability&#34;&gt;&lt;/span&gt;
    &lt;a href=&#34;#10-high-reliability&#34; class=&#34;subheading-anchor&#34; aria-label=&#34;Permalink for this section&#34;&gt;&lt;/a&gt;&lt;/h2&gt;&lt;p&gt;Finally, frequency converters can help to improve the reliability of the production process. By monitoring the operating status of motors in real-time and adjusting control parameters as needed, frequency converters can help to prevent downtime and reduce the likelihood of production delays or other issues. This can be especially important for companies that rely on a continuous production process to meet demand.&lt;/p&gt;
&lt;hr&gt;
&lt;blockquote&gt;
&lt;p&gt;&lt;strong&gt;We welcome global agents, distributors, retailers, and other partners to join us and work together to develop mutually beneficial business relationships. Our products have already been well received by customers in many countries and regions, and we look forward to expanding our reach even further.&lt;/strong&gt;&lt;/p&gt;
&lt;/blockquote&gt;
&lt;p&gt;&lt;a href=&#34;https://www.lyskjd.com/contact/&#34; &gt;contact us&lt;/a&gt;: &lt;a href=&#34;mailto:sales@senkuogroup.com&#34; &gt;sales@senkuogroup.com&lt;/a&gt;&lt;/p&gt;

      </description>
    </item>
    
    <item>
      <title>Why You Should Invest in a Vector Frequency Inverter for Your Business</title>
      <link>https://www.lyskjd.com/en/blog/why-you-should-invest-in-a-vector-frequency-inverter-for-your-business/</link>
      <pubDate>Wed, 20 Dec 2023 00:00:00 +0000</pubDate>
      
      <guid>https://www.lyskjd.com/en/blog/why-you-should-invest-in-a-vector-frequency-inverter-for-your-business/</guid>
      <description>
        
        
        &lt;p&gt;Why You Should Invest in a Vector Frequency Inverter for Your Business&lt;/p&gt;
&lt;p&gt;In today&amp;rsquo;s fast-paced and competitive business environment, every penny counts. You need to optimize your operations and minimize your costs in order to remain competitive. One way to do this is to invest in high-quality equipment that can help you save money while improving your overall efficiency. And when it comes to power control, there&amp;rsquo;s no better solution than a vector frequency inverter.&lt;/p&gt;
&lt;p&gt;A vector frequency inverter is an advanced piece of electrical equipment that can control the speed of an AC motor by varying the frequency of the power supply. It&amp;rsquo;s an efficient and cost-effective way to control motor speed and torque, and it offers a wide range of benefits for your business. Here are just a few reasons why you should consider investing in a vector frequency inverter:&lt;/p&gt;
&lt;ol&gt;
&lt;li&gt;
&lt;p&gt;Improved Efficiency: With a vector frequency inverter, you can reduce energy consumption and improve your overall efficiency. By controlling the speed and torque of your motors, you can ensure that they are operating at the optimal level for your specific application.&lt;/p&gt;
&lt;/li&gt;
&lt;li&gt;
&lt;p&gt;Greater Precision: Vector frequency inverters offer greater control and precision than other types of inverters, allowing you to fine-tune the performance of your motors to meet your specific needs.&lt;/p&gt;
&lt;/li&gt;
&lt;li&gt;
&lt;p&gt;Extended Motor Life: By controlling the speed and torque of your motors, a vector frequency inverter can help extend the life of your motors and reduce the risk of damage from sudden starts and stops.&lt;/p&gt;
&lt;/li&gt;
&lt;li&gt;
&lt;p&gt;Reduced Maintenance Costs: With a vector frequency inverter, you can reduce the wear and tear on your motors and other equipment, leading to lower maintenance costs and longer equipment life.&lt;/p&gt;
&lt;/li&gt;
&lt;li&gt;
&lt;p&gt;Increased Productivity: By controlling the speed and torque of your motors, a vector frequency inverter can help you optimize your production processes and increase your overall productivity.&lt;/p&gt;
&lt;/li&gt;
&lt;li&gt;
&lt;p&gt;Versatile Applications: Vector frequency inverters are suitable for a wide range of applications, including pumps, fans, conveyors, and other types of machinery.&lt;/p&gt;
&lt;/li&gt;
&lt;/ol&gt;
&lt;p&gt;At our company, we specialize in providing high-quality vector frequency inverters that are designed to meet the needs of businesses of all sizes. We offer a wide range of models that are suitable for a variety of applications, and we can help you choose the right one for your specific needs.&lt;/p&gt;
&lt;p&gt;So if you&amp;rsquo;re looking to improve the efficiency and productivity of your business, it&amp;rsquo;s time to consider investing in a vector frequency inverter. Contact us today to learn more about our products and how they can help you take your business to the next level.&lt;/p&gt;
&lt;hr&gt;
&lt;blockquote&gt;
&lt;p&gt;&lt;strong&gt;We welcome global agents, distributors, retailers, and other partners to join us and work together to develop mutually beneficial business relationships. Our products have already been well received by customers in many countries and regions, and we look forward to expanding our reach even further.&lt;/strong&gt;&lt;/p&gt;
&lt;/blockquote&gt;
&lt;p&gt;&lt;a href=&#34;https://www.lyskjd.com/contact/&#34; &gt;contact us&lt;/a&gt;: &lt;a href=&#34;mailto:sales@senkuogroup.com&#34; &gt;sales@senkuogroup.com&lt;/a&gt;&lt;/p&gt;

      </description>
    </item>
    
    <item>
      <title>Leading the Future Trend, Vector Inverter Helps You Easily Control Power Management</title>
      <link>https://www.lyskjd.com/en/blog/leading-the-future-trend-vector-inverter-helps-you-easily-control-power-management/</link>
      <pubDate>Tue, 19 Dec 2023 00:00:00 +0000</pubDate>
      
      <guid>https://www.lyskjd.com/en/blog/leading-the-future-trend-vector-inverter-helps-you-easily-control-power-management/</guid>
      <description>
        
        
        &lt;p&gt;Introducing the Revolutionary Vector Frequency Converter&lt;/p&gt;
&lt;p&gt;Are you looking for a solution to control the speed of your electrical equipment accurately and efficiently? Look no further than the vector frequency converter.&lt;/p&gt;
&lt;p&gt;Our vector frequency converter is a game-changing device that provides precision control of your equipment&amp;rsquo;s speed. It uses advanced technology to precisely regulate the output frequency and voltage of your motors, ensuring that they operate at the optimal level.&lt;/p&gt;
&lt;p&gt;One of the most significant benefits of our vector frequency converter is its energy efficiency. By regulating the speed of your equipment, you can reduce your energy consumption and lower your operating costs.&lt;/p&gt;
&lt;p&gt;Additionally, our vector frequency converter is incredibly user-friendly. It can be easily programmed to meet your specific needs, and the digital display allows for easy monitoring of your equipment&amp;rsquo;s performance.&lt;/p&gt;
&lt;p&gt;Our product is designed with your needs in mind, and we pride ourselves on delivering exceptional customer service. We offer comprehensive technical support to ensure that you can get the most out of your vector frequency converter.&lt;/p&gt;
&lt;p&gt;Don&amp;rsquo;t let imprecise speed control hold you back any longer. Take control of your electrical equipment with the vector frequency converter today. Contact us to learn more and to order your very own.&lt;/p&gt;
&lt;hr&gt;
&lt;blockquote&gt;
&lt;p&gt;&lt;strong&gt;We welcome global agents, distributors, retailers, and other partners to join us and work together to develop mutually beneficial business relationships. Our products have already been well received by customers in many countries and regions, and we look forward to expanding our reach even further.&lt;/strong&gt;&lt;/p&gt;
&lt;/blockquote&gt;
&lt;p&gt;&lt;a href=&#34;https://www.lyskjd.com/contact/&#34; &gt;contact us&lt;/a&gt;: &lt;a href=&#34;mailto:sales@senkuogroup.com&#34; &gt;sales@senkuogroup.com&lt;/a&gt;&lt;/p&gt;

      </description>
    </item>
    
    <item>
      <title>Application of frequency converter in double girder driving</title>
      <link>https://www.lyskjd.com/en/blog/application-of-frequency-converter-in-double-girder-driving/</link>
      <pubDate>Mon, 18 Dec 2023 00:00:00 +0000</pubDate>
      
      <guid>https://www.lyskjd.com/en/blog/application-of-frequency-converter-in-double-girder-driving/</guid>
      <description>
        
        
        &lt;p&gt;Driving is a kind of lifting equipment widely used in industrial and mining enterprises. However, the traditional driving control system has high energy consumption, high overall equipment failure rate, high maintenance costs, low power factor of the power grid, and poor speed regulation accuracy, which has been difficult to meet the requirements of modern energy-saving, stable and high-performance equipment. Modern frequency conversion technology is applied to driving equipment, which can realize the main circuit contactless control, small starting current, low noise, accurate walking lifting positioning, high production efficiency, low maintenance cost, and complete frequency converter protection functions, which can effectively protect themselves, motors and other components.&lt;/p&gt;
&lt;h2&gt;Process features&lt;span class=&#34;absolute -mt-20&#34; id=&#34;process-features&#34;&gt;&lt;/span&gt;
    &lt;a href=&#34;#process-features&#34; class=&#34;subheading-anchor&#34; aria-label=&#34;Permalink for this section&#34;&gt;&lt;/a&gt;&lt;/h2&gt;&lt;p&gt;The starting torque is large, and it can quickly accelerate and decelerate, forward and reverse&lt;/p&gt;
&lt;p&gt;Multi-speed can be achieved and the speed is adjustable&lt;/p&gt;
&lt;p&gt;When heavy load, the start and stop in the middle of the air is normal, stable, and does not slip&lt;/p&gt;
&lt;p&gt;It can adapt to long-term frequent start-stop, forward and reverse rotation and jog control&lt;/p&gt;
&lt;p&gt;Stepless speed regulation can be realized&lt;/p&gt;
&lt;p&gt;The security protection is complete&lt;/p&gt;
&lt;h2&gt;Application scenarios&lt;span class=&#34;absolute -mt-20&#34; id=&#34;application-scenarios&#34;&gt;&lt;/span&gt;
    &lt;a href=&#34;#application-scenarios&#34; class=&#34;subheading-anchor&#34; aria-label=&#34;Permalink for this section&#34;&gt;&lt;/a&gt;&lt;/h2&gt;&lt;p&gt;Walking mechanism: optional Senkuo SKF 8000 series inverter, the use of one drag multiple control, drag cart and trolley traveling mechanism, 15kW and below standard built-in brake unit, only need to configure brake resistance can achieve fast and smooth start and stop, so that heavy objects move smoothly and safely.&lt;/p&gt;
&lt;p&gt;Lifting mechanism: Senkuo SKF 8000 series crane special frequency converter is selected, including special timing control for lifting, open-loop vector control, and the use of brake unit and brake resistance combined with mechanical braking to ensure smooth and reliable lifting with load.&lt;/p&gt;
&lt;p&gt;Three-phase vector inverter&lt;/p&gt;
&lt;h2&gt;Senkuo inverter advantages&lt;span class=&#34;absolute -mt-20&#34; id=&#34;senkuo-inverter-advantages&#34;&gt;&lt;/span&gt;
    &lt;a href=&#34;#senkuo-inverter-advantages&#34; class=&#34;subheading-anchor&#34; aria-label=&#34;Permalink for this section&#34;&gt;&lt;/a&gt;&lt;/h2&gt;&lt;p&gt;The fast current limit function effectively limits the inrush current and prevents frequent overcurrent protection&lt;/p&gt;
&lt;p&gt;The powerful overload capacity can fully adapt to long-term frequent start-stop control: 180% rated load 3S&lt;/p&gt;
&lt;p&gt;Ultra-fast torque response speed and stable speed accuracy, fast operation, accurate positioning, improve work efficiency&lt;/p&gt;
&lt;p&gt;The special control logic of the crane can ensure that there will be no slippage phenomenon when starting and stopping at any position when fully loaded, and the driving operation is safe and reliable&lt;/p&gt;
&lt;p&gt;It can reduce the power capacity requirements of driving, reduce the starting current, and improve the power factor of the equipment&lt;/p&gt;
&lt;h2&gt;Applications&lt;span class=&#34;absolute -mt-20&#34; id=&#34;applications&#34;&gt;&lt;/span&gt;
    &lt;a href=&#34;#applications&#34; class=&#34;subheading-anchor&#34; aria-label=&#34;Permalink for this section&#34;&gt;&lt;/a&gt;&lt;/h2&gt;&lt;p&gt;Gantry crane, semi-gantry crane, port container crane, gantry crane&lt;/p&gt;
&lt;p&gt;Equipment manufacturing, metallurgy, petrochemical, stone processing, logistics, power plants, mining, building materials, ports&lt;/p&gt;
&lt;hr&gt;
&lt;blockquote&gt;
&lt;p&gt;&lt;strong&gt;We welcome global agents, distributors, retailers, and other partners to join us and work together to develop mutually beneficial business relationships. Our products have already been well received by customers in many countries and regions, and we look forward to expanding our reach even further.&lt;/strong&gt;&lt;/p&gt;
&lt;/blockquote&gt;
&lt;p&gt;&lt;a href=&#34;https://www.lyskjd.com/contact/&#34; &gt;contact us&lt;/a&gt;: &lt;a href=&#34;mailto:sales@senkuogroup.com&#34; &gt;sales@senkuogroup.com&lt;/a&gt;&lt;/p&gt;

      </description>
    </item>
    
    <item>
      <title>What are the functions and advantages of the frequency converter?</title>
      <link>https://www.lyskjd.com/en/blog/what-are-the-functions-and-advantages-of-the-frequency-converter/</link>
      <pubDate>Sun, 17 Dec 2023 00:00:00 +0000</pubDate>
      
      <guid>https://www.lyskjd.com/en/blog/what-are-the-functions-and-advantages-of-the-frequency-converter/</guid>
      <description>
        
        
        &lt;p&gt;Before the appearance of frequency converters, it was very troublesome to adjust the speed of asynchronous motors, because the speed and torque were not in a straight line. For example, the speed adjustment through the slip head, or the simple step-down speed adjustment, etc., the effect was not ideal. According to the speed formula of the three-phase asynchronous motor, the speed n=60*f/p(1-s), where p is the number of pole pairs, s is the slip rate, f is the frequency of the power supply, as long as it can output a controllable frequency AC power supply, the speed of the three-phase asynchronous motor can be changed smoothly, which is the basis of the working principle of the frequency conversion speed regulator.&lt;/p&gt;
&lt;p&gt;There are many advantages of vector inverters, here we select the four most important ones to describe them in detail.&lt;/p&gt;
&lt;ol&gt;
&lt;li&gt;One of the biggest advantages of frequency converter is energy saving.&lt;/li&gt;
&lt;/ol&gt;
&lt;p&gt;The most obvious industry is the application of fan and water pump industry. Because the power consumption of the fan and water pump is proportional to the cube of the speed, when the external wind/water consumption is not high, the speed will be reduced by frequency conversion, and the energy saving effect will be obvious. The principle of energy saving in other industries is roughly the same, and energy saving is achieved by reducing the motor speed when it does not need to run at full speed.&lt;/p&gt;
&lt;ol start=&#34;2&#34;&gt;
&lt;li&gt;It can be soft-started, saving energy and prolonging the service life&lt;/li&gt;
&lt;/ol&gt;
&lt;p&gt;When the motor is started directly by power frequency, it will generate 7 to 8 times the rated current of the motor. The increase in current increases the electrical stress of the motor winding and generates heat, thereby reducing the service life of the inverter. And the frequency conversion speed regulation can start at zero speed and zero voltage (it can also be properly increased by torque boost).&lt;/p&gt;
&lt;ol start=&#34;3&#34;&gt;
&lt;li&gt;The control system is simplified&lt;/li&gt;
&lt;/ol&gt;
&lt;p&gt;The variable frequency controller can start at zero speed and accelerate evenly according to the user&amp;rsquo;s needs, and its acceleration curve can also be selected (linear acceleration, S-shaped acceleration or automatic acceleration). The operating speed can be adjusted at any time according to the needs, and can be changed rapidly according to the process, and the speed change can also be realized through remote control PLC or other controllers.&lt;/p&gt;
&lt;ol start=&#34;4&#34;&gt;
&lt;li&gt;Reduce mechanical wear and loss&lt;/li&gt;
&lt;/ol&gt;
&lt;p&gt;Severe vibration will be generated on the motor or the connected mechanical part shaft or gear when it is started by power frequency. This vibration will further increase mechanical wear and loss, reducing the life of mechanical parts and motors. In the frequency conversion speed regulation, the stop method can be controlled, and there are different stop methods to choose (deceleration stop, free stop, deceleration stop + DC braking), which can reduce the impact on mechanical parts and motors, so that the whole system More reliable, life expectancy will increase accordingly, improve system stability.&lt;/p&gt;
&lt;hr&gt;
&lt;blockquote&gt;
&lt;p&gt;&lt;strong&gt;We welcome global agents, distributors, retailers, and other partners to join us and work together to develop mutually beneficial business relationships. Our products have already been well received by customers in many countries and regions, and we look forward to expanding our reach even further.&lt;/strong&gt;&lt;/p&gt;
&lt;/blockquote&gt;
&lt;p&gt;&lt;a href=&#34;https://www.lyskjd.com/contact/&#34; &gt;contact us&lt;/a&gt;: &lt;a href=&#34;mailto:sales@senkuogroup.com&#34; &gt;sales@senkuogroup.com&lt;/a&gt;&lt;/p&gt;

      </description>
    </item>
    
    <item>
      <title>Power up Your Business with Vector Inverters</title>
      <link>https://www.lyskjd.com/en/blog/power-up-your-business-with-vector-inverters/</link>
      <pubDate>Sat, 16 Dec 2023 00:00:00 +0000</pubDate>
      
      <guid>https://www.lyskjd.com/en/blog/power-up-your-business-with-vector-inverters/</guid>
      <description>
        
        
        &lt;p&gt;Are you looking for a way to take your business to the next level? Look no further than vector inverters. These powerful devices can help you achieve greater control over your machinery, resulting in increased efficiency, productivity, and profitability.&lt;/p&gt;
&lt;p&gt;With their advanced motor control technology, vector inverters provide precise speed and torque control, making them ideal for a wide range of applications, from conveyor belts to mixers, compressors, and more. Their ability to optimize motor performance can reduce energy costs and improve the lifespan of your equipment.&lt;/p&gt;
&lt;p&gt;But that&amp;rsquo;s not all. Vector inverters also offer easy installation and programming, with user-friendly interfaces that make it simple to adjust settings and monitor performance. And with remote monitoring capabilities, you can keep an eye on your equipment from anywhere, anytime.&lt;/p&gt;
&lt;p&gt;&lt;figure&gt;
    &lt;img src=&#34;https://www.lyskjd.com/images/Vector-inverter/4.jpg&#34; title=&#34;Power up Your Business with Vector Inverters&#34; alt=&#34;Power up Your Business with Vector Inverters&#34; loading=&#34;lazy&#34; /&gt;
    &lt;figcaption&gt;Power up Your Business with Vector Inverters&lt;/figcaption&gt;
  &lt;/figure&gt;&lt;/p&gt;
&lt;p&gt;Investing in vector inverters is an investment in your business&amp;rsquo;s success. By improving the performance and efficiency of your machinery, you can stay competitive and increase your profits. So why wait? Contact us today to learn more about how vector inverters can power up your business.&lt;/p&gt;
&lt;hr&gt;
&lt;blockquote&gt;
&lt;p&gt;&lt;strong&gt;We welcome global agents, distributors, retailers, and other partners to join us and work together to develop mutually beneficial business relationships. Our products have already been well received by customers in many countries and regions, and we look forward to expanding our reach even further.&lt;/strong&gt;&lt;/p&gt;
&lt;/blockquote&gt;
&lt;p&gt;&lt;a href=&#34;https://www.lyskjd.com/contact/&#34; &gt;contact us&lt;/a&gt;: &lt;a href=&#34;mailto:sales@senkuogroup.com&#34; &gt;sales@senkuogroup.com&lt;/a&gt;&lt;/p&gt;

      </description>
    </item>
    
    <item>
      <title>Why place an order today for our vector frequency converters</title>
      <link>https://www.lyskjd.com/en/blog/why-place-an-order-today-for-our-vector-frequency-converters/</link>
      <pubDate>Fri, 15 Dec 2023 00:00:00 +0000</pubDate>
      
      <guid>https://www.lyskjd.com/en/blog/why-place-an-order-today-for-our-vector-frequency-converters/</guid>
      <description>
        
        
        &lt;p&gt;Dear customer, thank you very much for considering purchasing our vector frequency converter. We understand that you need to consider various factors when buying equipment. We hope that through this article, we can introduce some reasons why placing an order for our vector frequency converter today is a wise decision.&lt;/p&gt;
&lt;h2&gt;High Quality&lt;span class=&#34;absolute -mt-20&#34; id=&#34;high-quality&#34;&gt;&lt;/span&gt;
    &lt;a href=&#34;#high-quality&#34; class=&#34;subheading-anchor&#34; aria-label=&#34;Permalink for this section&#34;&gt;&lt;/a&gt;&lt;/h2&gt;&lt;p&gt;Our vector frequency converter adopts the most advanced technology and materials and undergoes rigorous quality inspection and performance testing. We put quality first and strive to ensure that every device meets the highest standards, ensuring that you can obtain stable, reliable, and efficient equipment.&lt;/p&gt;
&lt;h2&gt;Wide Range of Applications&lt;span class=&#34;absolute -mt-20&#34; id=&#34;wide-range-of-applications&#34;&gt;&lt;/span&gt;
    &lt;a href=&#34;#wide-range-of-applications&#34; class=&#34;subheading-anchor&#34; aria-label=&#34;Permalink for this section&#34;&gt;&lt;/a&gt;&lt;/h2&gt;&lt;p&gt;Our vector frequency converter has a wide range of applications and can be used to control various mechanical and electrical equipment, such as fans, water pumps, compressors, etc. Whether it is large-scale industrial production or small household equipment, we can provide the most suitable vector frequency converter for you.&lt;/p&gt;
&lt;h2&gt;Professional Technical Support&lt;span class=&#34;absolute -mt-20&#34; id=&#34;professional-technical-support&#34;&gt;&lt;/span&gt;
    &lt;a href=&#34;#professional-technical-support&#34; class=&#34;subheading-anchor&#34; aria-label=&#34;Permalink for this section&#34;&gt;&lt;/a&gt;&lt;/h2&gt;&lt;p&gt;Our team is composed of a group of technically professional engineers who have conducted in-depth research and development of the equipment and can provide professional technical support and after-sales service. Whatever problems you encounter in purchasing, using, and maintaining the equipment, we can provide you with timely and efficient solutions.&lt;/p&gt;
&lt;h2&gt;Advanced Control Functions&lt;span class=&#34;absolute -mt-20&#34; id=&#34;advanced-control-functions&#34;&gt;&lt;/span&gt;
    &lt;a href=&#34;#advanced-control-functions&#34; class=&#34;subheading-anchor&#34; aria-label=&#34;Permalink for this section&#34;&gt;&lt;/a&gt;&lt;/h2&gt;&lt;p&gt;Our vector frequency converter has advanced control functions, which can precisely control the motor&amp;rsquo;s speed, torque, acceleration, and other parameters to ensure that the equipment always maintains the best operating state. This also makes the equipment more intelligent and automated.&lt;/p&gt;
&lt;h2&gt;Favorable Price&lt;span class=&#34;absolute -mt-20&#34; id=&#34;favorable-price&#34;&gt;&lt;/span&gt;
    &lt;a href=&#34;#favorable-price&#34; class=&#34;subheading-anchor&#34; aria-label=&#34;Permalink for this section&#34;&gt;&lt;/a&gt;&lt;/h2&gt;&lt;p&gt;We offer the most competitive price to ensure that you can obtain the best cost performance. Our equipment has outstanding performance and affordable prices, which can meet your different needs.&lt;/p&gt;
&lt;p&gt;In summary, by placing an order for our vector frequency converter today, you can not only obtain high-quality equipment and professional technical support but also enjoy favorable prices and advanced control functions. We believe that our vector frequency converter will bring you convenience and high efficiency in your production and life, making your work easier and more comfortable. Thank you for your support!&lt;/p&gt;
&lt;hr&gt;
&lt;blockquote&gt;
&lt;p&gt;&lt;strong&gt;We welcome global agents, distributors, retailers, and other partners to join us and work together to develop mutually beneficial business relationships. Our products have already been well received by customers in many countries and regions, and we look forward to expanding our reach even further.&lt;/strong&gt;&lt;/p&gt;
&lt;/blockquote&gt;
&lt;p&gt;&lt;a href=&#34;https://www.lyskjd.com/contact/&#34; &gt;contact us&lt;/a&gt;: &lt;a href=&#34;mailto:sales@senkuogroup.com&#34; &gt;sales@senkuogroup.com&lt;/a&gt;&lt;/p&gt;

      </description>
    </item>
    
    <item>
      <title>What are the benefits of using a frequency converter?</title>
      <link>https://www.lyskjd.com/en/blog/what-are-the-benefits-of-using-a-frequency-converter/</link>
      <pubDate>Wed, 13 Dec 2023 00:00:00 +0000</pubDate>
      
      <guid>https://www.lyskjd.com/en/blog/what-are-the-benefits-of-using-a-frequency-converter/</guid>
      <description>
        
        
        &lt;p&gt;Frequency conversion speed regulation has been recognized as one of the most ideal and promising speed regulation methods. The main purpose of using a general-purpose frequency converter to form a frequency conversion speed regulation transmission system is to meet the needs of improving labor productivity, improving product quality, and improving equipment. The degree of automation, improve the quality of life and improve the living environment and other requirements; the second is to save energy and reduce production costs.&lt;/p&gt;
&lt;p&gt;So what are the differences in the benefits of using frequency converters in different occasions? We select the frequency converter according to the process requirements and application occasions and summarize the following points: Frequency conversion speed regulation has been recognized as one of the most ideal and promising speed regulation methods, and the use of general-purpose frequency converters to form the main frequency conversion speed regulation transmission system The purpose, one is to meet the requirements of increasing labor productivity, improving product quality, increasing equipment automation, improving the quality of life and improving the living environment; the other is to save energy and reduce production costs.&lt;/p&gt;
&lt;p&gt;So what are the differences in the benefits of using frequency converters in different occasions? We select the frequency converter according to the process requirements and application occasions and summarize the following points:&lt;/p&gt;
&lt;h2&gt;Fan:&lt;span class=&#34;absolute -mt-20&#34; id=&#34;fan&#34;&gt;&lt;/span&gt;
    &lt;a href=&#34;#fan&#34; class=&#34;subheading-anchor&#34; aria-label=&#34;Permalink for this section&#34;&gt;&lt;/a&gt;&lt;/h2&gt;&lt;ol&gt;
&lt;li&gt;Let the fan save electricity by 15-55%, reduce production costs and increase net profit;&lt;/li&gt;
&lt;li&gt;Reduce the starting current of the fan, make the grid voltage more stable, and greatly alleviate the shortage of power supply capacity;&lt;/li&gt;
&lt;li&gt;Gentle start, reduce mechanical impact, Extend the service life of equipment;&lt;/li&gt;
&lt;li&gt;Reduce noise;&lt;/li&gt;
&lt;li&gt;Realize automatic control and process control.&lt;/li&gt;
&lt;/ol&gt;
&lt;h2&gt;Water pump:&lt;span class=&#34;absolute -mt-20&#34; id=&#34;water-pump&#34;&gt;&lt;/span&gt;
    &lt;a href=&#34;#water-pump&#34; class=&#34;subheading-anchor&#34; aria-label=&#34;Permalink for this section&#34;&gt;&lt;/a&gt;&lt;/h2&gt;&lt;ol&gt;
&lt;li&gt;Energy saving, can save electricity by 20%-40%;&lt;/li&gt;
&lt;li&gt;Flexible configuration, high degree of automation, complete functions, flexible and reliable;&lt;/li&gt;
&lt;li&gt;Reasonable operation, soft start and soft stop, can eliminate water hammer effect, motor The average torque and wear on the shaft are reduced, reducing the amount of maintenance and maintenance costs, and the life of the pump is greatly improved;&lt;/li&gt;
&lt;li&gt;The frequency conversion constant pressure speed regulation directly supplies water from the water source, reducing the secondary pollution of the original water supply method and preventing the spread of many infectious diseases&lt;/li&gt;
&lt;li&gt;The frequency converter is the core part of the whole frequency conversion constant pressure water supply system. The water pump motor is the output link, and the speed is controlled by the frequency converter to realize variable flow and constant pressure control.&lt;/li&gt;
&lt;/ol&gt;
&lt;h2&gt;Machine tool:&lt;span class=&#34;absolute -mt-20&#34; id=&#34;machine-tool&#34;&gt;&lt;/span&gt;
    &lt;a href=&#34;#machine-tool&#34; class=&#34;subheading-anchor&#34; aria-label=&#34;Permalink for this section&#34;&gt;&lt;/a&gt;&lt;/h2&gt;&lt;ol&gt;
&lt;li&gt;Short parking time, strong braking ability;&lt;/li&gt;
&lt;li&gt;Good linearity of speed setting, small speed fluctuation;&lt;/li&gt;
&lt;li&gt;Stepless speed change, different speeds can be selected according to the processing requirements of different materials;&lt;/li&gt;
&lt;li&gt;Frequency converter within 50HZ For constant torque operation, it can meet the torque requirements during low-speed machining;&lt;/li&gt;
&lt;/ol&gt;
&lt;h2&gt;Mixer:&lt;span class=&#34;absolute -mt-20&#34; id=&#34;mixer&#34;&gt;&lt;/span&gt;
    &lt;a href=&#34;#mixer&#34; class=&#34;subheading-anchor&#34; aria-label=&#34;Permalink for this section&#34;&gt;&lt;/a&gt;&lt;/h2&gt;&lt;ol&gt;
&lt;li&gt;The soft start function of the frequency converter can greatly reduce the starting impact current;&lt;/li&gt;
&lt;li&gt;The frequency converter has intelligent protection, and it will automatically stop and record when it fails;&lt;/li&gt;
&lt;li&gt;It can be given different parameters in time according to different processes and materials. Speed, improve product quality;&lt;/li&gt;
&lt;li&gt;Realize energy saving and consumption reduction through frequency conversion speed regulation. I believe that you have a certain understanding of the advantages of inverter applications, and you are very welcome to come to our company to purchase product specifications that suit your requirements.&lt;/li&gt;
&lt;/ol&gt;
&lt;hr&gt;
&lt;blockquote&gt;
&lt;p&gt;&lt;strong&gt;We welcome global agents, distributors, retailers, and other partners to join us and work together to develop mutually beneficial business relationships. Our products have already been well received by customers in many countries and regions, and we look forward to expanding our reach even further.&lt;/strong&gt;&lt;/p&gt;
&lt;/blockquote&gt;
&lt;p&gt;&lt;a href=&#34;https://www.lyskjd.com/contact/&#34; &gt;contact us&lt;/a&gt;: &lt;a href=&#34;mailto:sales@senkuogroup.com&#34; &gt;sales@senkuogroup.com&lt;/a&gt;&lt;/p&gt;

      </description>
    </item>
    
    <item>
      <title>The company&#39;s English international website officially opened</title>
      <link>https://www.lyskjd.com/en/blog/the-companys-english-international-website-officially-opened/</link>
      <pubDate>Fri, 13 Jan 2023 00:00:00 +0000</pubDate>
      
      <guid>https://www.lyskjd.com/en/blog/the-companys-english-international-website-officially-opened/</guid>
      <description>
        
        
        &lt;p&gt;Congratulations on the official opening of the English international website of Linyi Senkuo Electromechanical Co., Ltd. The company will provide high-quality products and services to customers around the world.&lt;/p&gt;
&lt;p&gt;Linyi Senkuo Electromechanical Co., Ltd. produces online soft starter cabinets, online soft starters, frequency converters, frequency conversion control cabinets, constant pressure water supply control cabinets, auto-coupling decompression starter cabinets, star-delta starter cabinets, PLC control cabinets, intelligent software Starters, bypass soft starters, Chinese soft starters, bypass soft starter cabinets enjoy a high status among consumers, and the company has established long-term and stable cooperative relationships with many retailers and agents. Linyi Senkuo Electromechanical Co., Ltd. sells online soft starter cabinets, soft starters, frequency converters, frequency conversion control cabinets, constant pressure water supply control cabinets, auto-coupling step-down starter cabinets, star-delta starter cabinets, intelligent soft starters, bypass soft starters Starters, Chinese soft starters, and bypass soft starter cabinets are complete in variety and reasonable in price. Linyi Senkuo Electromechanical Co., Ltd. has strong strength, pays attention to credit, abides by contracts, guarantees product quality, and has won the trust of customers with its multi-variety management characteristics and the principle of small profits but quick turnover.&lt;/p&gt;
&lt;hr&gt;
&lt;blockquote&gt;
&lt;p&gt;&lt;strong&gt;We welcome global agents, distributors, retailers, and other partners to join us and work together to develop mutually beneficial business relationships. Our products have already been well received by customers in many countries and regions, and we look forward to expanding our reach even further.&lt;/strong&gt;&lt;/p&gt;
&lt;/blockquote&gt;
&lt;p&gt;&lt;a href=&#34;https://www.lyskjd.com/contact/&#34; &gt;contact us&lt;/a&gt;: &lt;a href=&#34;mailto:sales@senkuogroup.com&#34; &gt;sales@senkuogroup.com&lt;/a&gt;&lt;/p&gt;

      </description>
    </item>
    
  </channel>
</rss>
