<rss version="2.0" xmlns:atom="http://www.w3.org/2005/Atom">
  <channel>
    <title>Linyi Senkuo Electromechanical Co., Ltd. – What is the working principle of the Variable Frequency Drive (VFD) in the electrical industry?</title>
    <link>https://www.lyskjd.com/en/docs/vfd/</link>
    <description>Recent content in What is the working principle of the Variable Frequency Drive (VFD) in the electrical industry? on Linyi Senkuo Electromechanical Co., Ltd.</description>
    <generator>Hugo -- gohugo.io</generator>
    <language>en</language>
    
	  <atom:link href="https://www.lyskjd.com/en/docs/vfd/index.xml" rel="self" type="application/rss+xml" />
    
    
      
        
      
    
    
    <item>
      <title>Chapter 1 Safety-precautions</title>
      <link>https://www.lyskjd.com/en/docs/vfd/safety-precautions/</link>
      <pubDate>Mon, 01 Jan 0001 00:00:00 +0000</pubDate>
      
      <guid>https://www.lyskjd.com/en/docs/vfd/safety-precautions/</guid>
      <description>
        
        
        &lt;h3&gt;Manual Warning Sign Definitions&lt;span class=&#34;absolute -mt-20&#34; id=&#34;manual-warning-sign-definitions&#34;&gt;&lt;/span&gt;
    &lt;a href=&#34;#manual-warning-sign-definitions&#34; class=&#34;subheading-anchor&#34; aria-label=&#34;Permalink for this section&#34;&gt;&lt;/a&gt;&lt;/h3&gt;&lt;p&gt;⚡DANGER: Indicates a potentially hazardous situation which, if not avoided, could result in death or serious injury.&lt;br&gt;
⚠️WARNING: Indicates a potentially hazardous situation which, if not avoided, could result in minor or moderate injury or damage to the equipment.&lt;br&gt;
❗CAUTION: Indicates a potentially hazardous situation which, if not avoided, could result in incorrect operation or unsafe use of the equipment.&lt;br&gt;





  












&lt;div class=&#34;overflow-x-auto mt-6 flex rounded-lg border py-2 ltr:pr-4 rtl:pl-4 contrast-more:border-current contrast-more:dark:border-current border-yellow-100 bg-yellow-50 text-yellow-900 dark:border-yellow-200/30 dark:bg-yellow-700/30 dark:text-yellow-200&#34;&gt;
  &lt;div class=&#34;ltr:pl-3 ltr:pr-2 rtl:pr-3 rtl:pl-2&#34;&gt;&lt;div class=&#34;select-none text-xl&#34; style=&#34;font-family: &#39;Apple Color Emoji&#39;, &#39;Segoe UI Emoji&#39;, &#39;Segoe UI Symbol&#39;;&#34;&gt;
        ⚠️
      &lt;/div&gt;&lt;/div&gt;

  &lt;div class=&#34;w-full min-w-0 leading-7&#34;&gt;
    &lt;div class=&#34;mt-6 leading-7 first:mt-0&#34;&gt;
      WARNING
    &lt;/div&gt;
  &lt;/div&gt;
&lt;/div&gt;
&lt;/p&gt;
&lt;p&gt;⭕ If the variable frequency drive is damaged, exposed to water, or has missing parts, it should not be installed or operated. Otherwise, it may lead to equipment damage or personal injury.&lt;/p&gt;
&lt;p&gt;⭕ When installing or moving, please support the bottom of the product and avoid holding only the casing to prevent injury or damage to the variable frequency drive.&lt;/p&gt;
&lt;p&gt;⭕ Keep the variable frequency drive away from flammable or explosive objects, and install it on fire-resistant materials such as metal.&lt;/p&gt;
&lt;p&gt;⭕ When installing the variable frequency drive in an electrical cabinet or other enclosed space, ensure proper ventilation by installing fans or other cooling devices and setting up vents inside the cabinet to keep the ambient temperature below 40°C. Otherwise, the variable frequency drive may be damaged due to high ambient temperatures.&lt;/p&gt;
&lt;p&gt;⭕ Before wiring, verify that the rated voltage and phase of the variable frequency drive match the input power supply voltage and phase to avoid fire or personal injury.&lt;/p&gt;
&lt;p&gt;⭕ Do not connect the AC input power to the output terminals U, V, W of the variable frequency drive, as it will damage the drive and void the warranty.&lt;/p&gt;
&lt;p&gt;⭕ Do not perform withstand voltage tests on the variable frequency drive, as it will damage the drive.&lt;/p&gt;
&lt;p&gt;⭕ The wiring of the main circuit terminals and control circuit terminals of the variable frequency drive should be separated or vertically crossed, otherwise it may cause interference to the control signals.&lt;/p&gt;
&lt;p&gt;⭕ Use cable lugs with insulated sleeves for connecting cables to the main circuit terminals.&lt;/p&gt;
&lt;p&gt;⭕ When the cable length between the variable frequency drive and the motor exceeds 50 meters, it is recommended to use output reactors to protect the drive and motor.&lt;/p&gt;
&lt;p&gt;⭕ Do not use circuit breakers to control the start and stop of the variable frequency drive, as it may damage the drive.&lt;/p&gt;
&lt;p&gt;⭕ Due to the short acceleration time of the motor speed from low to high during operation, please ensure that the motor and mechanical equipment are within the allowable range before operation to prevent equipment damage.&lt;/p&gt;
&lt;p&gt;⭕ The heat sink and braking resistor may have high temperatures. Do not touch them to avoid burns.&lt;/p&gt;
&lt;p&gt;⭕ The default parameters set at the factory for the variable frequency drive meet the requirements of most equipment operations. Avoid modifying the drive parameters arbitrarily unless absolutely necessary. Even for equipment with special requirements, only modify the necessary parameters. Otherwise, it may lead to equipment damage.
















&lt;div class=&#34;overflow-x-auto mt-6 flex rounded-lg border py-2 ltr:pr-4 rtl:pl-4 contrast-more:border-current contrast-more:dark:border-current border-orange-100 bg-orange-50 text-orange-800 dark:border-orange-400/30 dark:bg-orange-400/20 dark:text-orange-300&#34;&gt;
  &lt;div class=&#34;ltr:pl-3 ltr:pr-2 rtl:pr-3 rtl:pl-2&#34;&gt;&lt;div class=&#34;select-none text-xl&#34; style=&#34;font-family: &#39;Apple Color Emoji&#39;, &#39;Segoe UI Emoji&#39;, &#39;Segoe UI Symbol&#39;;&#34;&gt;
        ⚡
      &lt;/div&gt;&lt;/div&gt;

  &lt;div class=&#34;w-full min-w-0 leading-7&#34;&gt;
    &lt;div class=&#34;mt-6 leading-7 first:mt-0&#34;&gt;
      DANGER
    &lt;/div&gt;
  &lt;/div&gt;
&lt;/div&gt;

⭕ Wiring must be completed by fully qualified professional electrical engineers, otherwise there is a risk of electric shock or damage to the variable frequency drive.&lt;/p&gt;
&lt;p&gt;⭕ Ensure that the power is disconnected before starting the wiring, otherwise there is a risk of electric shock or fire.&lt;/p&gt;
&lt;p&gt;⭕ The grounding terminal must be reliably grounded, otherwise there is a risk of electric shock from the variable frequency drive enclosure.&lt;/p&gt;
&lt;p&gt;⭕ Do not touch the main circuit terminals, and ensure that the main circuit terminals of the variable frequency drive are not in contact with the enclosure to avoid electric shock.&lt;/p&gt;
&lt;p&gt;⭕ Do not connect any terminals other than the (+) and (PB) terminals of the braking resistor, as it may cause a fire.&lt;/p&gt;
&lt;p&gt;⭕ Only power up the variable frequency drive after completing the wiring and installing the cover plate. Do not remove the cover plate while the drive is powered, as it may cause electric shock.&lt;/p&gt;
&lt;p&gt;⭕ When the fault auto-reset or power-off auto-restart function is set on the variable frequency drive, safety protection measures for the equipment system should be taken in advance to prevent personnel injury.&lt;/p&gt;
&lt;p&gt;⭕ The &amp;ldquo;Run/Stop&amp;rdquo; button may be disabled due to certain function settings. Install an independent emergency power-off switch in the variable frequency drive control system to avoid personnel injury.&lt;/p&gt;
&lt;p&gt;⭕ Even when the variable frequency drive is in a stopped state, the terminals of the drive remain live after powering up and should not be touched to prevent electric shock.&lt;/p&gt;
&lt;p&gt;⭕ Do not touch the terminals of the variable frequency drive when it is powered up, as it may cause electric shock.&lt;/p&gt;
&lt;p&gt;⭕ Maintenance, inspection, or component replacement work should only be performed by qualified electrical engineers.&lt;/p&gt;
&lt;p&gt;⭕ After power-off, wait for at least 10 minutes or ensure there is no residual voltage before performing maintenance and inspection to prevent personnel injury.&lt;/p&gt;
&lt;p&gt;⭕ Unauthorized modification of the variable frequency drive is strictly prohibited, as it may result in injury or death. Any unauthorized modifications will void the warranty service for the drive.
















&lt;div class=&#34;overflow-x-auto mt-6 flex rounded-lg border py-2 ltr:pr-4 rtl:pl-4 contrast-more:border-current contrast-more:dark:border-current border-orange-100 bg-orange-50 text-orange-800 dark:border-orange-400/30 dark:bg-orange-400/20 dark:text-orange-300&#34;&gt;
  &lt;div class=&#34;ltr:pl-3 ltr:pr-2 rtl:pr-3 rtl:pl-2&#34;&gt;&lt;div class=&#34;select-none text-xl&#34; style=&#34;font-family: &#39;Apple Color Emoji&#39;, &#39;Segoe UI Emoji&#39;, &#39;Segoe UI Symbol&#39;;&#34;&gt;
        ❗
      &lt;/div&gt;&lt;/div&gt;

  &lt;div class=&#34;w-full min-w-0 leading-7&#34;&gt;
    &lt;div class=&#34;mt-6 leading-7 first:mt-0&#34;&gt;
      CAUTION
    &lt;/div&gt;
  &lt;/div&gt;
&lt;/div&gt;
&lt;/p&gt;
&lt;p&gt;⭕ There are CMOS integrated circuits on the PCB board. Please do not touch them with your hands, as static electricity may damage the PCB board.&lt;/p&gt;
&lt;h3&gt;NEXT&lt;span class=&#34;absolute -mt-20&#34; id=&#34;next&#34;&gt;&lt;/span&gt;
    &lt;a href=&#34;#next&#34; class=&#34;subheading-anchor&#34; aria-label=&#34;Permalink for this section&#34;&gt;&lt;/a&gt;&lt;/h3&gt;&lt;p&gt;&lt;strong&gt;Explore these documents to learn more.&lt;/strong&gt;&lt;/p&gt;


&lt;div class=&#34;hextra-cards mt-4 gap-4 grid not-prose&#34; style=&#34;--rows: 3;&#34;&gt;
  &lt;a
    class=&#34;hextra-card group flex flex-col justify-start overflow-hidden rounded-lg border border-gray-200 text-current no-underline dark:shadow-none hover:shadow-gray-100 dark:hover:shadow-none shadow-gray-100 active:shadow-sm active:shadow-gray-200 transition-all duration-200 hover:border-gray-300 bg-transparent shadow-sm dark:border-neutral-800 hover:bg-slate-50 hover:shadow-md dark:hover:border-neutral-700 dark:hover:bg-neutral-900&#34;href=&#34;https://item.taobao.com/item.htm?ft=t&amp;amp;id=771441899583&#34; target=&#34;_blank&#34; rel=&#34;noreferrer&#34;&gt;&lt;span class=&#34;flex font-semibold items-start gap-2 p-4 text-gray-700 hover:text-gray-900 dark:text-neutral-200 dark:hover:text-neutral-50&#34;&gt;&lt;svg xmlns=&#34;http://www.w3.org/2000/svg&#34; fill=&#34;none&#34; viewBox=&#34;0 0 24 24&#34; stroke-width=&#34;2&#34; stroke=&#34;currentColor&#34; aria-hidden=&#34;true&#34;&gt;&lt;path stroke-linecap=&#34;round&#34; stroke-linejoin=&#34;round&#34; d=&#34;M3 3h2l.4 2M7 13h10l4-8H5.4M7 13L5.4 5M7 13l-2.293 2.293c-.63.63-.184 1.707.707 1.707H17m0 0a2 2 0 100 4 2 2 0 000-4zm-8 2a2 2 0 11-4 0 2 2 0 014 0z&#34;/&gt;&lt;/svg&gt;Purchase high-performance vector frequency drives now.&lt;/span&gt;&lt;/a&gt;
  &lt;a
    class=&#34;hextra-card group flex flex-col justify-start overflow-hidden rounded-lg border border-gray-200 text-current no-underline dark:shadow-none hover:shadow-gray-100 dark:hover:shadow-none shadow-gray-100 active:shadow-sm active:shadow-gray-200 transition-all duration-200 hover:border-gray-300 bg-transparent shadow-sm dark:border-neutral-800 hover:bg-slate-50 hover:shadow-md dark:hover:border-neutral-700 dark:hover:bg-neutral-900&#34;href=&#34;https://www.lyskjd.com/docs/table-of-contents/&#34; &gt;&lt;span class=&#34;flex font-semibold items-start gap-2 p-4 text-gray-700 hover:text-gray-900 dark:text-neutral-200 dark:hover:text-neutral-50&#34;&gt;&lt;svg xmlns=&#34;http://www.w3.org/2000/svg&#34; fill=&#34;none&#34; viewBox=&#34;0 0 24 24&#34; stroke-width=&#34;2&#34; stroke=&#34;currentColor&#34; aria-hidden=&#34;true&#34;&gt;&lt;path stroke-linecap=&#34;round&#34; stroke-linejoin=&#34;round&#34; d=&#34;M19 20H5a2 2 0 01-2-2V6a2 2 0 012-2h10a2 2 0 012 2v1m2 13a2 2 0 01-2-2V7m2 13a2 2 0 002-2V9a2 2 0 00-2-2h-2m-4-3H9M7 16h6M7 8h6v4H7V8z&#34;/&gt;&lt;/svg&gt;Table of Contents for the Variable Frequency Drive User Manual&lt;/span&gt;&lt;/a&gt;
  &lt;a
    class=&#34;hextra-card group flex flex-col justify-start overflow-hidden rounded-lg border border-gray-200 text-current no-underline dark:shadow-none hover:shadow-gray-100 dark:hover:shadow-none shadow-gray-100 active:shadow-sm active:shadow-gray-200 transition-all duration-200 hover:border-gray-300 bg-transparent shadow-sm dark:border-neutral-800 hover:bg-slate-50 hover:shadow-md dark:hover:border-neutral-700 dark:hover:bg-neutral-900&#34;href=&#34;https://www.lyskjd.com/blog/faq/&#34; &gt;&lt;span class=&#34;flex font-semibold items-start gap-2 p-4 text-gray-700 hover:text-gray-900 dark:text-neutral-200 dark:hover:text-neutral-50&#34;&gt;&lt;svg xmlns=&#34;http://www.w3.org/2000/svg&#34; fill=&#34;none&#34; viewBox=&#34;0 0 24 24&#34; stroke-width=&#34;2&#34; stroke=&#34;currentColor&#34; aria-hidden=&#34;true&#34;&gt;&lt;path stroke-linecap=&#34;round&#34; stroke-linejoin=&#34;round&#34; d=&#34;M19 20H5a2 2 0 01-2-2V6a2 2 0 012-2h10a2 2 0 012 2v1m2 13a2 2 0 01-2-2V7m2 13a2 2 0 002-2V9a2 2 0 00-2-2h-2m-4-3H9M7 16h6M7 8h6v4H7V8z&#34;/&gt;&lt;/svg&gt;Frequently Asked Questions (FAQs) about Variable Frequency Drives&lt;/span&gt;&lt;/a&gt;
&lt;/div&gt;


      </description>
    </item>
    
    <item>
      <title>Chapter 2 Product-Information</title>
      <link>https://www.lyskjd.com/en/docs/vfd/product-information/</link>
      <pubDate>Mon, 01 Jan 0001 00:00:00 +0000</pubDate>
      
      <guid>https://www.lyskjd.com/en/docs/vfd/product-information/</guid>
      <description>
        
        
        &lt;p&gt;&lt;strong&gt;Explore these documents to learn more.&lt;/strong&gt;&lt;/p&gt;
&lt;div class=&#34;hextra-cards mt-4 gap-4 grid not-prose&#34; style=&#34;--rows: 3;&#34;&gt;
  &lt;a
    class=&#34;hextra-card group flex flex-col justify-start overflow-hidden rounded-lg border border-gray-200 text-current no-underline dark:shadow-none hover:shadow-gray-100 dark:hover:shadow-none shadow-gray-100 active:shadow-sm active:shadow-gray-200 transition-all duration-200 hover:border-gray-300 bg-transparent shadow-sm dark:border-neutral-800 hover:bg-slate-50 hover:shadow-md dark:hover:border-neutral-700 dark:hover:bg-neutral-900&#34;href=&#34;https://www.lyskjd.com/docs/product-information/technical-specifications-table/&#34; &gt;&lt;span class=&#34;flex font-semibold items-start gap-2 p-4 text-gray-700 hover:text-gray-900 dark:text-neutral-200 dark:hover:text-neutral-50&#34;&gt;&lt;svg xmlns=&#34;http://www.w3.org/2000/svg&#34; fill=&#34;none&#34; viewBox=&#34;0 0 24 24&#34; stroke-width=&#34;2&#34; stroke=&#34;currentColor&#34; aria-hidden=&#34;true&#34;&gt;&lt;path stroke-linecap=&#34;round&#34; stroke-linejoin=&#34;round&#34; d=&#34;M8 7v8a2 2 0 002 2h6M8 7V5a2 2 0 012-2h4.586a1 1 0 01.707.293l4.414 4.414a1 1 0 01.293.707V15a2 2 0 01-2 2h-2M8 7H6a2 2 0 00-2 2v10a2 2 0 002 2h8a2 2 0 002-2v-2&#34;/&gt;&lt;/svg&gt;2.1 technical-specifications-table&lt;/span&gt;&lt;/a&gt;
  &lt;a
    class=&#34;hextra-card group flex flex-col justify-start overflow-hidden rounded-lg border border-gray-200 text-current no-underline dark:shadow-none hover:shadow-gray-100 dark:hover:shadow-none shadow-gray-100 active:shadow-sm active:shadow-gray-200 transition-all duration-200 hover:border-gray-300 bg-transparent shadow-sm dark:border-neutral-800 hover:bg-slate-50 hover:shadow-md dark:hover:border-neutral-700 dark:hover:bg-neutral-900&#34;href=&#34;https://www.lyskjd.com/docs/product-information/product-aluminum-plate/&#34; &gt;&lt;span class=&#34;flex font-semibold items-start gap-2 p-4 text-gray-700 hover:text-gray-900 dark:text-neutral-200 dark:hover:text-neutral-50&#34;&gt;&lt;svg xmlns=&#34;http://www.w3.org/2000/svg&#34; fill=&#34;none&#34; viewBox=&#34;0 0 24 24&#34; stroke-width=&#34;2&#34; stroke=&#34;currentColor&#34; aria-hidden=&#34;true&#34;&gt;&lt;path stroke-linecap=&#34;round&#34; stroke-linejoin=&#34;round&#34; d=&#34;M8 7v8a2 2 0 002 2h6M8 7V5a2 2 0 012-2h4.586a1 1 0 01.707.293l4.414 4.414a1 1 0 01.293.707V15a2 2 0 01-2 2h-2M8 7H6a2 2 0 00-2 2v10a2 2 0 002 2h8a2 2 0 002-2v-2&#34;/&gt;&lt;/svg&gt;2.2 product-aluminum-plate&lt;/span&gt;&lt;/a&gt;
  &lt;a
    class=&#34;hextra-card group flex flex-col justify-start overflow-hidden rounded-lg border border-gray-200 text-current no-underline dark:shadow-none hover:shadow-gray-100 dark:hover:shadow-none shadow-gray-100 active:shadow-sm active:shadow-gray-200 transition-all duration-200 hover:border-gray-300 bg-transparent shadow-sm dark:border-neutral-800 hover:bg-slate-50 hover:shadow-md dark:hover:border-neutral-700 dark:hover:bg-neutral-900&#34;href=&#34;https://www.lyskjd.com/docs/product-information/model-description/&#34; &gt;&lt;span class=&#34;flex font-semibold items-start gap-2 p-4 text-gray-700 hover:text-gray-900 dark:text-neutral-200 dark:hover:text-neutral-50&#34;&gt;&lt;svg xmlns=&#34;http://www.w3.org/2000/svg&#34; fill=&#34;none&#34; viewBox=&#34;0 0 24 24&#34; stroke-width=&#34;2&#34; stroke=&#34;currentColor&#34; aria-hidden=&#34;true&#34;&gt;&lt;path stroke-linecap=&#34;round&#34; stroke-linejoin=&#34;round&#34; d=&#34;M8 7v8a2 2 0 002 2h6M8 7V5a2 2 0 012-2h4.586a1 1 0 01.707.293l4.414 4.414a1 1 0 01.293.707V15a2 2 0 01-2 2h-2M8 7H6a2 2 0 00-2 2v10a2 2 0 002 2h8a2 2 0 002-2v-2&#34;/&gt;&lt;/svg&gt;2.3 model-description&lt;/span&gt;&lt;/a&gt;
  &lt;a
    class=&#34;hextra-card group flex flex-col justify-start overflow-hidden rounded-lg border border-gray-200 text-current no-underline dark:shadow-none hover:shadow-gray-100 dark:hover:shadow-none shadow-gray-100 active:shadow-sm active:shadow-gray-200 transition-all duration-200 hover:border-gray-300 bg-transparent shadow-sm dark:border-neutral-800 hover:bg-slate-50 hover:shadow-md dark:hover:border-neutral-700 dark:hover:bg-neutral-900&#34;href=&#34;https://www.lyskjd.com/docs/product-information/product-selection-specification-table/&#34; &gt;&lt;span class=&#34;flex font-semibold items-start gap-2 p-4 text-gray-700 hover:text-gray-900 dark:text-neutral-200 dark:hover:text-neutral-50&#34;&gt;&lt;svg xmlns=&#34;http://www.w3.org/2000/svg&#34; fill=&#34;none&#34; viewBox=&#34;0 0 24 24&#34; stroke-width=&#34;2&#34; stroke=&#34;currentColor&#34; aria-hidden=&#34;true&#34;&gt;&lt;path stroke-linecap=&#34;round&#34; stroke-linejoin=&#34;round&#34; d=&#34;M8 7v8a2 2 0 002 2h6M8 7V5a2 2 0 012-2h4.586a1 1 0 01.707.293l4.414 4.414a1 1 0 01.293.707V15a2 2 0 01-2 2h-2M8 7H6a2 2 0 00-2 2v10a2 2 0 002 2h8a2 2 0 002-2v-2&#34;/&gt;&lt;/svg&gt;2.4 product-selection-specification-table&lt;/span&gt;&lt;/a&gt;
  &lt;a
    class=&#34;hextra-card group flex flex-col justify-start overflow-hidden rounded-lg border border-gray-200 text-current no-underline dark:shadow-none hover:shadow-gray-100 dark:hover:shadow-none shadow-gray-100 active:shadow-sm active:shadow-gray-200 transition-all duration-200 hover:border-gray-300 bg-transparent shadow-sm dark:border-neutral-800 hover:bg-slate-50 hover:shadow-md dark:hover:border-neutral-700 dark:hover:bg-neutral-900&#34;href=&#34;https://www.lyskjd.com/docs/product-information/keyboard-tray-dimensional-diagram/&#34; &gt;&lt;span class=&#34;flex font-semibold items-start gap-2 p-4 text-gray-700 hover:text-gray-900 dark:text-neutral-200 dark:hover:text-neutral-50&#34;&gt;&lt;svg xmlns=&#34;http://www.w3.org/2000/svg&#34; fill=&#34;none&#34; viewBox=&#34;0 0 24 24&#34; stroke-width=&#34;2&#34; stroke=&#34;currentColor&#34; aria-hidden=&#34;true&#34;&gt;&lt;path stroke-linecap=&#34;round&#34; stroke-linejoin=&#34;round&#34; d=&#34;M8 7v8a2 2 0 002 2h6M8 7V5a2 2 0 012-2h4.586a1 1 0 01.707.293l4.414 4.414a1 1 0 01.293.707V15a2 2 0 01-2 2h-2M8 7H6a2 2 0 00-2 2v10a2 2 0 002 2h8a2 2 0 002-2v-2&#34;/&gt;&lt;/svg&gt;2.5 keyboard-tray-dimensional-diagram&lt;/span&gt;&lt;/a&gt;

&lt;/div&gt;
      </description>
    </item>
    
    <item>
      <title>Chapter 3 Mounting</title>
      <link>https://www.lyskjd.com/en/docs/vfd/mounting/</link>
      <pubDate>Mon, 01 Jan 0001 00:00:00 +0000</pubDate>
      
      <guid>https://www.lyskjd.com/en/docs/vfd/mounting/</guid>
      <description>
        
        
        &lt;p&gt;&lt;strong&gt;Explore these documents to learn more.&lt;/strong&gt;&lt;/p&gt;
&lt;div class=&#34;hextra-cards mt-4 gap-4 grid not-prose&#34; style=&#34;--rows: 3;&#34;&gt;
  &lt;a
    class=&#34;hextra-card group flex flex-col justify-start overflow-hidden rounded-lg border border-gray-200 text-current no-underline dark:shadow-none hover:shadow-gray-100 dark:hover:shadow-none shadow-gray-100 active:shadow-sm active:shadow-gray-200 transition-all duration-200 hover:border-gray-300 bg-transparent shadow-sm dark:border-neutral-800 hover:bg-slate-50 hover:shadow-md dark:hover:border-neutral-700 dark:hover:bg-neutral-900&#34;href=&#34;https://www.lyskjd.com/docs/mounting/overall-equipment-dimensional-diagram/&#34; &gt;&lt;span class=&#34;flex font-semibold items-start gap-2 p-4 text-gray-700 hover:text-gray-900 dark:text-neutral-200 dark:hover:text-neutral-50&#34;&gt;&lt;svg xmlns=&#34;http://www.w3.org/2000/svg&#34; fill=&#34;none&#34; viewBox=&#34;0 0 24 24&#34; stroke-width=&#34;2&#34; stroke=&#34;currentColor&#34; aria-hidden=&#34;true&#34;&gt;&lt;path stroke-linecap=&#34;round&#34; stroke-linejoin=&#34;round&#34; d=&#34;M8 7v8a2 2 0 002 2h6M8 7V5a2 2 0 012-2h4.586a1 1 0 01.707.293l4.414 4.414a1 1 0 01.293.707V15a2 2 0 01-2 2h-2M8 7H6a2 2 0 00-2 2v10a2 2 0 002 2h8a2 2 0 002-2v-2&#34;/&gt;&lt;/svg&gt;3.1 overall-equipment-dimensional-diagram&lt;/span&gt;&lt;/a&gt;
  &lt;a
    class=&#34;hextra-card group flex flex-col justify-start overflow-hidden rounded-lg border border-gray-200 text-current no-underline dark:shadow-none hover:shadow-gray-100 dark:hover:shadow-none shadow-gray-100 active:shadow-sm active:shadow-gray-200 transition-all duration-200 hover:border-gray-300 bg-transparent shadow-sm dark:border-neutral-800 hover:bg-slate-50 hover:shadow-md dark:hover:border-neutral-700 dark:hover:bg-neutral-900&#34;href=&#34;https://www.lyskjd.com/docs/mounting/main-circuit-terminals-and-functions/&#34; &gt;&lt;span class=&#34;flex font-semibold items-start gap-2 p-4 text-gray-700 hover:text-gray-900 dark:text-neutral-200 dark:hover:text-neutral-50&#34;&gt;&lt;svg xmlns=&#34;http://www.w3.org/2000/svg&#34; fill=&#34;none&#34; viewBox=&#34;0 0 24 24&#34; stroke-width=&#34;2&#34; stroke=&#34;currentColor&#34; aria-hidden=&#34;true&#34;&gt;&lt;path stroke-linecap=&#34;round&#34; stroke-linejoin=&#34;round&#34; d=&#34;M8 7v8a2 2 0 002 2h6M8 7V5a2 2 0 012-2h4.586a1 1 0 01.707.293l4.414 4.414a1 1 0 01.293.707V15a2 2 0 01-2 2h-2M8 7H6a2 2 0 00-2 2v10a2 2 0 002 2h8a2 2 0 002-2v-2&#34;/&gt;&lt;/svg&gt;3.2 main-circuit-terminals-and-functions&lt;/span&gt;&lt;/a&gt;
  &lt;a
    class=&#34;hextra-card group flex flex-col justify-start overflow-hidden rounded-lg border border-gray-200 text-current no-underline dark:shadow-none hover:shadow-gray-100 dark:hover:shadow-none shadow-gray-100 active:shadow-sm active:shadow-gray-200 transition-all duration-200 hover:border-gray-300 bg-transparent shadow-sm dark:border-neutral-800 hover:bg-slate-50 hover:shadow-md dark:hover:border-neutral-700 dark:hover:bg-neutral-900&#34;href=&#34;https://www.lyskjd.com/docs/mounting/control-circuit-terminals-and-functions/&#34; &gt;&lt;span class=&#34;flex font-semibold items-start gap-2 p-4 text-gray-700 hover:text-gray-900 dark:text-neutral-200 dark:hover:text-neutral-50&#34;&gt;&lt;svg xmlns=&#34;http://www.w3.org/2000/svg&#34; fill=&#34;none&#34; viewBox=&#34;0 0 24 24&#34; stroke-width=&#34;2&#34; stroke=&#34;currentColor&#34; aria-hidden=&#34;true&#34;&gt;&lt;path stroke-linecap=&#34;round&#34; stroke-linejoin=&#34;round&#34; d=&#34;M8 7v8a2 2 0 002 2h6M8 7V5a2 2 0 012-2h4.586a1 1 0 01.707.293l4.414 4.414a1 1 0 01.293.707V15a2 2 0 01-2 2h-2M8 7H6a2 2 0 00-2 2v10a2 2 0 002 2h8a2 2 0 002-2v-2&#34;/&gt;&lt;/svg&gt;3.3 control-circuit-terminals-and-functions&lt;/span&gt;&lt;/a&gt;
  &lt;a
    class=&#34;hextra-card group flex flex-col justify-start overflow-hidden rounded-lg border border-gray-200 text-current no-underline dark:shadow-none hover:shadow-gray-100 dark:hover:shadow-none shadow-gray-100 active:shadow-sm active:shadow-gray-200 transition-all duration-200 hover:border-gray-300 bg-transparent shadow-sm dark:border-neutral-800 hover:bg-slate-50 hover:shadow-md dark:hover:border-neutral-700 dark:hover:bg-neutral-900&#34;href=&#34;https://www.lyskjd.com/docs/mounting/control-terminals-and-functions/&#34; &gt;&lt;span class=&#34;flex font-semibold items-start gap-2 p-4 text-gray-700 hover:text-gray-900 dark:text-neutral-200 dark:hover:text-neutral-50&#34;&gt;&lt;svg xmlns=&#34;http://www.w3.org/2000/svg&#34; fill=&#34;none&#34; viewBox=&#34;0 0 24 24&#34; stroke-width=&#34;2&#34; stroke=&#34;currentColor&#34; aria-hidden=&#34;true&#34;&gt;&lt;path stroke-linecap=&#34;round&#34; stroke-linejoin=&#34;round&#34; d=&#34;M8 7v8a2 2 0 002 2h6M8 7V5a2 2 0 012-2h4.586a1 1 0 01.707.293l4.414 4.414a1 1 0 01.293.707V15a2 2 0 01-2 2h-2M8 7H6a2 2 0 00-2 2v10a2 2 0 002 2h8a2 2 0 002-2v-2&#34;/&gt;&lt;/svg&gt;3.4 control-terminals-and-functions&lt;/span&gt;&lt;/a&gt;
 &lt;a
   class=&#34;hextra-card group flex flex-col justify-start overflow-hidden rounded-lg border border-gray-200 text-current no-underline dark:shadow-none hover:shadow-gray-100 dark:hover:shadow-none shadow-gray-100 active:shadow-sm active:shadow-gray-200 transition-all duration-200 hover:border-gray-300 bg-transparent shadow-sm dark:border-neutral-800 hover:bg-slate-50 hover:shadow-md dark:hover:border-neutral-700 dark:hover:bg-neutral-900&#34;href=&#34;https://www.lyskjd.com/docs/mounting/mechanical-installation/&#34; &gt;&lt;span class=&#34;flex font-semibold items-start gap-2 p-4 text-gray-700 hover:text-gray-900 dark:text-neutral-200 dark:hover:text-neutral-50&#34;&gt;&lt;svg xmlns=&#34;http://www.w3.org/2000/svg&#34; fill=&#34;none&#34; viewBox=&#34;0 0 24 24&#34; stroke-width=&#34;2&#34; stroke=&#34;currentColor&#34; aria-hidden=&#34;true&#34;&gt;&lt;path stroke-linecap=&#34;round&#34; stroke-linejoin=&#34;round&#34; d=&#34;M8 7v8a2 2 0 002 2h6M8 7V5a2 2 0 012-2h4.586a1 1 0 01.707.293l4.414 4.414a1 1 0 01.293.707V15a2 2 0 01-2 2h-2M8 7H6a2 2 0 00-2 2v10a2 2 0 002 2h8a2 2 0 002-2v-2&#34;/&gt;&lt;/svg&gt;3.5 mechanical-installation&lt;/span&gt;&lt;/a&gt;
  &lt;a
    class=&#34;hextra-card group flex flex-col justify-start overflow-hidden rounded-lg border border-gray-200 text-current no-underline dark:shadow-none hover:shadow-gray-100 dark:hover:shadow-none shadow-gray-100 active:shadow-sm active:shadow-gray-200 transition-all duration-200 hover:border-gray-300 bg-transparent shadow-sm dark:border-neutral-800 hover:bg-slate-50 hover:shadow-md dark:hover:border-neutral-700 dark:hover:bg-neutral-900&#34;href=&#34;https://www.lyskjd.com/docs/mounting/peripheral-electrical-component-selection-guide-for-variable-frequency-drives/&#34; &gt;&lt;span class=&#34;flex font-semibold items-start gap-2 p-4 text-gray-700 hover:text-gray-900 dark:text-neutral-200 dark:hover:text-neutral-50&#34;&gt;&lt;svg xmlns=&#34;http://www.w3.org/2000/svg&#34; fill=&#34;none&#34; viewBox=&#34;0 0 24 24&#34; stroke-width=&#34;2&#34; stroke=&#34;currentColor&#34; aria-hidden=&#34;true&#34;&gt;&lt;path stroke-linecap=&#34;round&#34; stroke-linejoin=&#34;round&#34; d=&#34;M8 7v8a2 2 0 002 2h6M8 7V5a2 2 0 012-2h4.586a1 1 0 01.707.293l4.414 4.414a1 1 0 01.293.707V15a2 2 0 01-2 2h-2M8 7H6a2 2 0 00-2 2v10a2 2 0 002 2h8a2 2 0 002-2v-2&#34;/&gt;&lt;/svg&gt;3.6 peripheral-electrical-component-selection-guide-for-variable-frequency-drives&lt;/span&gt;&lt;/a&gt;

&lt;/div&gt;
      </description>
    </item>
    
    <item>
      <title>Chapter 4 Panel Display and Operation</title>
      <link>https://www.lyskjd.com/en/docs/vfd/panel-display-and-operation/</link>
      <pubDate>Mon, 01 Jan 0001 00:00:00 +0000</pubDate>
      
      <guid>https://www.lyskjd.com/en/docs/vfd/panel-display-and-operation/</guid>
      <description>
        
        
        &lt;p&gt;Explore the following documents for more information:&lt;/p&gt;
&lt;div class=&#34;hextra-cards mt-4 gap-4 grid not-prose&#34; style=&#34;--rows: 3;&#34;&gt;
  &lt;a
    class=&#34;hextra-card group flex flex-col justify-start overflow-hidden rounded-lg border border-gray-200 text-current no-underline dark:shadow-none hover:shadow-gray-100 dark:hover:shadow-none shadow-gray-100 active:shadow-sm active:shadow-gray-200 transition-all duration-200 hover:border-gray-300 bg-transparent shadow-sm dark:border-neutral-800 hover:bg-slate-50 hover:shadow-md dark:hover:border-neutral-700 dark:hover:bg-neutral-900&#34;href=&#34;https://www.lyskjd.com/en/docs/panel-display-and-operation/display-interface-introduction/&#34; &gt;&lt;span class=&#34;flex font-semibold items-start gap-2 p-4 text-gray-700 hover:text-gray-900 dark:text-neutral-200 dark:hover:text-neutral-50&#34;&gt;&lt;svg xmlns=&#34;http://www.w3.org/2000/svg&#34; fill=&#34;none&#34; viewBox=&#34;0 0 24 24&#34; stroke-width=&#34;2&#34; stroke=&#34;currentColor&#34; aria-hidden=&#34;true&#34;&gt;&lt;path stroke-linecap=&#34;round&#34; stroke-linejoin=&#34;round&#34; d=&#34;M8 7v8a2 2 0 002 2h6M8 7V5a2 2 0 012-2h4.586a1 1 0 01.707.293l4.414 4.414a1 1 0 01.293.707V15a2 2 0 01-2 2h-2M8 7H6a2 2 0 00-2 2v10a2 2 0 002 2h8a2 2 0 002-2v-2&#34;/&gt;&lt;/svg&gt;4.1 Display Interface Introduction&lt;/span&gt;&lt;/a&gt;
  &lt;a
    class=&#34;hextra-card group flex flex-col justify-start overflow-hidden rounded-lg border border-gray-200 text-current no-underline dark:shadow-none hover:shadow-gray-100 dark:hover:shadow-none shadow-gray-100 active:shadow-sm active:shadow-gray-200 transition-all duration-200 hover:border-gray-300 bg-transparent shadow-sm dark:border-neutral-800 hover:bg-slate-50 hover:shadow-md dark:hover:border-neutral-700 dark:hover:bg-neutral-900&#34;href=&#34;https://www.lyskjd.com/en/docs/panel-display-and-operation/terminal-application-wiring-diagram/&#34; &gt;&lt;span class=&#34;flex font-semibold items-start gap-2 p-4 text-gray-700 hover:text-gray-900 dark:text-neutral-200 dark:hover:text-neutral-50&#34;&gt;&lt;svg xmlns=&#34;http://www.w3.org/2000/svg&#34; fill=&#34;none&#34; viewBox=&#34;0 0 24 24&#34; stroke-width=&#34;2&#34; stroke=&#34;currentColor&#34; aria-hidden=&#34;true&#34;&gt;&lt;path stroke-linecap=&#34;round&#34; stroke-linejoin=&#34;round&#34; d=&#34;M8 7v8a2 2 0 002 2h6M8 7V5a2 2 0 012-2h4.586a1 1 0 01.707.293l4.414 4.414a1 1 0 01.293.707V15a2 2 0 01-2 2h-2M8 7H6a2 2 0 00-2 2v10a2 2 0 002 2h8a2 2 0 002-2v-2&#34;/&gt;&lt;/svg&gt;4.2 Terminal Application Wiring Diagram&lt;/span&gt;&lt;/a&gt;
  &lt;a
    class=&#34;hextra-card group flex flex-col justify-start overflow-hidden rounded-lg border border-gray-200 text-current no-underline dark:shadow-none hover:shadow-gray-100 dark:hover:shadow-none shadow-gray-100 active:shadow-sm active:shadow-gray-200 transition-all duration-200 hover:border-gray-300 bg-transparent shadow-sm dark:border-neutral-800 hover:bg-slate-50 hover:shadow-md dark:hover:border-neutral-700 dark:hover:bg-neutral-900&#34;href=&#34;https://item.taobao.com/item.htm?ft=t&amp;amp;id=771441899583&#34; target=&#34;_blank&#34; rel=&#34;noreferrer&#34;&gt;&lt;span class=&#34;flex font-semibold items-start gap-2 p-4 text-gray-700 hover:text-gray-900 dark:text-neutral-200 dark:hover:text-neutral-50&#34;&gt;&lt;svg xmlns=&#34;http://www.w3.org/2000/svg&#34; fill=&#34;none&#34; viewBox=&#34;0 0 24 24&#34; stroke-width=&#34;2&#34; stroke=&#34;currentColor&#34; aria-hidden=&#34;true&#34;&gt;&lt;path stroke-linecap=&#34;round&#34; stroke-linejoin=&#34;round&#34; d=&#34;M3 3h2l.4 2M7 13h10l4-8H5.4M7 13L5.4 5M7 13l-2.293 2.293c-.63.63-.184 1.707.707 1.707H17m0 0a2 2 0 100 4 2 2 0 000-4zm-8 2a2 2 0 11-4 0 2 2 0 014 0z&#34;/&gt;&lt;/svg&gt;Buy Now&lt;/span&gt;&lt;/a&gt;
  &lt;a
    class=&#34;hextra-card group flex flex-col justify-start overflow-hidden rounded-lg border border-gray-200 text-current no-underline dark:shadow-none hover:shadow-gray-100 dark:hover:shadow-none shadow-gray-100 active:shadow-sm active:shadow-gray-200 transition-all duration-200 hover:border-gray-300 bg-transparent shadow-sm dark:border-neutral-800 hover:bg-slate-50 hover:shadow-md dark:hover:border-neutral-700 dark:hover:bg-neutral-900&#34;href=&#34;https://www.lyskjd.com/en/blog/faq/&#34; &gt;&lt;span class=&#34;flex font-semibold items-start gap-2 p-4 text-gray-700 hover:text-gray-900 dark:text-neutral-200 dark:hover:text-neutral-50&#34;&gt;&lt;svg xmlns=&#34;http://www.w3.org/2000/svg&#34; fill=&#34;none&#34; viewBox=&#34;0 0 24 24&#34; stroke-width=&#34;2&#34; stroke=&#34;currentColor&#34; aria-hidden=&#34;true&#34;&gt;&lt;path stroke-linecap=&#34;round&#34; stroke-linejoin=&#34;round&#34; d=&#34;M19 20H5a2 2 0 01-2-2V6a2 2 0 012-2h10a2 2 0 012 2v1m2 13a2 2 0 01-2-2V7m2 13a2 2 0 002-2V9a2 2 0 00-2-2h-2m-4-3H9M7 16h6M7 8h6v4H7V8z&#34;/&gt;&lt;/svg&gt;FAQs about Variable Frequency Drives&lt;/span&gt;&lt;/a&gt;

&lt;/div&gt;
      </description>
    </item>
    
    <item>
      <title>Chapter 5 Functional Parameter Table</title>
      <link>https://www.lyskjd.com/en/docs/vfd/functional-parameter-table/</link>
      <pubDate>Mon, 01 Jan 0001 00:00:00 +0000</pubDate>
      
      <guid>https://www.lyskjd.com/en/docs/vfd/functional-parameter-table/</guid>
      <description>
        
        
        &lt;p&gt;Explore the following documents to learn more:&lt;/p&gt;
&lt;div class=&#34;hextra-cards mt-4 gap-4 grid not-prose&#34; style=&#34;--rows: 3;&#34;&gt;
  &lt;a
    class=&#34;hextra-card group flex flex-col justify-start overflow-hidden rounded-lg border border-gray-200 text-current no-underline dark:shadow-none hover:shadow-gray-100 dark:hover:shadow-none shadow-gray-100 active:shadow-sm active:shadow-gray-200 transition-all duration-200 hover:border-gray-300 bg-transparent shadow-sm dark:border-neutral-800 hover:bg-slate-50 hover:shadow-md dark:hover:border-neutral-700 dark:hover:bg-neutral-900&#34;href=&#34;https://www.lyskjd.com/docs/functional-parameter-table/basic-parameters/&#34; &gt;&lt;span class=&#34;flex font-semibold items-start gap-2 p-4 text-gray-700 hover:text-gray-900 dark:text-neutral-200 dark:hover:text-neutral-50&#34;&gt;&lt;svg xmlns=&#34;http://www.w3.org/2000/svg&#34; fill=&#34;none&#34; viewBox=&#34;0 0 24 24&#34; stroke-width=&#34;2&#34; stroke=&#34;currentColor&#34; aria-hidden=&#34;true&#34;&gt;&lt;path stroke-linecap=&#34;round&#34; stroke-linejoin=&#34;round&#34; d=&#34;M8 7v8a2 2 0 002 2h6M8 7V5a2 2 0 012-2h4.586a1 1 0 01.707.293l4.414 4.414a1 1 0 01.293.707V15a2 2 0 01-2 2h-2M8 7H6a2 2 0 00-2 2v10a2 2 0 002 2h8a2 2 0 002-2v-2&#34;/&gt;&lt;/svg&gt;5.1 P0 Group: Basic Parameters&lt;/span&gt;&lt;/a&gt;
  &lt;a
    class=&#34;hextra-card group flex flex-col justify-start overflow-hidden rounded-lg border border-gray-200 text-current no-underline dark:shadow-none hover:shadow-gray-100 dark:hover:shadow-none shadow-gray-100 active:shadow-sm active:shadow-gray-200 transition-all duration-200 hover:border-gray-300 bg-transparent shadow-sm dark:border-neutral-800 hover:bg-slate-50 hover:shadow-md dark:hover:border-neutral-700 dark:hover:bg-neutral-900&#34;href=&#34;https://www.lyskjd.com/docs/functional-parameter-table/motor-parameters/&#34; &gt;&lt;span class=&#34;flex font-semibold items-start gap-2 p-4 text-gray-700 hover:text-gray-900 dark:text-neutral-200 dark:hover:text-neutral-50&#34;&gt;&lt;svg xmlns=&#34;http://www.w3.org/2000/svg&#34; fill=&#34;none&#34; viewBox=&#34;0 0 24 24&#34; stroke-width=&#34;2&#34; stroke=&#34;currentColor&#34; aria-hidden=&#34;true&#34;&gt;&lt;path stroke-linecap=&#34;round&#34; stroke-linejoin=&#34;round&#34; d=&#34;M8 7v8a2 2 0 002 2h6M8 7V5a2 2 0 012-2h4.586a1 1 0 01.707.293l4.414 4.414a1 1 0 01.293.707V15a2 2 0 01-2 2h-2M8 7H6a2 2 0 00-2 2v10a2 2 0 002 2h8a2 2 0 002-2v-2&#34;/&gt;&lt;/svg&gt;5.2 P1 Group: Motor Parameters&lt;/span&gt;&lt;/a&gt;
  &lt;a
    class=&#34;hextra-card group flex flex-col justify-start overflow-hidden rounded-lg border border-gray-200 text-current no-underline dark:shadow-none hover:shadow-gray-100 dark:hover:shadow-none shadow-gray-100 active:shadow-sm active:shadow-gray-200 transition-all duration-200 hover:border-gray-300 bg-transparent shadow-sm dark:border-neutral-800 hover:bg-slate-50 hover:shadow-md dark:hover:border-neutral-700 dark:hover:bg-neutral-900&#34;href=&#34;https://www.lyskjd.com/docs/functional-parameter-table/vector-parameter/&#34; &gt;&lt;span class=&#34;flex font-semibold items-start gap-2 p-4 text-gray-700 hover:text-gray-900 dark:text-neutral-200 dark:hover:text-neutral-50&#34;&gt;&lt;svg xmlns=&#34;http://www.w3.org/2000/svg&#34; fill=&#34;none&#34; viewBox=&#34;0 0 24 24&#34; stroke-width=&#34;2&#34; stroke=&#34;currentColor&#34; aria-hidden=&#34;true&#34;&gt;&lt;path stroke-linecap=&#34;round&#34; stroke-linejoin=&#34;round&#34; d=&#34;M8 7v8a2 2 0 002 2h6M8 7V5a2 2 0 012-2h4.586a1 1 0 01.707.293l4.414 4.414a1 1 0 01.293.707V15a2 2 0 01-2 2h-2M8 7H6a2 2 0 00-2 2v10a2 2 0 002 2h8a2 2 0 002-2v-2&#34;/&gt;&lt;/svg&gt;5.3 P2 Group: Vector Parameters&lt;/span&gt;&lt;/a&gt; 
  &lt;a
    class=&#34;hextra-card group flex flex-col justify-start overflow-hidden rounded-lg border border-gray-200 text-current no-underline dark:shadow-none hover:shadow-gray-100 dark:hover:shadow-none shadow-gray-100 active:shadow-sm active:shadow-gray-200 transition-all duration-200 hover:border-gray-300 bg-transparent shadow-sm dark:border-neutral-800 hover:bg-slate-50 hover:shadow-md dark:hover:border-neutral-700 dark:hover:bg-neutral-900&#34;href=&#34;https://www.lyskjd.com/docs/functional-parameter-table/v-f-control-parameters/&#34; &gt;&lt;span class=&#34;flex font-semibold items-start gap-2 p-4 text-gray-700 hover:text-gray-900 dark:text-neutral-200 dark:hover:text-neutral-50&#34;&gt;&lt;svg xmlns=&#34;http://www.w3.org/2000/svg&#34; fill=&#34;none&#34; viewBox=&#34;0 0 24 24&#34; stroke-width=&#34;2&#34; stroke=&#34;currentColor&#34; aria-hidden=&#34;true&#34;&gt;&lt;path stroke-linecap=&#34;round&#34; stroke-linejoin=&#34;round&#34; d=&#34;M8 7v8a2 2 0 002 2h6M8 7V5a2 2 0 012-2h4.586a1 1 0 01.707.293l4.414 4.414a1 1 0 01.293.707V15a2 2 0 01-2 2h-2M8 7H6a2 2 0 00-2 2v10a2 2 0 002 2h8a2 2 0 002-2v-2&#34;/&gt;&lt;/svg&gt;5.4 P3 Group: V/F Control Parameters&lt;/span&gt;&lt;/a&gt; 
  &lt;a
    class=&#34;hextra-card group flex flex-col justify-start overflow-hidden rounded-lg border border-gray-200 text-current no-underline dark:shadow-none hover:shadow-gray-100 dark:hover:shadow-none shadow-gray-100 active:shadow-sm active:shadow-gray-200 transition-all duration-200 hover:border-gray-300 bg-transparent shadow-sm dark:border-neutral-800 hover:bg-slate-50 hover:shadow-md dark:hover:border-neutral-700 dark:hover:bg-neutral-900&#34;href=&#34;https://www.lyskjd.com/docs/functional-parameter-table/input-terminal-parameters/&#34; &gt;&lt;span class=&#34;flex font-semibold items-start gap-2 p-4 text-gray-700 hover:text-gray-900 dark:text-neutral-200 dark:hover:text-neutral-50&#34;&gt;&lt;svg xmlns=&#34;http://www.w3.org/2000/svg&#34; fill=&#34;none&#34; viewBox=&#34;0 0 24 24&#34; stroke-width=&#34;2&#34; stroke=&#34;currentColor&#34; aria-hidden=&#34;true&#34;&gt;&lt;path stroke-linecap=&#34;round&#34; stroke-linejoin=&#34;round&#34; d=&#34;M8 7v8a2 2 0 002 2h6M8 7V5a2 2 0 012-2h4.586a1 1 0 01.707.293l4.414 4.414a1 1 0 01.293.707V15a2 2 0 01-2 2h-2M8 7H6a2 2 0 00-2 2v10a2 2 0 002 2h8a2 2 0 002-2v-2&#34;/&gt;&lt;/svg&gt;5.5 P4 Group: Input Terminal Parameters&lt;/span&gt;&lt;/a&gt; 
 &lt;a
   class=&#34;hextra-card group flex flex-col justify-start overflow-hidden rounded-lg border border-gray-200 text-current no-underline dark:shadow-none hover:shadow-gray-100 dark:hover:shadow-none shadow-gray-100 active:shadow-sm active:shadow-gray-200 transition-all duration-200 hover:border-gray-300 bg-transparent shadow-sm dark:border-neutral-800 hover:bg-slate-50 hover:shadow-md dark:hover:border-neutral-700 dark:hover:bg-neutral-900&#34;href=&#34;https://www.lyskjd.com/docs/functional-parameter-table/output-terminal-parameters/&#34; &gt;&lt;span class=&#34;flex font-semibold items-start gap-2 p-4 text-gray-700 hover:text-gray-900 dark:text-neutral-200 dark:hover:text-neutral-50&#34;&gt;&lt;svg xmlns=&#34;http://www.w3.org/2000/svg&#34; fill=&#34;none&#34; viewBox=&#34;0 0 24 24&#34; stroke-width=&#34;2&#34; stroke=&#34;currentColor&#34; aria-hidden=&#34;true&#34;&gt;&lt;path stroke-linecap=&#34;round&#34; stroke-linejoin=&#34;round&#34; d=&#34;M8 7v8a2 2 0 002 2h6M8 7V5a2 2 0 012-2h4.586a1 1 0 01.707.293l4.414 4.414a1 1 0 01.293.707V15a2 2 0 01-2 2h-2M8 7H6a2 2 0 00-2 2v10a2 2 0 002 2h8a2 2 0 002-2v-2&#34;/&gt;&lt;/svg&gt;5.6 P5 Group: Output Terminal Parameters&lt;/span&gt;&lt;/a&gt;   
  &lt;a
    class=&#34;hextra-card group flex flex-col justify-start overflow-hidden rounded-lg border border-gray-200 text-current no-underline dark:shadow-none hover:shadow-gray-100 dark:hover:shadow-none shadow-gray-100 active:shadow-sm active:shadow-gray-200 transition-all duration-200 hover:border-gray-300 bg-transparent shadow-sm dark:border-neutral-800 hover:bg-slate-50 hover:shadow-md dark:hover:border-neutral-700 dark:hover:bg-neutral-900&#34;href=&#34;https://www.lyskjd.com/docs/functional-parameter-table/start-stop-control-parameters/&#34; &gt;&lt;span class=&#34;flex font-semibold items-start gap-2 p-4 text-gray-700 hover:text-gray-900 dark:text-neutral-200 dark:hover:text-neutral-50&#34;&gt;&lt;svg xmlns=&#34;http://www.w3.org/2000/svg&#34; fill=&#34;none&#34; viewBox=&#34;0 0 24 24&#34; stroke-width=&#34;2&#34; stroke=&#34;currentColor&#34; aria-hidden=&#34;true&#34;&gt;&lt;path stroke-linecap=&#34;round&#34; stroke-linejoin=&#34;round&#34; d=&#34;M8 7v8a2 2 0 002 2h6M8 7V5a2 2 0 012-2h4.586a1 1 0 01.707.293l4.414 4.414a1 1 0 01.293.707V15a2 2 0 01-2 2h-2M8 7H6a2 2 0 00-2 2v10a2 2 0 002 2h8a2 2 0 002-2v-2&#34;/&gt;&lt;/svg&gt;5.7 P6 Group: Start-Stop Control Parameters&lt;/span&gt;&lt;/a&gt;  
  &lt;a
    class=&#34;hextra-card group flex flex-col justify-start overflow-hidden rounded-lg border border-gray-200 text-current no-underline dark:shadow-none hover:shadow-gray-100 dark:hover:shadow-none shadow-gray-100 active:shadow-sm active:shadow-gray-200 transition-all duration-200 hover:border-gray-300 bg-transparent shadow-sm dark:border-neutral-800 hover:bg-slate-50 hover:shadow-md dark:hover:border-neutral-700 dark:hover:bg-neutral-900&#34;href=&#34;https://www.lyskjd.com/docs/functional-parameter-table/keyboard-and-display/&#34; &gt;&lt;span class=&#34;flex font-semibold items-start gap-2 p-4 text-gray-700 hover:text-gray-900 dark:text-neutral-200 dark:hover:text-neutral-50&#34;&gt;&lt;svg xmlns=&#34;http://www.w3.org/2000/svg&#34; fill=&#34;none&#34; viewBox=&#34;0 0 24 24&#34; stroke-width=&#34;2&#34; stroke=&#34;currentColor&#34; aria-hidden=&#34;true&#34;&gt;&lt;path stroke-linecap=&#34;round&#34; stroke-linejoin=&#34;round&#34; d=&#34;M8 7v8a2 2 0 002 2h6M8 7V5a2 2 0 012-2h4.586a1 1 0 01.707.293l4.414 4.414a1 1 0 01.293.707V15a2 2 0 01-2 2h-2M8 7H6a2 2 0 00-2 2v10a2 2 0 002 2h8a2 2 0 002-2v-2&#34;/&gt;&lt;/svg&gt;5.8 P7 Group: Keyboard and Display&lt;/span&gt;&lt;/a&gt;  
  &lt;a
    class=&#34;hextra-card group flex flex-col justify-start overflow-hidden rounded-lg border border-gray-200 text-current no-underline dark:shadow-none hover:shadow-gray-100 dark:hover:shadow-none shadow-gray-100 active:shadow-sm active:shadow-gray-200 transition-all duration-200 hover:border-gray-300 bg-transparent shadow-sm dark:border-neutral-800 hover:bg-slate-50 hover:shadow-md dark:hover:border-neutral-700 dark:hover:bg-neutral-900&#34;href=&#34;https://www.lyskjd.com/docs/functional-parameter-table/accessibility-features/&#34; &gt;&lt;span class=&#34;flex font-semibold items-start gap-2 p-4 text-gray-700 hover:text-gray-900 dark:text-neutral-200 dark:hover:text-neutral-50&#34;&gt;&lt;svg xmlns=&#34;http://www.w3.org/2000/svg&#34; fill=&#34;none&#34; viewBox=&#34;0 0 24 24&#34; stroke-width=&#34;2&#34; stroke=&#34;currentColor&#34; aria-hidden=&#34;true&#34;&gt;&lt;path stroke-linecap=&#34;round&#34; stroke-linejoin=&#34;round&#34; d=&#34;M8 7v8a2 2 0 002 2h6M8 7V5a2 2 0 012-2h4.586a1 1 0 01.707.293l4.414 4.414a1 1 0 01.293.707V15a2 2 0 01-2 2h-2M8 7H6a2 2 0 00-2 2v10a2 2 0 002 2h8a2 2 0 002-2v-2&#34;/&gt;&lt;/svg&gt;5.9 P8 Group: Accessibility Features Parameters&lt;/span&gt;&lt;/a&gt;  
  &lt;a
    class=&#34;hextra-card group flex flex-col justify-start overflow-hidden rounded-lg border border-gray-200 text-current no-underline dark:shadow-none hover:shadow-gray-100 dark:hover:shadow-none shadow-gray-100 active:shadow-sm active:shadow-gray-200 transition-all duration-200 hover:border-gray-300 bg-transparent shadow-sm dark:border-neutral-800 hover:bg-slate-50 hover:shadow-md dark:hover:border-neutral-700 dark:hover:bg-neutral-900&#34;href=&#34;https://www.lyskjd.com/docs/functional-parameter-table/malfunction-and-protection/&#34; &gt;&lt;span class=&#34;flex font-semibold items-start gap-2 p-4 text-gray-700 hover:text-gray-900 dark:text-neutral-200 dark:hover:text-neutral-50&#34;&gt;&lt;svg xmlns=&#34;http://www.w3.org/2000/svg&#34; fill=&#34;none&#34; viewBox=&#34;0 0 24 24&#34; stroke-width=&#34;2&#34; stroke=&#34;currentColor&#34; aria-hidden=&#34;true&#34;&gt;&lt;path stroke-linecap=&#34;round&#34; stroke-linejoin=&#34;round&#34; d=&#34;M8 7v8a2 2 0 002 2h6M8 7V5a2 2 0 012-2h4.586a1 1 0 01.707.293l4.414 4.414a1 1 0 01.293.707V15a2 2 0 01-2 2h-2M8 7H6a2 2 0 00-2 2v10a2 2 0 002 2h8a2 2 0 002-2v-2&#34;/&gt;&lt;/svg&gt;5.10 P9 Group: Malfunction and Protection Parameters&lt;/span&gt;&lt;/a&gt;  
  &lt;a
    class=&#34;hextra-card group flex flex-col justify-start overflow-hidden rounded-lg border border-gray-200 text-current no-underline dark:shadow-none hover:shadow-gray-100 dark:hover:shadow-none shadow-gray-100 active:shadow-sm active:shadow-gray-200 transition-all duration-200 hover:border-gray-300 bg-transparent shadow-sm dark:border-neutral-800 hover:bg-slate-50 hover:shadow-md dark:hover:border-neutral-700 dark:hover:bg-neutral-900&#34;href=&#34;https://www.lyskjd.com/docs/functional-parameter-table/pid-function-parameters/&#34; &gt;&lt;span class=&#34;flex font-semibold items-start gap-2 p-4 text-gray-700 hover:text-gray-900 dark:text-neutral-200 dark:hover:text-neutral-50&#34;&gt;&lt;svg xmlns=&#34;http://www.w3.org/2000/svg&#34; fill=&#34;none&#34; viewBox=&#34;0 0 24 24&#34; stroke-width=&#34;2&#34; stroke=&#34;currentColor&#34; aria-hidden=&#34;true&#34;&gt;&lt;path stroke-linecap=&#34;round&#34; stroke-linejoin=&#34;round&#34; d=&#34;M8 7v8a2 2 0 002 2h6M8 7V5a2 2 0 012-2h4.586a1 1 0 01.707.293l4.414 4.414a1 1 0 01.293.707V15a2 2 0 01-2 2h-2M8 7H6a2 2 0 00-2 2v10a2 2 0 002 2h8a2 2 0 002-2v-2&#34;/&gt;&lt;/svg&gt;5.11 PA Group: PID Function Parameters&lt;/span&gt;&lt;/a&gt;  
  &lt;a
    class=&#34;hextra-card group flex flex-col justify-start overflow-hidden rounded-lg border border-gray-200 text-current no-underline dark:shadow-none hover:shadow-gray-100 dark:hover:shadow-none shadow-gray-100 active:shadow-sm active:shadow-gray-200 transition-all duration-200 hover:border-gray-300 bg-transparent shadow-sm dark:border-neutral-800 hover:bg-slate-50 hover:shadow-md dark:hover:border-neutral-700 dark:hover:bg-neutral-900&#34;href=&#34;https://www.lyskjd.com/docs/functional-parameter-table/pulse-frequency-and-counting/&#34; &gt;&lt;span class=&#34;flex font-semibold items-start gap-2 p-4 text-gray-700 hover:text-gray-900 dark:text-neutral-200 dark:hover:text-neutral-50&#34;&gt;&lt;svg xmlns=&#34;http://www.w3.org/2000/svg&#34; fill=&#34;none&#34; viewBox=&#34;0 0 24 24&#34; stroke-width=&#34;2&#34; stroke=&#34;currentColor&#34; aria-hidden=&#34;true&#34;&gt;&lt;path stroke-linecap=&#34;round&#34; stroke-linejoin=&#34;round&#34; d=&#34;M8 7v8a2 2 0 002 2h6M8 7V5a2 2 0 012-2h4.586a1 1 0 01.707.293l4.414 4.414a1 1 0 01.293.707V15a2 2 0 01-2 2h-2M8 7H6a2 2 0 00-2 2v10a2 2 0 002 2h8a2 2 0 002-2v-2&#34;/&gt;&lt;/svg&gt;5.12 Pb Group: Pulse Frequency and Counting&lt;/span&gt;&lt;/a&gt;  
  &lt;a
    class=&#34;hextra-card group flex flex-col justify-start overflow-hidden rounded-lg border border-gray-200 text-current no-underline dark:shadow-none hover:shadow-gray-100 dark:hover:shadow-none shadow-gray-100 active:shadow-sm active:shadow-gray-200 transition-all duration-200 hover:border-gray-300 bg-transparent shadow-sm dark:border-neutral-800 hover:bg-slate-50 hover:shadow-md dark:hover:border-neutral-700 dark:hover:bg-neutral-900&#34;href=&#34;https://www.lyskjd.com/docs/functional-parameter-table/multi-segment-speed-instructions-and-simplified-plc/&#34; &gt;&lt;span class=&#34;flex font-semibold items-start gap-2 p-4 text-gray-700 hover:text-gray-900 dark:text-neutral-200 dark:hover:text-neutral-50&#34;&gt;&lt;svg xmlns=&#34;http://www.w3.org/2000/svg&#34; fill=&#34;none&#34; viewBox=&#34;0 0 24 24&#34; stroke-width=&#34;2&#34; stroke=&#34;currentColor&#34; aria-hidden=&#34;true&#34;&gt;&lt;path stroke-linecap=&#34;round&#34; stroke-linejoin=&#34;round&#34; d=&#34;M8 7v8a2 2 0 002 2h6M8 7V5a2 2 0 012-2h4.586a1 1 0 01.707.293l4.414 4.414a1 1 0 01.293.707V15a2 2 0 01-2 2h-2M8 7H6a2 2 0 00-2 2v10a2 2 0 002 2h8a2 2 0 002-2v-2&#34;/&gt;&lt;/svg&gt;5.13 Pc Group: Multi-segment Speed Instructions and Simplified PLC&lt;/span&gt;&lt;/a&gt;  
  &lt;a
    class=&#34;hextra-card group flex flex-col justify-start overflow-hidden rounded-lg border border-gray-200 text-current no-underline dark:shadow-none hover:shadow-gray-100 dark:hover:shadow-none shadow-gray-100 active:shadow-sm active:shadow-gray-200 transition-all duration-200 hover:border-gray-300 bg-transparent shadow-sm dark:border-neutral-800 hover:bg-slate-50 hover:shadow-md dark:hover:border-neutral-700 dark:hover:bg-neutral-900&#34;href=&#34;https://www.lyskjd.com/docs/functional-parameter-table/communication-parameters/&#34; &gt;&lt;span class=&#34;flex font-semibold items-start gap-2 p-4 text-gray-700 hover:text-gray-900 dark:text-neutral-200 dark:hover:text-neutral-50&#34;&gt;&lt;svg xmlns=&#34;http://www.w3.org/2000/svg&#34; fill=&#34;none&#34; viewBox=&#34;0 0 24 24&#34; stroke-width=&#34;2&#34; stroke=&#34;currentColor&#34; aria-hidden=&#34;true&#34;&gt;&lt;path stroke-linecap=&#34;round&#34; stroke-linejoin=&#34;round&#34; d=&#34;M8 7v8a2 2 0 002 2h6M8 7V5a2 2 0 012-2h4.586a1 1 0 01.707.293l4.414 4.414a1 1 0 01.293.707V15a2 2 0 01-2 2h-2M8 7H6a2 2 0 00-2 2v10a2 2 0 002 2h8a2 2 0 002-2v-2&#34;/&gt;&lt;/svg&gt;5.14 Pd Group: Communication Parameters&lt;/span&gt;&lt;/a&gt;  
  &lt;a
    class=&#34;hextra-card group flex flex-col justify-start overflow-hidden rounded-lg border border-gray-200 text-current no-underline dark:shadow-none hover:shadow-gray-100 dark:hover:shadow-none shadow-gray-100 active:shadow-sm active:shadow-gray-200 transition-all duration-200 hover:border-gray-300 bg-transparent shadow-sm dark:border-neutral-800 hover:bg-slate-50 hover:shadow-md dark:hover:border-neutral-700 dark:hover:bg-neutral-900&#34;href=&#34;https://www.lyskjd.com/docs/functional-parameter-table/function-code-management/&#34; &gt;&lt;span class=&#34;flex font-semibold items-start gap-2 p-4 text-gray-700 hover:text-gray-900 dark:text-neutral-200 dark:hover:text-neutral-50&#34;&gt;&lt;svg xmlns=&#34;http://www.w3.org/2000/svg&#34; fill=&#34;none&#34; viewBox=&#34;0 0 24 24&#34; stroke-width=&#34;2&#34; stroke=&#34;currentColor&#34; aria-hidden=&#34;true&#34;&gt;&lt;path stroke-linecap=&#34;round&#34; stroke-linejoin=&#34;round&#34; d=&#34;M8 7v8a2 2 0 002 2h6M8 7V5a2 2 0 012-2h4.586a1 1 0 01.707.293l4.414 4.414a1 1 0 01.293.707V15a2 2 0 01-2 2h-2M8 7H6a2 2 0 00-2 2v10a2 2 0 002 2h8a2 2 0 002-2v-2&#34;/&gt;&lt;/svg&gt;5.15 PP Group: Function Code Management&lt;/span&gt;&lt;/a&gt;  
   &lt;a
     class=&#34;hextra-card group flex flex-col justify-start overflow-hidden rounded-lg border border-gray-200 text-current no-underline dark:shadow-none hover:shadow-gray-100 dark:hover:shadow-none shadow-gray-100 active:shadow-sm active:shadow-gray-200 transition-all duration-200 hover:border-gray-300 bg-transparent shadow-sm dark:border-neutral-800 hover:bg-slate-50 hover:shadow-md dark:hover:border-neutral-700 dark:hover:bg-neutral-900&#34;href=&#34;https://www.lyskjd.com/docs/functional-parameter-table/control-optimization-parameters/&#34; &gt;&lt;span class=&#34;flex font-semibold items-start gap-2 p-4 text-gray-700 hover:text-gray-900 dark:text-neutral-200 dark:hover:text-neutral-50&#34;&gt;&lt;svg xmlns=&#34;http://www.w3.org/2000/svg&#34; fill=&#34;none&#34; viewBox=&#34;0 0 24 24&#34; stroke-width=&#34;2&#34; stroke=&#34;currentColor&#34; aria-hidden=&#34;true&#34;&gt;&lt;path stroke-linecap=&#34;round&#34; stroke-linejoin=&#34;round&#34; d=&#34;M8 7v8a2 2 0 002 2h6M8 7V5a2 2 0 012-2h4.586a1 1 0 01.707.293l4.414 4.414a1 1 0 01.293.707V15a2 2 0 01-2 2h-2M8 7H6a2 2 0 00-2 2v10a2 2 0 002 2h8a2 2 0 002-2v-2&#34;/&gt;&lt;/svg&gt;5.16 A5 Group: Control Optimization Parameters&lt;/span&gt;&lt;/a&gt; 
  &lt;a
    class=&#34;hextra-card group flex flex-col justify-start overflow-hidden rounded-lg border border-gray-200 text-current no-underline dark:shadow-none hover:shadow-gray-100 dark:hover:shadow-none shadow-gray-100 active:shadow-sm active:shadow-gray-200 transition-all duration-200 hover:border-gray-300 bg-transparent shadow-sm dark:border-neutral-800 hover:bg-slate-50 hover:shadow-md dark:hover:border-neutral-700 dark:hover:bg-neutral-900&#34;href=&#34;https://www.lyskjd.com/docs/functional-parameter-table/intelligent-constant-pressure-water-supply-parameters/&#34; &gt;&lt;span class=&#34;flex font-semibold items-start gap-2 p-4 text-gray-700 hover:text-gray-900 dark:text-neutral-200 dark:hover:text-neutral-50&#34;&gt;&lt;svg xmlns=&#34;http://www.w3.org/2000/svg&#34; fill=&#34;none&#34; viewBox=&#34;0 0 24 24&#34; stroke-width=&#34;2&#34; stroke=&#34;currentColor&#34; aria-hidden=&#34;true&#34;&gt;&lt;path stroke-linecap=&#34;round&#34; stroke-linejoin=&#34;round&#34; d=&#34;M8 7v8a2 2 0 002 2h6M8 7V5a2 2 0 012-2h4.586a1 1 0 01.707.293l4.414 4.414a1 1 0 01.293.707V15a2 2 0 01-2 2h-2M8 7H6a2 2 0 00-2 2v10a2 2 0 002 2h8a2 2 0 002-2v-2&#34;/&gt;&lt;/svg&gt;5.17 b0 Group: Intelligent Constant Pressure Water Supply Parameters&lt;/span&gt;&lt;/a&gt;  
  &lt;a
    class=&#34;hextra-card group flex flex-col justify-start overflow-hidden rounded-lg border border-gray-200 text-current no-underline dark:shadow-none hover:shadow-gray-100 dark:hover:shadow-none shadow-gray-100 active:shadow-sm active:shadow-gray-200 transition-all duration-200 hover:border-gray-300 bg-transparent shadow-sm dark:border-neutral-800 hover:bg-slate-50 hover:shadow-md dark:hover:border-neutral-700 dark:hover:bg-neutral-900&#34;href=&#34;https://www.lyskjd.com/docs/functional-parameter-table/parameter-monitoring/&#34; &gt;&lt;span class=&#34;flex font-semibold items-start gap-2 p-4 text-gray-700 hover:text-gray-900 dark:text-neutral-200 dark:hover:text-neutral-50&#34;&gt;&lt;svg xmlns=&#34;http://www.w3.org/2000/svg&#34; fill=&#34;none&#34; viewBox=&#34;0 0 24 24&#34; stroke-width=&#34;2&#34; stroke=&#34;currentColor&#34; aria-hidden=&#34;true&#34;&gt;&lt;path stroke-linecap=&#34;round&#34; stroke-linejoin=&#34;round&#34; d=&#34;M8 7v8a2 2 0 002 2h6M8 7V5a2 2 0 012-2h4.586a1 1 0 01.707.293l4.414 4.414a1 1 0 01.293.707V15a2 2 0 01-2 2h-2M8 7H6a2 2 0 00-2 2v10a2 2 0 002 2h8a2 2 0 002-2v-2&#34;/&gt;&lt;/svg&gt;5.18 U0 Group: Parameter Monitoring&lt;/span&gt;&lt;/a&gt;  
 &lt;a
   class=&#34;hextra-card group flex flex-col justify-start overflow-hidden rounded-lg border border-gray-200 text-current no-underline dark:shadow-none hover:shadow-gray-100 dark:hover:shadow-none shadow-gray-100 active:shadow-sm active:shadow-gray-200 transition-all duration-200 hover:border-gray-300 bg-transparent shadow-sm dark:border-neutral-800 hover:bg-slate-50 hover:shadow-md dark:hover:border-neutral-700 dark:hover:bg-neutral-900&#34;href=&#34;https://item.taobao.com/item.htm?ft=t&amp;amp;id=771441899583&#34; target=&#34;_blank&#34; rel=&#34;noreferrer&#34;&gt;&lt;span class=&#34;flex font-semibold items-start gap-2 p-4 text-gray-700 hover:text-gray-900 dark:text-neutral-200 dark:hover:text-neutral-50&#34;&gt;&lt;svg xmlns=&#34;http://www.w3.org/2000/svg&#34; fill=&#34;none&#34; viewBox=&#34;0 0 24 24&#34; stroke-width=&#34;2&#34; stroke=&#34;currentColor&#34; aria-hidden=&#34;true&#34;&gt;&lt;path stroke-linecap=&#34;round&#34; stroke-linejoin=&#34;round&#34; d=&#34;M3 3h2l.4 2M7 13h10l4-8H5.4M7 13L5.4 5M7 13l-2.293 2.293c-.63.63-.184 1.707.707 1.707H17m0 0a2 2 0 100 4 2 2 0 000-4zm-8 2a2 2 0 11-4 0 2 2 0 014 0z&#34;/&gt;&lt;/svg&gt;Purchase Now&lt;/span&gt;&lt;/a&gt;
  &lt;a
    class=&#34;hextra-card group flex flex-col justify-start overflow-hidden rounded-lg border border-gray-200 text-current no-underline dark:shadow-none hover:shadow-gray-100 dark:hover:shadow-none shadow-gray-100 active:shadow-sm active:shadow-gray-200 transition-all duration-200 hover:border-gray-300 bg-transparent shadow-sm dark:border-neutral-800 hover:bg-slate-50 hover:shadow-md dark:hover:border-neutral-700 dark:hover:bg-neutral-900&#34;href=&#34;https://www.lyskjd.com/blog/faq/&#34; &gt;&lt;span class=&#34;flex font-semibold items-start gap-2 p-4 text-gray-700 hover:text-gray-900 dark:text-neutral-200 dark:hover:text-neutral-50&#34;&gt;&lt;svg xmlns=&#34;http://www.w3.org/2000/svg&#34; fill=&#34;none&#34; viewBox=&#34;0 0 24 24&#34; stroke-width=&#34;2&#34; stroke=&#34;currentColor&#34; aria-hidden=&#34;true&#34;&gt;&lt;path stroke-linecap=&#34;round&#34; stroke-linejoin=&#34;round&#34; d=&#34;M19 20H5a2 2 0 01-2-2V6a2 2 0 012-2h10a2 2 0 012 2v1m2 13a2 2 0 01-2-2V7m2 13a2 2 0 002-2V9a2 2 0 00-2-2h-2m-4-3H9M7 16h6M7 8h6v4H7V8z&#34;/&gt;&lt;/svg&gt;Frequently Asked Questions about Variable Frequency Drives&lt;/span&gt;&lt;/a&gt;

&lt;/div&gt;
      </description>
    </item>
    
    <item>
      <title>Chapter 6 Instructions for Industry Application Macros</title>
      <link>https://www.lyskjd.com/en/docs/vfd/industry-application-macro-usage-instructions/</link>
      <pubDate>Mon, 01 Jan 0001 00:00:00 +0000</pubDate>
      
      <guid>https://www.lyskjd.com/en/docs/vfd/industry-application-macro-usage-instructions/</guid>
      <description>
        
        
        &lt;p&gt;When using macro parameters, it&amp;rsquo;s important to note that the macro function of this device is designed to reduce the need for customers to configure functional parameter settings. Not all parameters are fully considered, so if there are any problems encountered during use, they should be analyzed on a case-by-case basis. Users should rely on their experience and adjust helpful parameters to achieve optimal performance.&lt;/p&gt;
&lt;p&gt;Explore the following documents for more information:&lt;/p&gt;


&lt;div class=&#34;hextra-cards mt-4 gap-4 grid not-prose&#34; style=&#34;--rows: 3;&#34;&gt;
  &lt;a
    class=&#34;hextra-card group flex flex-col justify-start overflow-hidden rounded-lg border border-gray-200 text-current no-underline dark:shadow-none hover:shadow-gray-100 dark:hover:shadow-none shadow-gray-100 active:shadow-sm active:shadow-gray-200 transition-all duration-200 hover:border-gray-300 bg-transparent shadow-sm dark:border-neutral-800 hover:bg-slate-50 hover:shadow-md dark:hover:border-neutral-700 dark:hover:bg-neutral-900&#34;href=&#34;https://www.lyskjd.com/docs/industry-application-macro-usage-instructions/restore-to-factory-settings/&#34; &gt;&lt;span class=&#34;flex font-semibold items-start gap-2 p-4 text-gray-700 hover:text-gray-900 dark:text-neutral-200 dark:hover:text-neutral-50&#34;&gt;&lt;svg xmlns=&#34;http://www.w3.org/2000/svg&#34; fill=&#34;none&#34; viewBox=&#34;0 0 24 24&#34; stroke-width=&#34;2&#34; stroke=&#34;currentColor&#34; aria-hidden=&#34;true&#34;&gt;&lt;path stroke-linecap=&#34;round&#34; stroke-linejoin=&#34;round&#34; d=&#34;M8 7v8a2 2 0 002 2h6M8 7V5a2 2 0 012-2h4.586a1 1 0 01.707.293l4.414 4.414a1 1 0 01.293.707V15a2 2 0 01-2 2h-2M8 7H6a2 2 0 00-2 2v10a2 2 0 002 2h8a2 2 0 002-2v-2&#34;/&gt;&lt;/svg&gt;6.1 Restore to Factory Settings&lt;/span&gt;&lt;/a&gt;
  &lt;a
    class=&#34;hextra-card group flex flex-col justify-start overflow-hidden rounded-lg border border-gray-200 text-current no-underline dark:shadow-none hover:shadow-gray-100 dark:hover:shadow-none shadow-gray-100 active:shadow-sm active:shadow-gray-200 transition-all duration-200 hover:border-gray-300 bg-transparent shadow-sm dark:border-neutral-800 hover:bg-slate-50 hover:shadow-md dark:hover:border-neutral-700 dark:hover:bg-neutral-900&#34;href=&#34;https://www.lyskjd.com/docs/industry-application-macro-usage-instructions/constant-pressure-water-supply-macro-settings/&#34; &gt;&lt;span class=&#34;flex font-semibold items-start gap-2 p-4 text-gray-700 hover:text-gray-900 dark:text-neutral-200 dark:hover:text-neutral-50&#34;&gt;&lt;svg xmlns=&#34;http://www.w3.org/2000/svg&#34; fill=&#34;none&#34; viewBox=&#34;0 0 24 24&#34; stroke-width=&#34;2&#34; stroke=&#34;currentColor&#34; aria-hidden=&#34;true&#34;&gt;&lt;path stroke-linecap=&#34;round&#34; stroke-linejoin=&#34;round&#34; d=&#34;M8 7v8a2 2 0 002 2h6M8 7V5a2 2 0 012-2h4.586a1 1 0 01.707.293l4.414 4.414a1 1 0 01.293.707V15a2 2 0 01-2 2h-2M8 7H6a2 2 0 00-2 2v10a2 2 0 002 2h8a2 2 0 002-2v-2&#34;/&gt;&lt;/svg&gt;6.2 Constant Pressure Water Supply Macro&lt;/span&gt;&lt;/a&gt;
  &lt;a
    class=&#34;hextra-card group flex flex-col justify-start overflow-hidden rounded-lg border border-gray-200 text-current no-underline dark:shadow-none hover:shadow-gray-100 dark:hover:shadow-none shadow-gray-100 active:shadow-sm active:shadow-gray-200 transition-all duration-200 hover:border-gray-300 bg-transparent shadow-sm dark:border-neutral-800 hover:bg-slate-50 hover:shadow-md dark:hover:border-neutral-700 dark:hover:bg-neutral-900&#34;href=&#34;https://www.lyskjd.com/docs/industry-application-macro-usage-instructions/machine-tool-macro-settings/&#34; &gt;&lt;span class=&#34;flex font-semibold items-start gap-2 p-4 text-gray-700 hover:text-gray-900 dark:text-neutral-200 dark:hover:text-neutral-50&#34;&gt;&lt;svg xmlns=&#34;http://www.w3.org/2000/svg&#34; fill=&#34;none&#34; viewBox=&#34;0 0 24 24&#34; stroke-width=&#34;2&#34; stroke=&#34;currentColor&#34; aria-hidden=&#34;true&#34;&gt;&lt;path stroke-linecap=&#34;round&#34; stroke-linejoin=&#34;round&#34; d=&#34;M8 7v8a2 2 0 002 2h6M8 7V5a2 2 0 012-2h4.586a1 1 0 01.707.293l4.414 4.414a1 1 0 01.293.707V15a2 2 0 01-2 2h-2M8 7H6a2 2 0 00-2 2v10a2 2 0 002 2h8a2 2 0 002-2v-2&#34;/&gt;&lt;/svg&gt;6.3 Machine Tool Macro 100HZ&lt;/span&gt;&lt;/a&gt;
  &lt;a
    class=&#34;hextra-card group flex flex-col justify-start overflow-hidden rounded-lg border border-gray-200 text-current no-underline dark:shadow-none hover:shadow-gray-100 dark:hover:shadow-none shadow-gray-100 active:shadow-sm active:shadow-gray-200 transition-all duration-200 hover:border-gray-300 bg-transparent shadow-sm dark:border-neutral-800 hover:bg-slate-50 hover:shadow-md dark:hover:border-neutral-700 dark:hover:bg-neutral-900&#34;href=&#34;https://www.lyskjd.com/docs/industry-application-macro-usage-instructions/engraving-machine-macro-settings/&#34; &gt;&lt;span class=&#34;flex font-semibold items-start gap-2 p-4 text-gray-700 hover:text-gray-900 dark:text-neutral-200 dark:hover:text-neutral-50&#34;&gt;&lt;svg xmlns=&#34;http://www.w3.org/2000/svg&#34; fill=&#34;none&#34; viewBox=&#34;0 0 24 24&#34; stroke-width=&#34;2&#34; stroke=&#34;currentColor&#34; aria-hidden=&#34;true&#34;&gt;&lt;path stroke-linecap=&#34;round&#34; stroke-linejoin=&#34;round&#34; d=&#34;M8 7v8a2 2 0 002 2h6M8 7V5a2 2 0 012-2h4.586a1 1 0 01.707.293l4.414 4.414a1 1 0 01.293.707V15a2 2 0 01-2 2h-2M8 7H6a2 2 0 00-2 2v10a2 2 0 002 2h8a2 2 0 002-2v-2&#34;/&gt;&lt;/svg&gt;6.4 Engraving Machine Macro 400HZ&lt;/span&gt;&lt;/a&gt;
    &lt;a
      class=&#34;hextra-card group flex flex-col justify-start overflow-hidden rounded-lg border border-gray-200 text-current no-underline dark:shadow-none hover:shadow-gray-100 dark:hover:shadow-none shadow-gray-100 active:shadow-sm active:shadow-gray-200 transition-all duration-200 hover:border-gray-300 bg-transparent shadow-sm dark:border-neutral-800 hover:bg-slate-50 hover:shadow-md dark:hover:border-neutral-700 dark:hover:bg-neutral-900&#34;href=&#34;https://item.taobao.com/item.htm?ft=t&amp;amp;id=771441899583&#34; target=&#34;_blank&#34; rel=&#34;noreferrer&#34;&gt;&lt;span class=&#34;flex font-semibold items-start gap-2 p-4 text-gray-700 hover:text-gray-900 dark:text-neutral-200 dark:hover:text-neutral-50&#34;&gt;&lt;svg xmlns=&#34;http://www.w3.org/2000/svg&#34; fill=&#34;none&#34; viewBox=&#34;0 0 24 24&#34; stroke-width=&#34;2&#34; stroke=&#34;currentColor&#34; aria-hidden=&#34;true&#34;&gt;&lt;path stroke-linecap=&#34;round&#34; stroke-linejoin=&#34;round&#34; d=&#34;M3 3h2l.4 2M7 13h10l4-8H5.4M7 13L5.4 5M7 13l-2.293 2.293c-.63.63-.184 1.707.707 1.707H17m0 0a2 2 0 100 4 2 2 0 000-4zm-8 2a2 2 0 11-4 0 2 2 0 014 0z&#34;/&gt;&lt;/svg&gt;Buy Now&lt;/span&gt;&lt;/a&gt;
  &lt;a
    class=&#34;hextra-card group flex flex-col justify-start overflow-hidden rounded-lg border border-gray-200 text-current no-underline dark:shadow-none hover:shadow-gray-100 dark:hover:shadow-none shadow-gray-100 active:shadow-sm active:shadow-gray-200 transition-all duration-200 hover:border-gray-300 bg-transparent shadow-sm dark:border-neutral-800 hover:bg-slate-50 hover:shadow-md dark:hover:border-neutral-700 dark:hover:bg-neutral-900&#34;href=&#34;https://www.lyskjd.com/blog/faq/&#34; &gt;&lt;span class=&#34;flex font-semibold items-start gap-2 p-4 text-gray-700 hover:text-gray-900 dark:text-neutral-200 dark:hover:text-neutral-50&#34;&gt;&lt;svg xmlns=&#34;http://www.w3.org/2000/svg&#34; fill=&#34;none&#34; viewBox=&#34;0 0 24 24&#34; stroke-width=&#34;2&#34; stroke=&#34;currentColor&#34; aria-hidden=&#34;true&#34;&gt;&lt;path stroke-linecap=&#34;round&#34; stroke-linejoin=&#34;round&#34; d=&#34;M19 20H5a2 2 0 01-2-2V6a2 2 0 012-2h10a2 2 0 012 2v1m2 13a2 2 0 01-2-2V7m2 13a2 2 0 002-2V9a2 2 0 00-2-2h-2m-4-3H9M7 16h6M7 8h6v4H7V8z&#34;/&gt;&lt;/svg&gt;Inverter FAQ&lt;/span&gt;&lt;/a&gt;
&lt;/div&gt;


      </description>
    </item>
    
    <item>
      <title>Chapter 7 Fault Diagnosis and Countermeasures</title>
      <link>https://www.lyskjd.com/en/docs/vfd/fault-diagnosis-and-countermeasures/</link>
      <pubDate>Mon, 01 Jan 0001 00:00:00 +0000</pubDate>
      
      <guid>https://www.lyskjd.com/en/docs/vfd/fault-diagnosis-and-countermeasures/</guid>
      <description>
        
        
        &lt;p&gt;Explore the following documents to learn more:&lt;/p&gt;


&lt;div class=&#34;hextra-cards mt-4 gap-4 grid not-prose&#34; style=&#34;--rows: 3;&#34;&gt;
  &lt;a
    class=&#34;hextra-card group flex flex-col justify-start overflow-hidden rounded-lg border border-gray-200 text-current no-underline dark:shadow-none hover:shadow-gray-100 dark:hover:shadow-none shadow-gray-100 active:shadow-sm active:shadow-gray-200 transition-all duration-200 hover:border-gray-300 bg-transparent shadow-sm dark:border-neutral-800 hover:bg-slate-50 hover:shadow-md dark:hover:border-neutral-700 dark:hover:bg-neutral-900&#34;href=&#34;https://www.lyskjd.com/docs/fault-diagnosis-and-countermeasures/fault-alarm-and-countermeasures/&#34; &gt;&lt;span class=&#34;flex font-semibold items-start gap-2 p-4 text-gray-700 hover:text-gray-900 dark:text-neutral-200 dark:hover:text-neutral-50&#34;&gt;&lt;svg xmlns=&#34;http://www.w3.org/2000/svg&#34; fill=&#34;none&#34; viewBox=&#34;0 0 24 24&#34; stroke-width=&#34;2&#34; stroke=&#34;currentColor&#34; aria-hidden=&#34;true&#34;&gt;&lt;path stroke-linecap=&#34;round&#34; stroke-linejoin=&#34;round&#34; d=&#34;M8 7v8a2 2 0 002 2h6M8 7V5a2 2 0 012-2h4.586a1 1 0 01.707.293l4.414 4.414a1 1 0 01.293.707V15a2 2 0 01-2 2h-2M8 7H6a2 2 0 00-2 2v10a2 2 0 002 2h8a2 2 0 002-2v-2&#34;/&gt;&lt;/svg&gt;7.1 Fault Alarms and Countermeasures&lt;/span&gt;&lt;/a&gt;
  &lt;a
    class=&#34;hextra-card group flex flex-col justify-start overflow-hidden rounded-lg border border-gray-200 text-current no-underline dark:shadow-none hover:shadow-gray-100 dark:hover:shadow-none shadow-gray-100 active:shadow-sm active:shadow-gray-200 transition-all duration-200 hover:border-gray-300 bg-transparent shadow-sm dark:border-neutral-800 hover:bg-slate-50 hover:shadow-md dark:hover:border-neutral-700 dark:hover:bg-neutral-900&#34;href=&#34;https://www.lyskjd.com/docs/fault-diagnosis-and-countermeasures/common-faults-and-remediation-procedures/&#34; &gt;&lt;span class=&#34;flex font-semibold items-start gap-2 p-4 text-gray-700 hover:text-gray-900 dark:text-neutral-200 dark:hover:text-neutral-50&#34;&gt;&lt;svg xmlns=&#34;http://www.w3.org/2000/svg&#34; fill=&#34;none&#34; viewBox=&#34;0 0 24 24&#34; stroke-width=&#34;2&#34; stroke=&#34;currentColor&#34; aria-hidden=&#34;true&#34;&gt;&lt;path stroke-linecap=&#34;round&#34; stroke-linejoin=&#34;round&#34; d=&#34;M8 7v8a2 2 0 002 2h6M8 7V5a2 2 0 012-2h4.586a1 1 0 01.707.293l4.414 4.414a1 1 0 01.293.707V15a2 2 0 01-2 2h-2M8 7H6a2 2 0 00-2 2v10a2 2 0 002 2h8a2 2 0 002-2v-2&#34;/&gt;&lt;/svg&gt;7.2 Common Faults and Remediation Procedures&lt;/span&gt;&lt;/a&gt;
  &lt;a
    class=&#34;hextra-card group flex flex-col justify-start overflow-hidden rounded-lg border border-gray-200 text-current no-underline dark:shadow-none hover:shadow-gray-100 dark:hover:shadow-none shadow-gray-100 active:shadow-sm active:shadow-gray-200 transition-all duration-200 hover:border-gray-300 bg-transparent shadow-sm dark:border-neutral-800 hover:bg-slate-50 hover:shadow-md dark:hover:border-neutral-700 dark:hover:bg-neutral-900&#34;href=&#34;https://item.taobao.com/item.htm?ft=t&amp;amp;id=771441899583&#34; target=&#34;_blank&#34; rel=&#34;noreferrer&#34;&gt;&lt;span class=&#34;flex font-semibold items-start gap-2 p-4 text-gray-700 hover:text-gray-900 dark:text-neutral-200 dark:hover:text-neutral-50&#34;&gt;&lt;svg xmlns=&#34;http://www.w3.org/2000/svg&#34; fill=&#34;none&#34; viewBox=&#34;0 0 24 24&#34; stroke-width=&#34;2&#34; stroke=&#34;currentColor&#34; aria-hidden=&#34;true&#34;&gt;&lt;path stroke-linecap=&#34;round&#34; stroke-linejoin=&#34;round&#34; d=&#34;M3 3h2l.4 2M7 13h10l4-8H5.4M7 13L5.4 5M7 13l-2.293 2.293c-.63.63-.184 1.707.707 1.707H17m0 0a2 2 0 100 4 2 2 0 000-4zm-8 2a2 2 0 11-4 0 2 2 0 014 0z&#34;/&gt;&lt;/svg&gt;Buy Now&lt;/span&gt;&lt;/a&gt;
  &lt;a
    class=&#34;hextra-card group flex flex-col justify-start overflow-hidden rounded-lg border border-gray-200 text-current no-underline dark:shadow-none hover:shadow-gray-100 dark:hover:shadow-none shadow-gray-100 active:shadow-sm active:shadow-gray-200 transition-all duration-200 hover:border-gray-300 bg-transparent shadow-sm dark:border-neutral-800 hover:bg-slate-50 hover:shadow-md dark:hover:border-neutral-700 dark:hover:bg-neutral-900&#34;href=&#34;https://www.lyskjd.com/blog/faq/&#34; &gt;&lt;span class=&#34;flex font-semibold items-start gap-2 p-4 text-gray-700 hover:text-gray-900 dark:text-neutral-200 dark:hover:text-neutral-50&#34;&gt;&lt;svg xmlns=&#34;http://www.w3.org/2000/svg&#34; fill=&#34;none&#34; viewBox=&#34;0 0 24 24&#34; stroke-width=&#34;2&#34; stroke=&#34;currentColor&#34; aria-hidden=&#34;true&#34;&gt;&lt;path stroke-linecap=&#34;round&#34; stroke-linejoin=&#34;round&#34; d=&#34;M19 20H5a2 2 0 01-2-2V6a2 2 0 012-2h10a2 2 0 012 2v1m2 13a2 2 0 01-2-2V7m2 13a2 2 0 002-2V9a2 2 0 00-2-2h-2m-4-3H9M7 16h6M7 8h6v4H7V8z&#34;/&gt;&lt;/svg&gt;Frequently Asked Questions about Inverters&lt;/span&gt;&lt;/a&gt;
&lt;/div&gt;


      </description>
    </item>
    
    <item>
      <title>Chapter 8 ModBus Communication Protocol</title>
      <link>https://www.lyskjd.com/en/docs/vfd/modbus-communication-protocol/</link>
      <pubDate>Mon, 01 Jan 0001 00:00:00 +0000</pubDate>
      
      <guid>https://www.lyskjd.com/en/docs/vfd/modbus-communication-protocol/</guid>
      <description>
        
        
        &lt;p&gt;The inverter provides an RS485 communication interface and supports the Modbus-RTU communication protocol. Users can achieve centralized control through a computer or PLC using this communication protocol. They can set the inverter&amp;rsquo;s operating commands, modify or read functional code parameters, and read the inverter&amp;rsquo;s operational status and fault information, among other functions.&lt;/p&gt;
&lt;p&gt;&lt;strong&gt;Explore these documents to learn more.&lt;/strong&gt;&lt;/p&gt;
&lt;div class=&#34;hextra-cards mt-4 gap-4 grid not-prose&#34; style=&#34;--rows: 3;&#34;&gt;
 &lt;a
   class=&#34;hextra-card group flex flex-col justify-start overflow-hidden rounded-lg border border-gray-200 text-current no-underline dark:shadow-none hover:shadow-gray-100 dark:hover:shadow-none shadow-gray-100 active:shadow-sm active:shadow-gray-200 transition-all duration-200 hover:border-gray-300 bg-transparent shadow-sm dark:border-neutral-800 hover:bg-slate-50 hover:shadow-md dark:hover:border-neutral-700 dark:hover:bg-neutral-900&#34;href=&#34;https://www.lyskjd.com/docs/modbus-communication-protocol/agreement-content/&#34; &gt;&lt;span class=&#34;flex font-semibold items-start gap-2 p-4 text-gray-700 hover:text-gray-900 dark:text-neutral-200 dark:hover:text-neutral-50&#34;&gt;&lt;svg xmlns=&#34;http://www.w3.org/2000/svg&#34; fill=&#34;none&#34; viewBox=&#34;0 0 24 24&#34; stroke-width=&#34;2&#34; stroke=&#34;currentColor&#34; aria-hidden=&#34;true&#34;&gt;&lt;path stroke-linecap=&#34;round&#34; stroke-linejoin=&#34;round&#34; d=&#34;M8 7v8a2 2 0 002 2h6M8 7V5a2 2 0 012-2h4.586a1 1 0 01.707.293l4.414 4.414a1 1 0 01.293.707V15a2 2 0 01-2 2h-2M8 7H6a2 2 0 00-2 2v10a2 2 0 002 2h8a2 2 0 002-2v-2&#34;/&gt;&lt;/svg&gt;8.1 Protocol Content&lt;/span&gt;&lt;/a&gt;
  &lt;a
    class=&#34;hextra-card group flex flex-col justify-start overflow-hidden rounded-lg border border-gray-200 text-current no-underline dark:shadow-none hover:shadow-gray-100 dark:hover:shadow-none shadow-gray-100 active:shadow-sm active:shadow-gray-200 transition-all duration-200 hover:border-gray-300 bg-transparent shadow-sm dark:border-neutral-800 hover:bg-slate-50 hover:shadow-md dark:hover:border-neutral-700 dark:hover:bg-neutral-900&#34;href=&#34;https://www.lyskjd.com/docs/modbus-communication-protocol/communication-data-address-definition/&#34; &gt;&lt;span class=&#34;flex font-semibold items-start gap-2 p-4 text-gray-700 hover:text-gray-900 dark:text-neutral-200 dark:hover:text-neutral-50&#34;&gt;&lt;svg xmlns=&#34;http://www.w3.org/2000/svg&#34; fill=&#34;none&#34; viewBox=&#34;0 0 24 24&#34; stroke-width=&#34;2&#34; stroke=&#34;currentColor&#34; aria-hidden=&#34;true&#34;&gt;&lt;path stroke-linecap=&#34;round&#34; stroke-linejoin=&#34;round&#34; d=&#34;M8 7v8a2 2 0 002 2h6M8 7V5a2 2 0 012-2h4.586a1 1 0 01.707.293l4.414 4.414a1 1 0 01.293.707V15a2 2 0 01-2 2h-2M8 7H6a2 2 0 00-2 2v10a2 2 0 002 2h8a2 2 0 002-2v-2&#34;/&gt;&lt;/svg&gt;8.2 Communication Data Address Definition&lt;/span&gt;&lt;/a&gt;
  &lt;a
    class=&#34;hextra-card group flex flex-col justify-start overflow-hidden rounded-lg border border-gray-200 text-current no-underline dark:shadow-none hover:shadow-gray-100 dark:hover:shadow-none shadow-gray-100 active:shadow-sm active:shadow-gray-200 transition-all duration-200 hover:border-gray-300 bg-transparent shadow-sm dark:border-neutral-800 hover:bg-slate-50 hover:shadow-md dark:hover:border-neutral-700 dark:hover:bg-neutral-900&#34;href=&#34;https://www.lyskjd.com/docs/product-information/technical-specifications-table/&#34; &gt;&lt;span class=&#34;flex font-semibold items-start gap-2 p-4 text-gray-700 hover:text-gray-900 dark:text-neutral-200 dark:hover:text-neutral-50&#34;&gt;&lt;svg xmlns=&#34;http://www.w3.org/2000/svg&#34; fill=&#34;none&#34; viewBox=&#34;0 0 24 24&#34; stroke-width=&#34;2&#34; stroke=&#34;currentColor&#34; aria-hidden=&#34;true&#34;&gt;&lt;path stroke-linecap=&#34;round&#34; stroke-linejoin=&#34;round&#34; d=&#34;M8 7v8a2 2 0 002 2h6M8 7V5a2 2 0 012-2h4.586a1 1 0 01.707.293l4.414 4.414a1 1 0 01.293.707V15a2 2 0 01-2 2h-2M8 7H6a2 2 0 00-2 2v10a2 2 0 002 2h8a2 2 0 002-2v-2&#34;/&gt;&lt;/svg&gt;5.1 Basic Functional Parameters Summary Table&lt;/span&gt;&lt;/a&gt;
 &lt;a
   class=&#34;hextra-card group flex flex-col justify-start overflow-hidden rounded-lg border border-gray-200 text-current no-underline dark:shadow-none hover:shadow-gray-100 dark:hover:shadow-none shadow-gray-100 active:shadow-sm active:shadow-gray-200 transition-all duration-200 hover:border-gray-300 bg-transparent shadow-sm dark:border-neutral-800 hover:bg-slate-50 hover:shadow-md dark:hover:border-neutral-700 dark:hover:bg-neutral-900&#34;href=&#34;https://item.taobao.com/item.htm?ft=t&amp;amp;id=771441899583&#34; target=&#34;_blank&#34; rel=&#34;noreferrer&#34;&gt;&lt;span class=&#34;flex font-semibold items-start gap-2 p-4 text-gray-700 hover:text-gray-900 dark:text-neutral-200 dark:hover:text-neutral-50&#34;&gt;&lt;svg xmlns=&#34;http://www.w3.org/2000/svg&#34; fill=&#34;none&#34; viewBox=&#34;0 0 24 24&#34; stroke-width=&#34;2&#34; stroke=&#34;currentColor&#34; aria-hidden=&#34;true&#34;&gt;&lt;path stroke-linecap=&#34;round&#34; stroke-linejoin=&#34;round&#34; d=&#34;M3 3h2l.4 2M7 13h10l4-8H5.4M7 13L5.4 5M7 13l-2.293 2.293c-.63.63-.184 1.707.707 1.707H17m0 0a2 2 0 100 4 2 2 0 000-4zm-8 2a2 2 0 11-4 0 2 2 0 014 0z&#34;/&gt;&lt;/svg&gt;Buy Now&lt;/span&gt;&lt;/a&gt;
  &lt;a
    class=&#34;hextra-card group flex flex-col justify-start overflow-hidden rounded-lg border border-gray-200 text-current no-underline dark:shadow-none hover:shadow-gray-100 dark:hover:shadow-none shadow-gray-100 active:shadow-sm active:shadow-gray-200 transition-all duration-200 hover:border-gray-300 bg-transparent shadow-sm dark:border-neutral-800 hover:bg-slate-50 hover:shadow-md dark:hover:border-neutral-700 dark:hover:bg-neutral-900&#34;href=&#34;https://www.lyskjd.com/blog/faq/&#34; &gt;&lt;span class=&#34;flex font-semibold items-start gap-2 p-4 text-gray-700 hover:text-gray-900 dark:text-neutral-200 dark:hover:text-neutral-50&#34;&gt;&lt;svg xmlns=&#34;http://www.w3.org/2000/svg&#34; fill=&#34;none&#34; viewBox=&#34;0 0 24 24&#34; stroke-width=&#34;2&#34; stroke=&#34;currentColor&#34; aria-hidden=&#34;true&#34;&gt;&lt;path stroke-linecap=&#34;round&#34; stroke-linejoin=&#34;round&#34; d=&#34;M19 20H5a2 2 0 01-2-2V6a2 2 0 012-2h10a2 2 0 012 2v1m2 13a2 2 0 01-2-2V7m2 13a2 2 0 002-2V9a2 2 0 00-2-2h-2m-4-3H9M7 16h6M7 8h6v4H7V8z&#34;/&gt;&lt;/svg&gt;Frequently Asked Questions about Inverters&lt;/span&gt;&lt;/a&gt;

&lt;/div&gt;
      </description>
    </item>
    
    <item>
      <title>Warranty-Instructions</title>
      <link>https://www.lyskjd.com/en/docs/vfd/warranty-instructions/</link>
      <pubDate>Mon, 01 Jan 0001 00:00:00 +0000</pubDate>
      
      <guid>https://www.lyskjd.com/en/docs/vfd/warranty-instructions/</guid>
      <description>
        
        
        &lt;p&gt;Thank you for choosing our company&amp;rsquo;s products. To ensure that you enjoy high-quality service with the products purchased from our company, please read the following terms:&lt;/p&gt;
&lt;h3&gt;Standard Warranty Period&lt;span class=&#34;absolute -mt-20&#34; id=&#34;standard-warranty-period&#34;&gt;&lt;/span&gt;
    &lt;a href=&#34;#standard-warranty-period&#34; class=&#34;subheading-anchor&#34; aria-label=&#34;Permalink for this section&#34;&gt;&lt;/a&gt;&lt;/h3&gt;&lt;p&gt;The standard warranty period for our general-purpose variable frequency drives is twelve months from the date of shipment (based on the shipment information on the machine&amp;rsquo;s barcode).&lt;/p&gt;
&lt;h3&gt;Warranty Coverage&lt;span class=&#34;absolute -mt-20&#34; id=&#34;warranty-coverage&#34;&gt;&lt;/span&gt;
    &lt;a href=&#34;#warranty-coverage&#34; class=&#34;subheading-anchor&#34; aria-label=&#34;Permalink for this section&#34;&gt;&lt;/a&gt;&lt;/h3&gt;&lt;p&gt;During the warranty period, if the product fails under normal operating conditions, our company will provide free product repair with the warranty card.&lt;/p&gt;
&lt;h3&gt;Non-warranty Coverage&lt;span class=&#34;absolute -mt-20&#34; id=&#34;non-warranty-coverage&#34;&gt;&lt;/span&gt;
    &lt;a href=&#34;#non-warranty-coverage&#34; class=&#34;subheading-anchor&#34; aria-label=&#34;Permalink for this section&#34;&gt;&lt;/a&gt;&lt;/h3&gt;&lt;ol&gt;
&lt;li&gt;Damage to the machine caused by improper maintenance, on-site accidents, natural disasters, etc.&lt;/li&gt;
&lt;li&gt;Damage to the machine caused by disassembly, reassembly, or modification of the product without permission.&lt;/li&gt;
&lt;li&gt;Alteration, removal, or incorrect serial number.&lt;/li&gt;
&lt;li&gt;Damage to the machine caused by improper use according to the user manual or human factors.&lt;/li&gt;
&lt;/ol&gt;
&lt;h3&gt;Service After the Warranty Period&lt;span class=&#34;absolute -mt-20&#34; id=&#34;service-after-the-warranty-period&#34;&gt;&lt;/span&gt;
    &lt;a href=&#34;#service-after-the-warranty-period&#34; class=&#34;subheading-anchor&#34; aria-label=&#34;Permalink for this section&#34;&gt;&lt;/a&gt;&lt;/h3&gt;&lt;p&gt;If the product is beyond the warranty period, our company will charge the end user for on-site service fees, parts fees, labor fees, and logistics fees. Please refer to the detailed standards in the table below:&lt;/p&gt;
&lt;table&gt;
&lt;thead&gt;
&lt;tr&gt;
&lt;th style=&#34;text-align:center&#34;&gt;Service content&lt;/th&gt;
&lt;th style=&#34;text-align:center&#34;&gt;Send it back to the factory for Service&lt;/th&gt;
&lt;th style=&#34;text-align:center&#34;&gt;Field Services&lt;/th&gt;
&lt;/tr&gt;
&lt;/thead&gt;
&lt;tbody&gt;
&lt;tr&gt;
&lt;td style=&#34;text-align:center&#34;&gt;No parts replacement required&lt;/td&gt;
&lt;td style=&#34;text-align:center&#34;&gt;Labor fees + round-trip logistics fees.&lt;/td&gt;
&lt;td style=&#34;text-align:center&#34;&gt;Round-trip travel expenses + labor fees.&lt;/td&gt;
&lt;/tr&gt;
&lt;tr&gt;
&lt;td style=&#34;text-align:center&#34;&gt;Parts replacement required&lt;/td&gt;
&lt;td style=&#34;text-align:center&#34;&gt;Labor fees + round-trip logistics fees + parts fees.&lt;/td&gt;
&lt;td style=&#34;text-align:center&#34;&gt;Round-trip travel expenses + labor fees + parts fees.&lt;/td&gt;
&lt;/tr&gt;
&lt;/tbody&gt;
&lt;/table&gt;
&lt;p&gt;Travel Expenses: Round-trip travel expenses for on-site service technicians (including transportation, accommodation, and meals).&lt;/p&gt;
&lt;p&gt;Parts Fees: Cost of replacing parts (including any shipping/handling fees).&lt;/p&gt;
&lt;p&gt;Labor Fees: Fees for technical personnel, including repair, maintenance, installation, and commissioning.&lt;/p&gt;
&lt;p&gt;Logistics Fees: Logistics expenses for faulty products shipped from the customer to our company and for repaired/replacement products shipped from our company to the customer, including other related expenses.&lt;/p&gt;
&lt;h3&gt;NEXT&lt;span class=&#34;absolute -mt-20&#34; id=&#34;next&#34;&gt;&lt;/span&gt;
    &lt;a href=&#34;#next&#34; class=&#34;subheading-anchor&#34; aria-label=&#34;Permalink for this section&#34;&gt;&lt;/a&gt;&lt;/h3&gt;&lt;p&gt;&lt;strong&gt;Explore these documents to learn more.&lt;/strong&gt;&lt;/p&gt;


&lt;div class=&#34;hextra-cards mt-4 gap-4 grid not-prose&#34; style=&#34;--rows: 3;&#34;&gt;
  &lt;a
    class=&#34;hextra-card group flex flex-col justify-start overflow-hidden rounded-lg border border-gray-200 text-current no-underline dark:shadow-none hover:shadow-gray-100 dark:hover:shadow-none shadow-gray-100 active:shadow-sm active:shadow-gray-200 transition-all duration-200 hover:border-gray-300 bg-transparent shadow-sm dark:border-neutral-800 hover:bg-slate-50 hover:shadow-md dark:hover:border-neutral-700 dark:hover:bg-neutral-900&#34;href=&#34;https://item.taobao.com/item.htm?ft=t&amp;amp;id=771441899583&#34; target=&#34;_blank&#34; rel=&#34;noreferrer&#34;&gt;&lt;span class=&#34;flex font-semibold items-start gap-2 p-4 text-gray-700 hover:text-gray-900 dark:text-neutral-200 dark:hover:text-neutral-50&#34;&gt;&lt;svg xmlns=&#34;http://www.w3.org/2000/svg&#34; fill=&#34;none&#34; viewBox=&#34;0 0 24 24&#34; stroke-width=&#34;2&#34; stroke=&#34;currentColor&#34; aria-hidden=&#34;true&#34;&gt;&lt;path stroke-linecap=&#34;round&#34; stroke-linejoin=&#34;round&#34; d=&#34;M3 3h2l.4 2M7 13h10l4-8H5.4M7 13L5.4 5M7 13l-2.293 2.293c-.63.63-.184 1.707.707 1.707H17m0 0a2 2 0 100 4 2 2 0 000-4zm-8 2a2 2 0 11-4 0 2 2 0 014 0z&#34;/&gt;&lt;/svg&gt;Purchase high-performance vector frequency drives now.&lt;/span&gt;&lt;/a&gt;
  &lt;a
    class=&#34;hextra-card group flex flex-col justify-start overflow-hidden rounded-lg border border-gray-200 text-current no-underline dark:shadow-none hover:shadow-gray-100 dark:hover:shadow-none shadow-gray-100 active:shadow-sm active:shadow-gray-200 transition-all duration-200 hover:border-gray-300 bg-transparent shadow-sm dark:border-neutral-800 hover:bg-slate-50 hover:shadow-md dark:hover:border-neutral-700 dark:hover:bg-neutral-900&#34;href=&#34;https://www.lyskjd.com/docs/table-of-contents/&#34; &gt;&lt;span class=&#34;flex font-semibold items-start gap-2 p-4 text-gray-700 hover:text-gray-900 dark:text-neutral-200 dark:hover:text-neutral-50&#34;&gt;&lt;svg xmlns=&#34;http://www.w3.org/2000/svg&#34; fill=&#34;none&#34; viewBox=&#34;0 0 24 24&#34; stroke-width=&#34;2&#34; stroke=&#34;currentColor&#34; aria-hidden=&#34;true&#34;&gt;&lt;path stroke-linecap=&#34;round&#34; stroke-linejoin=&#34;round&#34; d=&#34;M19 20H5a2 2 0 01-2-2V6a2 2 0 012-2h10a2 2 0 012 2v1m2 13a2 2 0 01-2-2V7m2 13a2 2 0 002-2V9a2 2 0 00-2-2h-2m-4-3H9M7 16h6M7 8h6v4H7V8z&#34;/&gt;&lt;/svg&gt;Table of Contents for the Variable Frequency Drive User Manual&lt;/span&gt;&lt;/a&gt;
  &lt;a
    class=&#34;hextra-card group flex flex-col justify-start overflow-hidden rounded-lg border border-gray-200 text-current no-underline dark:shadow-none hover:shadow-gray-100 dark:hover:shadow-none shadow-gray-100 active:shadow-sm active:shadow-gray-200 transition-all duration-200 hover:border-gray-300 bg-transparent shadow-sm dark:border-neutral-800 hover:bg-slate-50 hover:shadow-md dark:hover:border-neutral-700 dark:hover:bg-neutral-900&#34;href=&#34;https://www.lyskjd.com/blog/faq/&#34; &gt;&lt;span class=&#34;flex font-semibold items-start gap-2 p-4 text-gray-700 hover:text-gray-900 dark:text-neutral-200 dark:hover:text-neutral-50&#34;&gt;&lt;svg xmlns=&#34;http://www.w3.org/2000/svg&#34; fill=&#34;none&#34; viewBox=&#34;0 0 24 24&#34; stroke-width=&#34;2&#34; stroke=&#34;currentColor&#34; aria-hidden=&#34;true&#34;&gt;&lt;path stroke-linecap=&#34;round&#34; stroke-linejoin=&#34;round&#34; d=&#34;M19 20H5a2 2 0 01-2-2V6a2 2 0 012-2h10a2 2 0 012 2v1m2 13a2 2 0 01-2-2V7m2 13a2 2 0 002-2V9a2 2 0 00-2-2h-2m-4-3H9M7 16h6M7 8h6v4H7V8z&#34;/&gt;&lt;/svg&gt;Frequently Asked Questions (FAQs) about Variable Frequency Drives&lt;/span&gt;&lt;/a&gt;
&lt;/div&gt;


      </description>
    </item>
    
  </channel>
</rss>
