<rss version="2.0" xmlns:atom="http://www.w3.org/2005/Atom">
  <channel>
    <title>山东临沂森阔机电有限公司 – Categories</title>
    <link>https://www.lyskjd.com/categories/</link>
    <description>Recent content in Categories on 山东临沂森阔机电有限公司</description>
    <generator>Hugo -- gohugo.io</generator>
    <language>zh-cn</language>
    <lastBuildDate>Thu, 29 Feb 2024 11:51:08 +0800</lastBuildDate>
    
	  <atom:link href="https://www.lyskjd.com/categories/index.xml" rel="self" type="application/rss+xml" />
    
    
      
        
      
    
    
  </channel>
</rss>
