<rss version="2.0" xmlns:atom="http://www.w3.org/2005/Atom">
  <channel>
    <title>山东临沂森阔机电有限公司 – 第三章 安装</title>
    <link>https://www.lyskjd.com/docs/vfd/mounting/</link>
    <description>Recent content in 第三章 安装 on 山东临沂森阔机电有限公司</description>
    <generator>Hugo -- gohugo.io</generator>
    <language>zh-cn</language>
    
	  <atom:link href="https://www.lyskjd.com/docs/vfd/mounting/index.xml" rel="self" type="application/rss+xml" />
    
    
      
        
      
    
    
    <item>
      <title>3.1 整机结构尺寸图</title>
      <link>https://www.lyskjd.com/docs/vfd/mounting/overall-equipment-dimensional-diagram/</link>
      <pubDate>Mon, 01 Jan 0001 00:00:00 +0000</pubDate>
      
      <guid>https://www.lyskjd.com/docs/vfd/mounting/overall-equipment-dimensional-diagram/</guid>
      <description>
        
        
        &lt;p&gt;&lt;figure&gt;
    &lt;img src=&#34;https://www.lyskjd.com/images/jgt.jpg&#34; title=&#34;SKF8000系列矢量变频器外形及安装尺寸图&#34; alt=&#34;SKF8000系列矢量变频器外形及安装尺寸图&#34; loading=&#34;lazy&#34; /&gt;
    &lt;figcaption&gt;SKF8000系列矢量变频器外形及安装尺寸图&lt;/figcaption&gt;
  &lt;/figure&gt;&lt;/p&gt;
&lt;table&gt;
&lt;thead&gt;
&lt;tr&gt;
&lt;th style=&#34;text-align:center&#34;&gt;型号&lt;/th&gt;
&lt;th style=&#34;text-align:center&#34;&gt;H(mm)&lt;/th&gt;
&lt;th style=&#34;text-align:center&#34;&gt;W(mm)&lt;/th&gt;
&lt;th style=&#34;text-align:center&#34;&gt;D(mm)&lt;/th&gt;
&lt;th style=&#34;text-align:center&#34;&gt;H1(mm)&lt;/th&gt;
&lt;th style=&#34;text-align:center&#34;&gt;W1(mm)&lt;/th&gt;
&lt;th style=&#34;text-align:center&#34;&gt;开孔   d(mm)&lt;/th&gt;
&lt;/tr&gt;
&lt;/thead&gt;
&lt;tbody&gt;
&lt;tr&gt;
&lt;td style=&#34;text-align:center&#34;&gt;R75GB-S2&lt;/td&gt;
&lt;td style=&#34;text-align:center&#34;&gt;197.2&lt;/td&gt;
&lt;td style=&#34;text-align:center&#34;&gt;89.6&lt;/td&gt;
&lt;td style=&#34;text-align:center&#34;&gt;139&lt;/td&gt;
&lt;td style=&#34;text-align:center&#34;&gt;187&lt;/td&gt;
&lt;td style=&#34;text-align:center&#34;&gt;74&lt;/td&gt;
&lt;td style=&#34;text-align:center&#34;&gt;5&lt;/td&gt;
&lt;/tr&gt;
&lt;tr&gt;
&lt;td style=&#34;text-align:center&#34;&gt;1R5GB-S2&lt;/td&gt;
&lt;td style=&#34;text-align:center&#34;&gt;197.2&lt;/td&gt;
&lt;td style=&#34;text-align:center&#34;&gt;89.6&lt;/td&gt;
&lt;td style=&#34;text-align:center&#34;&gt;139&lt;/td&gt;
&lt;td style=&#34;text-align:center&#34;&gt;187&lt;/td&gt;
&lt;td style=&#34;text-align:center&#34;&gt;74&lt;/td&gt;
&lt;td style=&#34;text-align:center&#34;&gt;5&lt;/td&gt;
&lt;/tr&gt;
&lt;tr&gt;
&lt;td style=&#34;text-align:center&#34;&gt;2R2GB-S2&lt;/td&gt;
&lt;td style=&#34;text-align:center&#34;&gt;197.2&lt;/td&gt;
&lt;td style=&#34;text-align:center&#34;&gt;89.6&lt;/td&gt;
&lt;td style=&#34;text-align:center&#34;&gt;139&lt;/td&gt;
&lt;td style=&#34;text-align:center&#34;&gt;187&lt;/td&gt;
&lt;td style=&#34;text-align:center&#34;&gt;74&lt;/td&gt;
&lt;td style=&#34;text-align:center&#34;&gt;5&lt;/td&gt;
&lt;/tr&gt;
&lt;tr&gt;
&lt;td style=&#34;text-align:center&#34;&gt;R75GB-T4&lt;/td&gt;
&lt;td style=&#34;text-align:center&#34;&gt;197.2&lt;/td&gt;
&lt;td style=&#34;text-align:center&#34;&gt;89.6&lt;/td&gt;
&lt;td style=&#34;text-align:center&#34;&gt;139&lt;/td&gt;
&lt;td style=&#34;text-align:center&#34;&gt;187&lt;/td&gt;
&lt;td style=&#34;text-align:center&#34;&gt;74&lt;/td&gt;
&lt;td style=&#34;text-align:center&#34;&gt;5&lt;/td&gt;
&lt;/tr&gt;
&lt;tr&gt;
&lt;td style=&#34;text-align:center&#34;&gt;1R5GB-T4&lt;/td&gt;
&lt;td style=&#34;text-align:center&#34;&gt;197.2&lt;/td&gt;
&lt;td style=&#34;text-align:center&#34;&gt;89.6&lt;/td&gt;
&lt;td style=&#34;text-align:center&#34;&gt;139&lt;/td&gt;
&lt;td style=&#34;text-align:center&#34;&gt;187&lt;/td&gt;
&lt;td style=&#34;text-align:center&#34;&gt;74&lt;/td&gt;
&lt;td style=&#34;text-align:center&#34;&gt;5&lt;/td&gt;
&lt;/tr&gt;
&lt;tr&gt;
&lt;td style=&#34;text-align:center&#34;&gt;2R2GB-T4&lt;/td&gt;
&lt;td style=&#34;text-align:center&#34;&gt;197.2&lt;/td&gt;
&lt;td style=&#34;text-align:center&#34;&gt;89.6&lt;/td&gt;
&lt;td style=&#34;text-align:center&#34;&gt;139&lt;/td&gt;
&lt;td style=&#34;text-align:center&#34;&gt;187&lt;/td&gt;
&lt;td style=&#34;text-align:center&#34;&gt;74&lt;/td&gt;
&lt;td style=&#34;text-align:center&#34;&gt;5&lt;/td&gt;
&lt;/tr&gt;
&lt;tr&gt;
&lt;td style=&#34;text-align:center&#34;&gt;004GB/5R5PB-T4&lt;/td&gt;
&lt;td style=&#34;text-align:center&#34;&gt;202&lt;/td&gt;
&lt;td style=&#34;text-align:center&#34;&gt;102&lt;/td&gt;
&lt;td style=&#34;text-align:center&#34;&gt;162&lt;/td&gt;
&lt;td style=&#34;text-align:center&#34;&gt;190.5&lt;/td&gt;
&lt;td style=&#34;text-align:center&#34;&gt;90&lt;/td&gt;
&lt;td style=&#34;text-align:center&#34;&gt;5&lt;/td&gt;
&lt;/tr&gt;
&lt;tr&gt;
&lt;td style=&#34;text-align:center&#34;&gt;5R5GB/7R5PB-T4&lt;/td&gt;
&lt;td style=&#34;text-align:center&#34;&gt;202&lt;/td&gt;
&lt;td style=&#34;text-align:center&#34;&gt;102&lt;/td&gt;
&lt;td style=&#34;text-align:center&#34;&gt;162&lt;/td&gt;
&lt;td style=&#34;text-align:center&#34;&gt;190.5&lt;/td&gt;
&lt;td style=&#34;text-align:center&#34;&gt;90&lt;/td&gt;
&lt;td style=&#34;text-align:center&#34;&gt;5&lt;/td&gt;
&lt;/tr&gt;
&lt;tr&gt;
&lt;td style=&#34;text-align:center&#34;&gt;7R5GB-T4&lt;/td&gt;
&lt;td style=&#34;text-align:center&#34;&gt;242.5&lt;/td&gt;
&lt;td style=&#34;text-align:center&#34;&gt;125&lt;/td&gt;
&lt;td style=&#34;text-align:center&#34;&gt;170&lt;/td&gt;
&lt;td style=&#34;text-align:center&#34;&gt;228&lt;/td&gt;
&lt;td style=&#34;text-align:center&#34;&gt;108.5&lt;/td&gt;
&lt;td style=&#34;text-align:center&#34;&gt;5&lt;/td&gt;
&lt;/tr&gt;
&lt;tr&gt;
&lt;td style=&#34;text-align:center&#34;&gt;011GB/015PB-T4&lt;/td&gt;
&lt;td style=&#34;text-align:center&#34;&gt;242.5&lt;/td&gt;
&lt;td style=&#34;text-align:center&#34;&gt;125&lt;/td&gt;
&lt;td style=&#34;text-align:center&#34;&gt;170&lt;/td&gt;
&lt;td style=&#34;text-align:center&#34;&gt;228&lt;/td&gt;
&lt;td style=&#34;text-align:center&#34;&gt;108.5&lt;/td&gt;
&lt;td style=&#34;text-align:center&#34;&gt;5&lt;/td&gt;
&lt;/tr&gt;
&lt;tr&gt;
&lt;td style=&#34;text-align:center&#34;&gt;015GB/18R5PB-T4&lt;/td&gt;
&lt;td style=&#34;text-align:center&#34;&gt;297&lt;/td&gt;
&lt;td style=&#34;text-align:center&#34;&gt;165&lt;/td&gt;
&lt;td style=&#34;text-align:center&#34;&gt;206&lt;/td&gt;
&lt;td style=&#34;text-align:center&#34;&gt;278&lt;/td&gt;
&lt;td style=&#34;text-align:center&#34;&gt;147&lt;/td&gt;
&lt;td style=&#34;text-align:center&#34;&gt;6&lt;/td&gt;
&lt;/tr&gt;
&lt;tr&gt;
&lt;td style=&#34;text-align:center&#34;&gt;018R5GB/022PB-T4&lt;/td&gt;
&lt;td style=&#34;text-align:center&#34;&gt;297&lt;/td&gt;
&lt;td style=&#34;text-align:center&#34;&gt;165&lt;/td&gt;
&lt;td style=&#34;text-align:center&#34;&gt;206&lt;/td&gt;
&lt;td style=&#34;text-align:center&#34;&gt;278&lt;/td&gt;
&lt;td style=&#34;text-align:center&#34;&gt;147&lt;/td&gt;
&lt;td style=&#34;text-align:center&#34;&gt;6&lt;/td&gt;
&lt;/tr&gt;
&lt;tr&gt;
&lt;td style=&#34;text-align:center&#34;&gt;022GB/030PB-T4&lt;/td&gt;
&lt;td style=&#34;text-align:center&#34;&gt;360&lt;/td&gt;
&lt;td style=&#34;text-align:center&#34;&gt;210&lt;/td&gt;
&lt;td style=&#34;text-align:center&#34;&gt;190&lt;/td&gt;
&lt;td style=&#34;text-align:center&#34;&gt;345&lt;/td&gt;
&lt;td style=&#34;text-align:center&#34;&gt;110&lt;/td&gt;
&lt;td style=&#34;text-align:center&#34;&gt;7&lt;/td&gt;
&lt;/tr&gt;
&lt;tr&gt;
&lt;td style=&#34;text-align:center&#34;&gt;030G/037P-T4&lt;/td&gt;
&lt;td style=&#34;text-align:center&#34;&gt;435&lt;/td&gt;
&lt;td style=&#34;text-align:center&#34;&gt;230&lt;/td&gt;
&lt;td style=&#34;text-align:center&#34;&gt;230&lt;/td&gt;
&lt;td style=&#34;text-align:center&#34;&gt;418&lt;/td&gt;
&lt;td style=&#34;text-align:center&#34;&gt;150&lt;/td&gt;
&lt;td style=&#34;text-align:center&#34;&gt;7&lt;/td&gt;
&lt;/tr&gt;
&lt;tr&gt;
&lt;td style=&#34;text-align:center&#34;&gt;037G/045P-T4&lt;/td&gt;
&lt;td style=&#34;text-align:center&#34;&gt;435&lt;/td&gt;
&lt;td style=&#34;text-align:center&#34;&gt;230&lt;/td&gt;
&lt;td style=&#34;text-align:center&#34;&gt;230&lt;/td&gt;
&lt;td style=&#34;text-align:center&#34;&gt;418&lt;/td&gt;
&lt;td style=&#34;text-align:center&#34;&gt;150&lt;/td&gt;
&lt;td style=&#34;text-align:center&#34;&gt;7&lt;/td&gt;
&lt;/tr&gt;
&lt;tr&gt;
&lt;td style=&#34;text-align:center&#34;&gt;045G/055P-T4&lt;/td&gt;
&lt;td style=&#34;text-align:center&#34;&gt;510&lt;/td&gt;
&lt;td style=&#34;text-align:center&#34;&gt;260&lt;/td&gt;
&lt;td style=&#34;text-align:center&#34;&gt;255&lt;/td&gt;
&lt;td style=&#34;text-align:center&#34;&gt;200&lt;/td&gt;
&lt;td style=&#34;text-align:center&#34;&gt;493&lt;/td&gt;
&lt;td style=&#34;text-align:center&#34;&gt;7&lt;/td&gt;
&lt;/tr&gt;
&lt;tr&gt;
&lt;td style=&#34;text-align:center&#34;&gt;055G/075P-T4&lt;/td&gt;
&lt;td style=&#34;text-align:center&#34;&gt;580&lt;/td&gt;
&lt;td style=&#34;text-align:center&#34;&gt;270&lt;/td&gt;
&lt;td style=&#34;text-align:center&#34;&gt;300&lt;/td&gt;
&lt;td style=&#34;text-align:center&#34;&gt;564&lt;/td&gt;
&lt;td style=&#34;text-align:center&#34;&gt;200&lt;/td&gt;
&lt;td style=&#34;text-align:center&#34;&gt;7&lt;/td&gt;
&lt;/tr&gt;
&lt;tr&gt;
&lt;td style=&#34;text-align:center&#34;&gt;075G/093P-T4&lt;/td&gt;
&lt;td style=&#34;text-align:center&#34;&gt;580&lt;/td&gt;
&lt;td style=&#34;text-align:center&#34;&gt;270&lt;/td&gt;
&lt;td style=&#34;text-align:center&#34;&gt;300&lt;/td&gt;
&lt;td style=&#34;text-align:center&#34;&gt;564&lt;/td&gt;
&lt;td style=&#34;text-align:center&#34;&gt;200&lt;/td&gt;
&lt;td style=&#34;text-align:center&#34;&gt;7&lt;/td&gt;
&lt;/tr&gt;
&lt;tr&gt;
&lt;td style=&#34;text-align:center&#34;&gt;093G/110P-T4&lt;/td&gt;
&lt;td style=&#34;text-align:center&#34;&gt;620&lt;/td&gt;
&lt;td style=&#34;text-align:center&#34;&gt;320&lt;/td&gt;
&lt;td style=&#34;text-align:center&#34;&gt;300&lt;/td&gt;
&lt;td style=&#34;text-align:center&#34;&gt;600&lt;/td&gt;
&lt;td style=&#34;text-align:center&#34;&gt;260&lt;/td&gt;
&lt;td style=&#34;text-align:center&#34;&gt;9&lt;/td&gt;
&lt;/tr&gt;
&lt;tr&gt;
&lt;td style=&#34;text-align:center&#34;&gt;110G/132P-T4&lt;/td&gt;
&lt;td style=&#34;text-align:center&#34;&gt;620&lt;/td&gt;
&lt;td style=&#34;text-align:center&#34;&gt;320&lt;/td&gt;
&lt;td style=&#34;text-align:center&#34;&gt;300&lt;/td&gt;
&lt;td style=&#34;text-align:center&#34;&gt;600&lt;/td&gt;
&lt;td style=&#34;text-align:center&#34;&gt;260&lt;/td&gt;
&lt;td style=&#34;text-align:center&#34;&gt;9&lt;/td&gt;
&lt;/tr&gt;
&lt;tr&gt;
&lt;td style=&#34;text-align:center&#34;&gt;132G/160P-T4&lt;/td&gt;
&lt;td style=&#34;text-align:center&#34;&gt;800&lt;/td&gt;
&lt;td style=&#34;text-align:center&#34;&gt;380&lt;/td&gt;
&lt;td style=&#34;text-align:center&#34;&gt;315&lt;/td&gt;
&lt;td style=&#34;text-align:center&#34;&gt;775&lt;/td&gt;
&lt;td style=&#34;text-align:center&#34;&gt;260&lt;/td&gt;
&lt;td style=&#34;text-align:center&#34;&gt;10&lt;/td&gt;
&lt;/tr&gt;
&lt;tr&gt;
&lt;td style=&#34;text-align:center&#34;&gt;160G/185P-T4&lt;/td&gt;
&lt;td style=&#34;text-align:center&#34;&gt;800&lt;/td&gt;
&lt;td style=&#34;text-align:center&#34;&gt;380&lt;/td&gt;
&lt;td style=&#34;text-align:center&#34;&gt;315&lt;/td&gt;
&lt;td style=&#34;text-align:center&#34;&gt;775&lt;/td&gt;
&lt;td style=&#34;text-align:center&#34;&gt;260&lt;/td&gt;
&lt;td style=&#34;text-align:center&#34;&gt;10&lt;/td&gt;
&lt;/tr&gt;
&lt;tr&gt;
&lt;td style=&#34;text-align:center&#34;&gt;185G/200P-T4&lt;/td&gt;
&lt;td style=&#34;text-align:center&#34;&gt;800&lt;/td&gt;
&lt;td style=&#34;text-align:center&#34;&gt;400&lt;/td&gt;
&lt;td style=&#34;text-align:center&#34;&gt;345&lt;/td&gt;
&lt;td style=&#34;text-align:center&#34;&gt;755&lt;/td&gt;
&lt;td style=&#34;text-align:center&#34;&gt;250&lt;/td&gt;
&lt;td style=&#34;text-align:center&#34;&gt;12&lt;/td&gt;
&lt;/tr&gt;
&lt;tr&gt;
&lt;td style=&#34;text-align:center&#34;&gt;200G/220P-T4&lt;/td&gt;
&lt;td style=&#34;text-align:center&#34;&gt;900&lt;/td&gt;
&lt;td style=&#34;text-align:center&#34;&gt;450&lt;/td&gt;
&lt;td style=&#34;text-align:center&#34;&gt;350&lt;/td&gt;
&lt;td style=&#34;text-align:center&#34;&gt;875&lt;/td&gt;
&lt;td style=&#34;text-align:center&#34;&gt;350&lt;/td&gt;
&lt;td style=&#34;text-align:center&#34;&gt;12&lt;/td&gt;
&lt;/tr&gt;
&lt;tr&gt;
&lt;td style=&#34;text-align:center&#34;&gt;220G/250P-T4&lt;/td&gt;
&lt;td style=&#34;text-align:center&#34;&gt;900&lt;/td&gt;
&lt;td style=&#34;text-align:center&#34;&gt;450&lt;/td&gt;
&lt;td style=&#34;text-align:center&#34;&gt;350&lt;/td&gt;
&lt;td style=&#34;text-align:center&#34;&gt;875&lt;/td&gt;
&lt;td style=&#34;text-align:center&#34;&gt;350&lt;/td&gt;
&lt;td style=&#34;text-align:center&#34;&gt;12&lt;/td&gt;
&lt;/tr&gt;
&lt;tr&gt;
&lt;td style=&#34;text-align:center&#34;&gt;250G/280P-T4&lt;/td&gt;
&lt;td style=&#34;text-align:center&#34;&gt;900&lt;/td&gt;
&lt;td style=&#34;text-align:center&#34;&gt;450&lt;/td&gt;
&lt;td style=&#34;text-align:center&#34;&gt;350&lt;/td&gt;
&lt;td style=&#34;text-align:center&#34;&gt;875&lt;/td&gt;
&lt;td style=&#34;text-align:center&#34;&gt;350&lt;/td&gt;
&lt;td style=&#34;text-align:center&#34;&gt;12&lt;/td&gt;
&lt;/tr&gt;
&lt;tr&gt;
&lt;td style=&#34;text-align:center&#34;&gt;280G/315P-T4&lt;/td&gt;
&lt;td style=&#34;text-align:center&#34;&gt;950&lt;/td&gt;
&lt;td style=&#34;text-align:center&#34;&gt;500&lt;/td&gt;
&lt;td style=&#34;text-align:center&#34;&gt;350&lt;/td&gt;
&lt;td style=&#34;text-align:center&#34;&gt;925&lt;/td&gt;
&lt;td style=&#34;text-align:center&#34;&gt;360&lt;/td&gt;
&lt;td style=&#34;text-align:center&#34;&gt;12&lt;/td&gt;
&lt;/tr&gt;
&lt;tr&gt;
&lt;td style=&#34;text-align:center&#34;&gt;315G/355P-T4&lt;/td&gt;
&lt;td style=&#34;text-align:center&#34;&gt;1050&lt;/td&gt;
&lt;td style=&#34;text-align:center&#34;&gt;650&lt;/td&gt;
&lt;td style=&#34;text-align:center&#34;&gt;360&lt;/td&gt;
&lt;td style=&#34;text-align:center&#34;&gt;1029&lt;/td&gt;
&lt;td style=&#34;text-align:center&#34;&gt;500&lt;/td&gt;
&lt;td style=&#34;text-align:center&#34;&gt;12&lt;/td&gt;
&lt;/tr&gt;
&lt;tr&gt;
&lt;td style=&#34;text-align:center&#34;&gt;355G/400P-T4&lt;/td&gt;
&lt;td style=&#34;text-align:center&#34;&gt;1050&lt;/td&gt;
&lt;td style=&#34;text-align:center&#34;&gt;650&lt;/td&gt;
&lt;td style=&#34;text-align:center&#34;&gt;360&lt;/td&gt;
&lt;td style=&#34;text-align:center&#34;&gt;1029&lt;/td&gt;
&lt;td style=&#34;text-align:center&#34;&gt;500&lt;/td&gt;
&lt;td style=&#34;text-align:center&#34;&gt;12&lt;/td&gt;
&lt;/tr&gt;
&lt;tr&gt;
&lt;td style=&#34;text-align:center&#34;&gt;400G/450P-T4&lt;/td&gt;
&lt;td style=&#34;text-align:center&#34;&gt;1300&lt;/td&gt;
&lt;td style=&#34;text-align:center&#34;&gt;650&lt;/td&gt;
&lt;td style=&#34;text-align:center&#34;&gt;380&lt;/td&gt;
&lt;td style=&#34;text-align:center&#34;&gt;1265&lt;/td&gt;
&lt;td style=&#34;text-align:center&#34;&gt;500&lt;/td&gt;
&lt;td style=&#34;text-align:center&#34;&gt;12&lt;/td&gt;
&lt;/tr&gt;
&lt;tr&gt;
&lt;td style=&#34;text-align:center&#34;&gt;450G/500P-T4&lt;/td&gt;
&lt;td style=&#34;text-align:center&#34;&gt;1300&lt;/td&gt;
&lt;td style=&#34;text-align:center&#34;&gt;650&lt;/td&gt;
&lt;td style=&#34;text-align:center&#34;&gt;380&lt;/td&gt;
&lt;td style=&#34;text-align:center&#34;&gt;1265&lt;/td&gt;
&lt;td style=&#34;text-align:center&#34;&gt;500&lt;/td&gt;
&lt;td style=&#34;text-align:center&#34;&gt;12&lt;/td&gt;
&lt;/tr&gt;
&lt;tr&gt;
&lt;td style=&#34;text-align:center&#34;&gt;500G/560P-T4&lt;/td&gt;
&lt;td style=&#34;text-align:center&#34;&gt;1300&lt;/td&gt;
&lt;td style=&#34;text-align:center&#34;&gt;650&lt;/td&gt;
&lt;td style=&#34;text-align:center&#34;&gt;380&lt;/td&gt;
&lt;td style=&#34;text-align:center&#34;&gt;1265&lt;/td&gt;
&lt;td style=&#34;text-align:center&#34;&gt;500&lt;/td&gt;
&lt;td style=&#34;text-align:center&#34;&gt;12&lt;/td&gt;
&lt;/tr&gt;
&lt;tr&gt;
&lt;td style=&#34;text-align:center&#34;&gt;560G/630P-T4&lt;/td&gt;
&lt;td style=&#34;text-align:center&#34;&gt;1500&lt;/td&gt;
&lt;td style=&#34;text-align:center&#34;&gt;800&lt;/td&gt;
&lt;td style=&#34;text-align:center&#34;&gt;400&lt;/td&gt;
&lt;td style=&#34;text-align:center&#34;&gt;1450&lt;/td&gt;
&lt;td style=&#34;text-align:center&#34;&gt;550&lt;/td&gt;
&lt;td style=&#34;text-align:center&#34;&gt;14&lt;/td&gt;
&lt;/tr&gt;
&lt;tr&gt;
&lt;td style=&#34;text-align:center&#34;&gt;630G/720P-T4&lt;/td&gt;
&lt;td style=&#34;text-align:center&#34;&gt;1500&lt;/td&gt;
&lt;td style=&#34;text-align:center&#34;&gt;800&lt;/td&gt;
&lt;td style=&#34;text-align:center&#34;&gt;400&lt;/td&gt;
&lt;td style=&#34;text-align:center&#34;&gt;1450&lt;/td&gt;
&lt;td style=&#34;text-align:center&#34;&gt;550&lt;/td&gt;
&lt;td style=&#34;text-align:center&#34;&gt;14&lt;/td&gt;
&lt;/tr&gt;
&lt;tr&gt;
&lt;td style=&#34;text-align:center&#34;&gt;720G/800P-T4&lt;/td&gt;
&lt;td style=&#34;text-align:center&#34;&gt;1500&lt;/td&gt;
&lt;td style=&#34;text-align:center&#34;&gt;800&lt;/td&gt;
&lt;td style=&#34;text-align:center&#34;&gt;400&lt;/td&gt;
&lt;td style=&#34;text-align:center&#34;&gt;1450&lt;/td&gt;
&lt;td style=&#34;text-align:center&#34;&gt;550&lt;/td&gt;
&lt;td style=&#34;text-align:center&#34;&gt;14&lt;/td&gt;
&lt;/tr&gt;
&lt;/tbody&gt;
&lt;/table&gt;
&lt;p&gt;探索这些文档以便了解更多内容：&lt;/p&gt;


&lt;div class=&#34;hextra-cards mt-4 gap-4 grid not-prose&#34; style=&#34;--rows: 3;&#34;&gt;
  &lt;a
    class=&#34;hextra-card group flex flex-col justify-start overflow-hidden rounded-lg border border-gray-200 text-current no-underline dark:shadow-none hover:shadow-gray-100 dark:hover:shadow-none shadow-gray-100 active:shadow-sm active:shadow-gray-200 transition-all duration-200 hover:border-gray-300 bg-transparent shadow-sm dark:border-neutral-800 hover:bg-slate-50 hover:shadow-md dark:hover:border-neutral-700 dark:hover:bg-neutral-900&#34;href=&#34;https://item.taobao.com/item.htm?ft=t&amp;amp;id=771441899583&#34; target=&#34;_blank&#34; rel=&#34;noreferrer&#34;&gt;&lt;span class=&#34;flex font-semibold items-start gap-2 p-4 text-gray-700 hover:text-gray-900 dark:text-neutral-200 dark:hover:text-neutral-50&#34;&gt;&lt;svg xmlns=&#34;http://www.w3.org/2000/svg&#34; fill=&#34;none&#34; viewBox=&#34;0 0 24 24&#34; stroke-width=&#34;2&#34; stroke=&#34;currentColor&#34; aria-hidden=&#34;true&#34;&gt;&lt;path stroke-linecap=&#34;round&#34; stroke-linejoin=&#34;round&#34; d=&#34;M3 3h2l.4 2M7 13h10l4-8H5.4M7 13L5.4 5M7 13l-2.293 2.293c-.63.63-.184 1.707.707 1.707H17m0 0a2 2 0 100 4 2 2 0 000-4zm-8 2a2 2 0 11-4 0 2 2 0 014 0z&#34;/&gt;&lt;/svg&gt;立即购买高性能矢量变频器&lt;/span&gt;&lt;/a&gt;

  &lt;a
    class=&#34;hextra-card group flex flex-col justify-start overflow-hidden rounded-lg border border-gray-200 text-current no-underline dark:shadow-none hover:shadow-gray-100 dark:hover:shadow-none shadow-gray-100 active:shadow-sm active:shadow-gray-200 transition-all duration-200 hover:border-gray-300 bg-transparent shadow-sm dark:border-neutral-800 hover:bg-slate-50 hover:shadow-md dark:hover:border-neutral-700 dark:hover:bg-neutral-900&#34;href=&#34;https://www.lyskjd.com/blog/faq/&#34; &gt;&lt;span class=&#34;flex font-semibold items-start gap-2 p-4 text-gray-700 hover:text-gray-900 dark:text-neutral-200 dark:hover:text-neutral-50&#34;&gt;&lt;svg xmlns=&#34;http://www.w3.org/2000/svg&#34; fill=&#34;none&#34; viewBox=&#34;0 0 24 24&#34; stroke-width=&#34;2&#34; stroke=&#34;currentColor&#34; aria-hidden=&#34;true&#34;&gt;&lt;path stroke-linecap=&#34;round&#34; stroke-linejoin=&#34;round&#34; d=&#34;M19 20H5a2 2 0 01-2-2V6a2 2 0 012-2h10a2 2 0 012 2v1m2 13a2 2 0 01-2-2V7m2 13a2 2 0 002-2V9a2 2 0 00-2-2h-2m-4-3H9M7 16h6M7 8h6v4H7V8z&#34;/&gt;&lt;/svg&gt;变频器常见问题解答&lt;/span&gt;&lt;/a&gt;
&lt;/div&gt;


      </description>
    </item>
    
    <item>
      <title>3.2 主回路端子及功能</title>
      <link>https://www.lyskjd.com/docs/vfd/mounting/main-circuit-terminals-and-functions/</link>
      <pubDate>Mon, 01 Jan 0001 00:00:00 +0000</pubDate>
      
      <guid>https://www.lyskjd.com/docs/vfd/mounting/main-circuit-terminals-and-functions/</guid>
      <description>
        
        
        &lt;p&gt;&lt;figure&gt;
    &lt;img src=&#34;https://www.lyskjd.com/images/zhl1.jpg&#34; title=&#34;SKF8000系列0.75KW-22KW变频器主回路端子示意图&#34; alt=&#34;0.75KW-37KW变频器主回路端子示意图&#34; loading=&#34;lazy&#34; /&gt;
    &lt;figcaption&gt;SKF8000系列0.75KW-22KW变频器主回路端子示意图&lt;/figcaption&gt;
  &lt;/figure&gt;
&lt;figure&gt;
    &lt;img src=&#34;https://www.lyskjd.com/images/zhl2.jpg&#34; title=&#34;SKF8000系列30KW-720KW变频器主回路端子示意图&#34; alt=&#34;45KW-720KW变频器主回路端子示意图&#34; loading=&#34;lazy&#34; /&gt;
    &lt;figcaption&gt;SKF8000系列30KW-720KW变频器主回路端子示意图&lt;/figcaption&gt;
  &lt;/figure&gt;&lt;/p&gt;
&lt;table&gt;
&lt;thead&gt;
&lt;tr&gt;
&lt;th style=&#34;text-align:center&#34;&gt;端子标记&lt;/th&gt;
&lt;th style=&#34;text-align:center&#34;&gt;名称&lt;/th&gt;
&lt;th style=&#34;text-align:center&#34;&gt;说明&lt;/th&gt;
&lt;/tr&gt;
&lt;/thead&gt;
&lt;tbody&gt;
&lt;tr&gt;
&lt;td style=&#34;text-align:center&#34;&gt;R、S、T&lt;/td&gt;
&lt;td style=&#34;text-align:center&#34;&gt;三相电源输入端子&lt;/td&gt;
&lt;td style=&#34;text-align:center&#34;&gt;三相交流电源输入连接端子&lt;/td&gt;
&lt;/tr&gt;
&lt;tr&gt;
&lt;td style=&#34;text-align:center&#34;&gt;(+)、(-)&lt;/td&gt;
&lt;td style=&#34;text-align:center&#34;&gt;直流母线正、负端子&lt;/td&gt;
&lt;td style=&#34;text-align:center&#34;&gt;共直流母线输入端子（30KW及以上外置制动单元的连接端子）&lt;/td&gt;
&lt;/tr&gt;
&lt;tr&gt;
&lt;td style=&#34;text-align:center&#34;&gt;(+)、PB&lt;/td&gt;
&lt;td style=&#34;text-align:center&#34;&gt;制动电阻连接端子&lt;/td&gt;
&lt;td style=&#34;text-align:center&#34;&gt;22KW及以上制动电阻连接端子&lt;/td&gt;
&lt;/tr&gt;
&lt;tr&gt;
&lt;td style=&#34;text-align:center&#34;&gt;P、(+)&lt;/td&gt;
&lt;td style=&#34;text-align:center&#34;&gt;外置电抗器连接端子&lt;/td&gt;
&lt;td style=&#34;text-align:center&#34;&gt;外置直流电抗器连接端子&lt;/td&gt;
&lt;/tr&gt;
&lt;tr&gt;
&lt;td style=&#34;text-align:center&#34;&gt;⏚&lt;/td&gt;
&lt;td style=&#34;text-align:center&#34;&gt;接地端子&lt;/td&gt;
&lt;td style=&#34;text-align:center&#34;&gt;连接大地&lt;/td&gt;
&lt;/tr&gt;
&lt;/tbody&gt;
&lt;/table&gt;
&lt;p&gt;探索这些文档以便了解更多内容：&lt;/p&gt;


&lt;div class=&#34;hextra-cards mt-4 gap-4 grid not-prose&#34; style=&#34;--rows: 3;&#34;&gt;
  &lt;a
    class=&#34;hextra-card group flex flex-col justify-start overflow-hidden rounded-lg border border-gray-200 text-current no-underline dark:shadow-none hover:shadow-gray-100 dark:hover:shadow-none shadow-gray-100 active:shadow-sm active:shadow-gray-200 transition-all duration-200 hover:border-gray-300 bg-transparent shadow-sm dark:border-neutral-800 hover:bg-slate-50 hover:shadow-md dark:hover:border-neutral-700 dark:hover:bg-neutral-900&#34;href=&#34;https://item.taobao.com/item.htm?ft=t&amp;amp;id=771441899583&#34; target=&#34;_blank&#34; rel=&#34;noreferrer&#34;&gt;&lt;span class=&#34;flex font-semibold items-start gap-2 p-4 text-gray-700 hover:text-gray-900 dark:text-neutral-200 dark:hover:text-neutral-50&#34;&gt;&lt;svg xmlns=&#34;http://www.w3.org/2000/svg&#34; fill=&#34;none&#34; viewBox=&#34;0 0 24 24&#34; stroke-width=&#34;2&#34; stroke=&#34;currentColor&#34; aria-hidden=&#34;true&#34;&gt;&lt;path stroke-linecap=&#34;round&#34; stroke-linejoin=&#34;round&#34; d=&#34;M3 3h2l.4 2M7 13h10l4-8H5.4M7 13L5.4 5M7 13l-2.293 2.293c-.63.63-.184 1.707.707 1.707H17m0 0a2 2 0 100 4 2 2 0 000-4zm-8 2a2 2 0 11-4 0 2 2 0 014 0z&#34;/&gt;&lt;/svg&gt;立即购买高性能矢量变频器&lt;/span&gt;&lt;/a&gt;

  &lt;a
    class=&#34;hextra-card group flex flex-col justify-start overflow-hidden rounded-lg border border-gray-200 text-current no-underline dark:shadow-none hover:shadow-gray-100 dark:hover:shadow-none shadow-gray-100 active:shadow-sm active:shadow-gray-200 transition-all duration-200 hover:border-gray-300 bg-transparent shadow-sm dark:border-neutral-800 hover:bg-slate-50 hover:shadow-md dark:hover:border-neutral-700 dark:hover:bg-neutral-900&#34;href=&#34;https://www.lyskjd.com/blog/faq/&#34; &gt;&lt;span class=&#34;flex font-semibold items-start gap-2 p-4 text-gray-700 hover:text-gray-900 dark:text-neutral-200 dark:hover:text-neutral-50&#34;&gt;&lt;svg xmlns=&#34;http://www.w3.org/2000/svg&#34; fill=&#34;none&#34; viewBox=&#34;0 0 24 24&#34; stroke-width=&#34;2&#34; stroke=&#34;currentColor&#34; aria-hidden=&#34;true&#34;&gt;&lt;path stroke-linecap=&#34;round&#34; stroke-linejoin=&#34;round&#34; d=&#34;M19 20H5a2 2 0 01-2-2V6a2 2 0 012-2h10a2 2 0 012 2v1m2 13a2 2 0 01-2-2V7m2 13a2 2 0 002-2V9a2 2 0 00-2-2h-2m-4-3H9M7 16h6M7 8h6v4H7V8z&#34;/&gt;&lt;/svg&gt;变频器常见问题解答&lt;/span&gt;&lt;/a&gt;
&lt;/div&gt;


      </description>
    </item>
    
    <item>
      <title>3.3 控制回路端子及功能</title>
      <link>https://www.lyskjd.com/docs/vfd/mounting/control-circuit-terminals-and-functions/</link>
      <pubDate>Mon, 01 Jan 0001 00:00:00 +0000</pubDate>
      
      <guid>https://www.lyskjd.com/docs/vfd/mounting/control-circuit-terminals-and-functions/</guid>
      <description>
        
        
        &lt;p&gt;&lt;figure&gt;
    &lt;img src=&#34;https://www.lyskjd.com/images/kzhl.jpg&#34; title=&#34;SKF8000系列通用变频器控制回路端子示意图&#34; alt=&#34;变频器控制回路端子示意图&#34; loading=&#34;lazy&#34; /&gt;
    &lt;figcaption&gt;SKF8000系列通用变频器控制回路端子示意图&lt;/figcaption&gt;
  &lt;/figure&gt;&lt;/p&gt;
&lt;p&gt;探索这些文档以便了解更多内容：&lt;/p&gt;


&lt;div class=&#34;hextra-cards mt-4 gap-4 grid not-prose&#34; style=&#34;--rows: 3;&#34;&gt;
  &lt;a
    class=&#34;hextra-card group flex flex-col justify-start overflow-hidden rounded-lg border border-gray-200 text-current no-underline dark:shadow-none hover:shadow-gray-100 dark:hover:shadow-none shadow-gray-100 active:shadow-sm active:shadow-gray-200 transition-all duration-200 hover:border-gray-300 bg-transparent shadow-sm dark:border-neutral-800 hover:bg-slate-50 hover:shadow-md dark:hover:border-neutral-700 dark:hover:bg-neutral-900&#34;href=&#34;https://item.taobao.com/item.htm?ft=t&amp;amp;id=771441899583&#34; target=&#34;_blank&#34; rel=&#34;noreferrer&#34;&gt;&lt;span class=&#34;flex font-semibold items-start gap-2 p-4 text-gray-700 hover:text-gray-900 dark:text-neutral-200 dark:hover:text-neutral-50&#34;&gt;&lt;svg xmlns=&#34;http://www.w3.org/2000/svg&#34; fill=&#34;none&#34; viewBox=&#34;0 0 24 24&#34; stroke-width=&#34;2&#34; stroke=&#34;currentColor&#34; aria-hidden=&#34;true&#34;&gt;&lt;path stroke-linecap=&#34;round&#34; stroke-linejoin=&#34;round&#34; d=&#34;M3 3h2l.4 2M7 13h10l4-8H5.4M7 13L5.4 5M7 13l-2.293 2.293c-.63.63-.184 1.707.707 1.707H17m0 0a2 2 0 100 4 2 2 0 000-4zm-8 2a2 2 0 11-4 0 2 2 0 014 0z&#34;/&gt;&lt;/svg&gt;立即购买高性能矢量变频器&lt;/span&gt;&lt;/a&gt;

  &lt;a
    class=&#34;hextra-card group flex flex-col justify-start overflow-hidden rounded-lg border border-gray-200 text-current no-underline dark:shadow-none hover:shadow-gray-100 dark:hover:shadow-none shadow-gray-100 active:shadow-sm active:shadow-gray-200 transition-all duration-200 hover:border-gray-300 bg-transparent shadow-sm dark:border-neutral-800 hover:bg-slate-50 hover:shadow-md dark:hover:border-neutral-700 dark:hover:bg-neutral-900&#34;href=&#34;https://www.lyskjd.com/blog/faq/&#34; &gt;&lt;span class=&#34;flex font-semibold items-start gap-2 p-4 text-gray-700 hover:text-gray-900 dark:text-neutral-200 dark:hover:text-neutral-50&#34;&gt;&lt;svg xmlns=&#34;http://www.w3.org/2000/svg&#34; fill=&#34;none&#34; viewBox=&#34;0 0 24 24&#34; stroke-width=&#34;2&#34; stroke=&#34;currentColor&#34; aria-hidden=&#34;true&#34;&gt;&lt;path stroke-linecap=&#34;round&#34; stroke-linejoin=&#34;round&#34; d=&#34;M19 20H5a2 2 0 01-2-2V6a2 2 0 012-2h10a2 2 0 012 2v1m2 13a2 2 0 01-2-2V7m2 13a2 2 0 002-2V9a2 2 0 00-2-2h-2m-4-3H9M7 16h6M7 8h6v4H7V8z&#34;/&gt;&lt;/svg&gt;变频器常见问题解答&lt;/span&gt;&lt;/a&gt;
&lt;/div&gt;


      </description>
    </item>
    
    <item>
      <title>3.4 控制端子及功能</title>
      <link>https://www.lyskjd.com/docs/vfd/mounting/control-terminals-and-functions/</link>
      <pubDate>Mon, 01 Jan 0001 00:00:00 +0000</pubDate>
      
      <guid>https://www.lyskjd.com/docs/vfd/mounting/control-terminals-and-functions/</guid>
      <description>
        
        
        &lt;table&gt;
&lt;thead&gt;
&lt;tr&gt;
&lt;th style=&#34;text-align:center&#34;&gt;类别&lt;/th&gt;
&lt;th style=&#34;text-align:center&#34;&gt;端子符号&lt;/th&gt;
&lt;th style=&#34;text-align:center&#34;&gt;端子名称&lt;/th&gt;
&lt;th style=&#34;text-align:left&#34;&gt;功能说明&lt;/th&gt;
&lt;/tr&gt;
&lt;/thead&gt;
&lt;tbody&gt;
&lt;tr&gt;
&lt;td style=&#34;text-align:center&#34;&gt;电源&lt;/td&gt;
&lt;td style=&#34;text-align:center&#34;&gt;+10V-GND&lt;/td&gt;
&lt;td style=&#34;text-align:center&#34;&gt;+10V电源&lt;/td&gt;
&lt;td style=&#34;text-align:left&#34;&gt;向外提供+10V电源，最大输出电流：20mA，一般用作外接电位器工作电源&lt;/td&gt;
&lt;/tr&gt;
&lt;tr&gt;
&lt;td style=&#34;text-align:center&#34;&gt;电源&lt;/td&gt;
&lt;td style=&#34;text-align:center&#34;&gt;+24V-COM&lt;/td&gt;
&lt;td style=&#34;text-align:center&#34;&gt;+24V电源&lt;/td&gt;
&lt;td style=&#34;text-align:left&#34;&gt;向外提供+24V电源，最大输出电流：150mA，一般用作数字输入输出端子工作电源和外接传感器电源&lt;/td&gt;
&lt;/tr&gt;
&lt;tr&gt;
&lt;td style=&#34;text-align:center&#34;&gt;电源&lt;/td&gt;
&lt;td style=&#34;text-align:center&#34;&gt;OP&lt;/td&gt;
&lt;td style=&#34;text-align:center&#34;&gt;外部电源输入端子&lt;/td&gt;
&lt;td style=&#34;text-align:left&#34;&gt;通过控制板上的连接片选择与+24V或COM连接（出厂默认与+24V连接） &lt;/br&gt;当利用外部信号驱动DI1~DI6时，OP需要与外部电源连接，且去掉此处OP~24V端子之间的短路连接片&lt;/td&gt;
&lt;/tr&gt;
&lt;tr&gt;
&lt;td style=&#34;text-align:center&#34;&gt;模拟输入&lt;/td&gt;
&lt;td style=&#34;text-align:center&#34;&gt;AI1-GND&lt;/td&gt;
&lt;td style=&#34;text-align:center&#34;&gt;模拟量输入端子1&lt;/td&gt;
&lt;td style=&#34;text-align:left&#34;&gt;1、输入范围：DC0V~10V/0mA，由通过参数P4-37选择电压或电流输入。&lt;/br&gt;2、输入阻抗：电压输入时22kΩ，电流输入时500Ω&lt;/td&gt;
&lt;/tr&gt;
&lt;tr&gt;
&lt;td style=&#34;text-align:center&#34;&gt;模拟输入&lt;/td&gt;
&lt;td style=&#34;text-align:center&#34;&gt;AI2-GND&lt;/td&gt;
&lt;td style=&#34;text-align:center&#34;&gt;模拟量输入端子2&lt;/td&gt;
&lt;td style=&#34;text-align:left&#34;&gt;1、输入范围：DC0V~10V/0mA，由通过参数P4-37选择电压或电流输入。&lt;/br&gt;2、输入阻抗：电压输入时22kΩ，电流输入时500Ω&lt;/td&gt;
&lt;/tr&gt;
&lt;tr&gt;
&lt;td style=&#34;text-align:center&#34;&gt;数字输入&lt;/td&gt;
&lt;td style=&#34;text-align:center&#34;&gt;X1	、X2、X3、X4、X5、X6、X7&lt;/td&gt;
&lt;td style=&#34;text-align:center&#34;&gt;数字输入1、2、3、4、5、6、7&lt;/td&gt;
&lt;td style=&#34;text-align:left&#34;&gt;1、光耦隔离&lt;/br&gt;2、输入阻抗：4kΩ&lt;/br&gt;电平输入时电压范围：9V~30V&lt;/td&gt;
&lt;/tr&gt;
&lt;tr&gt;
&lt;td style=&#34;text-align:center&#34;&gt;模拟输出&lt;/td&gt;
&lt;td style=&#34;text-align:center&#34;&gt;AO1-GND&lt;/td&gt;
&lt;td style=&#34;text-align:center&#34;&gt;模拟输出1&lt;/td&gt;
&lt;td style=&#34;text-align:left&#34;&gt;AO1，AO2由控制板J3、J2跳线选择电压或电流输出&lt;/br&gt;输出电压范围：0V~10V&lt;/br&gt;输出电流范围：0mA~20mA&lt;/br&gt;出厂默认为电压输出&lt;/td&gt;
&lt;/tr&gt;
&lt;tr&gt;
&lt;td style=&#34;text-align:center&#34;&gt;模拟输出&lt;/td&gt;
&lt;td style=&#34;text-align:center&#34;&gt;AO2-GND（18.5KW以下和Y1共用1个端子，通过跳线选择输出）&lt;/td&gt;
&lt;td style=&#34;text-align:center&#34;&gt;模拟输出2&lt;/td&gt;
&lt;td style=&#34;text-align:left&#34;&gt;AO1，AO2由控制板J3、J2跳线选择电压或电流输出&lt;/br&gt;输出电压范围：0V~10V&lt;/br&gt;输出电流范围：0mA~20mA&lt;/br&gt;出厂默认为电压输出&lt;/td&gt;
&lt;/tr&gt;
&lt;tr&gt;
&lt;td style=&#34;text-align:center&#34;&gt;数字输出&lt;/td&gt;
&lt;td style=&#34;text-align:center&#34;&gt;HD0&lt;/td&gt;
&lt;td style=&#34;text-align:center&#34;&gt;高速脉冲输出集电极开路输出&lt;/td&gt;
&lt;td style=&#34;text-align:left&#34;&gt;1、光耦隔离，双极性开路集电极输出。&lt;/br&gt;2、输出电压范围：0V~24V&lt;/br&gt;输出电流范围：0mA~50mA&lt;/br&gt;（备注：18.5KW及以下Y1功能可通过跳线切换为模拟量输出）&lt;/td&gt;
&lt;/tr&gt;
&lt;tr&gt;
&lt;td style=&#34;text-align:center&#34;&gt;数字输出&lt;/td&gt;
&lt;td style=&#34;text-align:center&#34;&gt;Y1&lt;/td&gt;
&lt;td style=&#34;text-align:center&#34;&gt;数字输出1&lt;/br&gt; 模拟电压输出2&lt;/td&gt;
&lt;td style=&#34;text-align:left&#34;&gt;1、光耦隔离，双极性开路集电极输出。&lt;/br&gt;2、输出电压范围：0V~24V&lt;/br&gt;输出电流范围：0mA~50mA&lt;/br&gt;（备注：18.5KW及以下Y1功能可通过跳线切换为模拟量输出）&lt;/td&gt;
&lt;/tr&gt;
&lt;tr&gt;
&lt;td style=&#34;text-align:center&#34;&gt;继电器输出&lt;/td&gt;
&lt;td style=&#34;text-align:center&#34;&gt;K1A-K1B&lt;/br&gt;K2A-K2B&lt;/td&gt;
&lt;td style=&#34;text-align:center&#34;&gt;常闭端子&lt;/td&gt;
&lt;td style=&#34;text-align:left&#34;&gt;触点驱动能力：&lt;/br&gt;AC 250V，3A；DC 30V ，1A&lt;/td&gt;
&lt;/tr&gt;
&lt;tr&gt;
&lt;td style=&#34;text-align:center&#34;&gt;继电器输出&lt;/td&gt;
&lt;td style=&#34;text-align:center&#34;&gt;K1A-K1C&lt;/br&gt;K2A-K2C&lt;/td&gt;
&lt;td style=&#34;text-align:center&#34;&gt;常开端子&lt;/td&gt;
&lt;td style=&#34;text-align:left&#34;&gt;触点驱动能力：&lt;/br&gt;AC 250V，3A；DC 30V ，1A&lt;/td&gt;
&lt;/tr&gt;
&lt;tr&gt;
&lt;td style=&#34;text-align:center&#34;&gt;RS485通讯&lt;/td&gt;
&lt;td style=&#34;text-align:center&#34;&gt;RS+&lt;/td&gt;
&lt;td style=&#34;text-align:center&#34;&gt;485通讯端子正&lt;/td&gt;
&lt;td style=&#34;text-align:left&#34;&gt;RS485差分信号正端&lt;/td&gt;
&lt;/tr&gt;
&lt;tr&gt;
&lt;td style=&#34;text-align:center&#34;&gt;RS485通讯&lt;/td&gt;
&lt;td style=&#34;text-align:center&#34;&gt;RS-&lt;/td&gt;
&lt;td style=&#34;text-align:center&#34;&gt;485通讯端子负&lt;/td&gt;
&lt;td style=&#34;text-align:left&#34;&gt;RS485差分信号负端&lt;/td&gt;
&lt;/tr&gt;
&lt;/tbody&gt;
&lt;/table&gt;
&lt;p&gt;探索这些文档以便了解更多内容：&lt;/p&gt;


&lt;div class=&#34;hextra-cards mt-4 gap-4 grid not-prose&#34; style=&#34;--rows: 3;&#34;&gt;
  &lt;a
    class=&#34;hextra-card group flex flex-col justify-start overflow-hidden rounded-lg border border-gray-200 text-current no-underline dark:shadow-none hover:shadow-gray-100 dark:hover:shadow-none shadow-gray-100 active:shadow-sm active:shadow-gray-200 transition-all duration-200 hover:border-gray-300 bg-transparent shadow-sm dark:border-neutral-800 hover:bg-slate-50 hover:shadow-md dark:hover:border-neutral-700 dark:hover:bg-neutral-900&#34;href=&#34;https://item.taobao.com/item.htm?ft=t&amp;amp;id=771441899583&#34; target=&#34;_blank&#34; rel=&#34;noreferrer&#34;&gt;&lt;span class=&#34;flex font-semibold items-start gap-2 p-4 text-gray-700 hover:text-gray-900 dark:text-neutral-200 dark:hover:text-neutral-50&#34;&gt;&lt;svg xmlns=&#34;http://www.w3.org/2000/svg&#34; fill=&#34;none&#34; viewBox=&#34;0 0 24 24&#34; stroke-width=&#34;2&#34; stroke=&#34;currentColor&#34; aria-hidden=&#34;true&#34;&gt;&lt;path stroke-linecap=&#34;round&#34; stroke-linejoin=&#34;round&#34; d=&#34;M3 3h2l.4 2M7 13h10l4-8H5.4M7 13L5.4 5M7 13l-2.293 2.293c-.63.63-.184 1.707.707 1.707H17m0 0a2 2 0 100 4 2 2 0 000-4zm-8 2a2 2 0 11-4 0 2 2 0 014 0z&#34;/&gt;&lt;/svg&gt;立即购买高性能矢量变频器&lt;/span&gt;&lt;/a&gt;

  &lt;a
    class=&#34;hextra-card group flex flex-col justify-start overflow-hidden rounded-lg border border-gray-200 text-current no-underline dark:shadow-none hover:shadow-gray-100 dark:hover:shadow-none shadow-gray-100 active:shadow-sm active:shadow-gray-200 transition-all duration-200 hover:border-gray-300 bg-transparent shadow-sm dark:border-neutral-800 hover:bg-slate-50 hover:shadow-md dark:hover:border-neutral-700 dark:hover:bg-neutral-900&#34;href=&#34;https://www.lyskjd.com/blog/faq/&#34; &gt;&lt;span class=&#34;flex font-semibold items-start gap-2 p-4 text-gray-700 hover:text-gray-900 dark:text-neutral-200 dark:hover:text-neutral-50&#34;&gt;&lt;svg xmlns=&#34;http://www.w3.org/2000/svg&#34; fill=&#34;none&#34; viewBox=&#34;0 0 24 24&#34; stroke-width=&#34;2&#34; stroke=&#34;currentColor&#34; aria-hidden=&#34;true&#34;&gt;&lt;path stroke-linecap=&#34;round&#34; stroke-linejoin=&#34;round&#34; d=&#34;M19 20H5a2 2 0 01-2-2V6a2 2 0 012-2h10a2 2 0 012 2v1m2 13a2 2 0 01-2-2V7m2 13a2 2 0 002-2V9a2 2 0 00-2-2h-2m-4-3H9M7 16h6M7 8h6v4H7V8z&#34;/&gt;&lt;/svg&gt;变频器常见问题解答&lt;/span&gt;&lt;/a&gt;
&lt;/div&gt;


      </description>
    </item>
    
    <item>
      <title>3.5 机械安装</title>
      <link>https://www.lyskjd.com/docs/vfd/mounting/mechanical-installation/</link>
      <pubDate>Mon, 01 Jan 0001 00:00:00 +0000</pubDate>
      
      <guid>https://www.lyskjd.com/docs/vfd/mounting/mechanical-installation/</guid>
      <description>
        
        
        &lt;h3&gt;3.5.1安装环境：&lt;span class=&#34;absolute -mt-20&#34; id=&#34;351安装环境&#34;&gt;&lt;/span&gt;
    &lt;a href=&#34;#351%e5%ae%89%e8%a3%85%e7%8e%af%e5%a2%83&#34; class=&#34;subheading-anchor&#34; aria-label=&#34;Permalink for this section&#34;&gt;&lt;/a&gt;&lt;/h3&gt;&lt;p&gt;1.环境温度：周围环境温度对变频器寿命有很大影响，不允许变频器的运行环境温度超过允许温度范围（-10℃～50℃）。&lt;/p&gt;
&lt;p&gt;2.将变频器装于阻燃物体的表面，周围要有足够空间散热。变频器工作时易产生大量热量。并用螺丝垂直安装在安装支座上。&lt;/p&gt;
&lt;p&gt;3.请安装在不易振动的地方。振动应不大于0.6G。特别注意远离冲床等设备。&lt;/p&gt;
&lt;p&gt;4.避免装于阳光直射、潮湿、有水珠的地方。&lt;/p&gt;
&lt;p&gt;5.避免装于空气中有腐蚀性、易燃性、易爆性气体的场所。&lt;/p&gt;
&lt;p&gt;6.避免装在有油污、多灰尘、多金属粉尘的场所。&lt;/p&gt;
&lt;p&gt;&lt;figure&gt;
    &lt;img src=&#34;https://www.lyskjd.com/images/azt.jpg&#34; title=&#34;变频器安装示意图&#34; alt=&#34;变频器安装示意图&#34; loading=&#34;lazy&#34; /&gt;
    &lt;figcaption&gt;变频器安装示意图&lt;/figcaption&gt;
  &lt;/figure&gt;&lt;/p&gt;
&lt;blockquote&gt;
&lt;p&gt;单体安装时：当变频器功率不大于22kW时可以不考虑A尺寸。当大于22kW时A应该大于 50mm。&lt;br&gt;
上下安装时：当变频器上下安装时请安装图示的隔热导流板。&lt;/p&gt;
&lt;/blockquote&gt;
&lt;table&gt;
&lt;thead&gt;
&lt;tr&gt;
&lt;th style=&#34;text-align:center&#34;&gt;变频器功率&lt;/th&gt;
&lt;th style=&#34;text-align:center&#34;&gt;安装尺寸A&lt;/th&gt;
&lt;th style=&#34;text-align:center&#34;&gt;安装尺寸B&lt;/th&gt;
&lt;/tr&gt;
&lt;/thead&gt;
&lt;tbody&gt;
&lt;tr&gt;
&lt;td style=&#34;text-align:center&#34;&gt;≤15kW&lt;/td&gt;
&lt;td style=&#34;text-align:center&#34;&gt;可以不作要求&lt;/td&gt;
&lt;td style=&#34;text-align:center&#34;&gt;≥100mm&lt;/td&gt;
&lt;/tr&gt;
&lt;tr&gt;
&lt;td style=&#34;text-align:center&#34;&gt;18.5kW—30kW&lt;/td&gt;
&lt;td style=&#34;text-align:center&#34;&gt;≥50mm&lt;/td&gt;
&lt;td style=&#34;text-align:center&#34;&gt;≥200mm&lt;/td&gt;
&lt;/tr&gt;
&lt;tr&gt;
&lt;td style=&#34;text-align:center&#34;&gt;≥37kW&lt;/td&gt;
&lt;td style=&#34;text-align:center&#34;&gt;≥50mm&lt;/td&gt;
&lt;td style=&#34;text-align:center&#34;&gt;≥300mm&lt;/td&gt;
&lt;/tr&gt;
&lt;/tbody&gt;
&lt;/table&gt;
&lt;h3&gt;3.5.2 机械安装需要注意的问题&lt;span class=&#34;absolute -mt-20&#34; id=&#34;352-机械安装需要注意的问题&#34;&gt;&lt;/span&gt;
    &lt;a href=&#34;#352-%e6%9c%ba%e6%a2%b0%e5%ae%89%e8%a3%85%e9%9c%80%e8%a6%81%e6%b3%a8%e6%84%8f%e7%9a%84%e9%97%ae%e9%a2%98&#34; class=&#34;subheading-anchor&#34; aria-label=&#34;Permalink for this section&#34;&gt;&lt;/a&gt;&lt;/h3&gt;&lt;p&gt;机械安装需要关注的是散热问题。所以请注意以下几点：&lt;/p&gt;
&lt;p&gt;1.请垂直安装变频器，便于热量向上散发。但不能倒置。若柜内有较多变频器时，最好是并排安装。在需要上下安装的场合，请参考安装示意图的示意，安装隔热导流板。&lt;/p&gt;
&lt;p&gt;2.安装空间遵照安装示意图所示，保证变频器的散热空间。但布置时请考虑柜内其它器件的散热情况。&lt;/p&gt;
&lt;p&gt;3.安装支架一定是阻燃材质。&lt;/p&gt;
&lt;p&gt;4.对于有金属粉尘应用场合，建议采用散热器柜外安装方式。此时全密封的柜内空间要尽可能大。&lt;/p&gt;
&lt;p&gt;探索这些文档以便了解更多内容：&lt;/p&gt;


&lt;div class=&#34;hextra-cards mt-4 gap-4 grid not-prose&#34; style=&#34;--rows: 3;&#34;&gt;
  &lt;a
    class=&#34;hextra-card group flex flex-col justify-start overflow-hidden rounded-lg border border-gray-200 text-current no-underline dark:shadow-none hover:shadow-gray-100 dark:hover:shadow-none shadow-gray-100 active:shadow-sm active:shadow-gray-200 transition-all duration-200 hover:border-gray-300 bg-transparent shadow-sm dark:border-neutral-800 hover:bg-slate-50 hover:shadow-md dark:hover:border-neutral-700 dark:hover:bg-neutral-900&#34;href=&#34;https://item.taobao.com/item.htm?ft=t&amp;amp;id=771441899583&#34; target=&#34;_blank&#34; rel=&#34;noreferrer&#34;&gt;&lt;span class=&#34;flex font-semibold items-start gap-2 p-4 text-gray-700 hover:text-gray-900 dark:text-neutral-200 dark:hover:text-neutral-50&#34;&gt;&lt;svg xmlns=&#34;http://www.w3.org/2000/svg&#34; fill=&#34;none&#34; viewBox=&#34;0 0 24 24&#34; stroke-width=&#34;2&#34; stroke=&#34;currentColor&#34; aria-hidden=&#34;true&#34;&gt;&lt;path stroke-linecap=&#34;round&#34; stroke-linejoin=&#34;round&#34; d=&#34;M3 3h2l.4 2M7 13h10l4-8H5.4M7 13L5.4 5M7 13l-2.293 2.293c-.63.63-.184 1.707.707 1.707H17m0 0a2 2 0 100 4 2 2 0 000-4zm-8 2a2 2 0 11-4 0 2 2 0 014 0z&#34;/&gt;&lt;/svg&gt;立即购买高性能矢量变频器&lt;/span&gt;&lt;/a&gt;
  &lt;a
    class=&#34;hextra-card group flex flex-col justify-start overflow-hidden rounded-lg border border-gray-200 text-current no-underline dark:shadow-none hover:shadow-gray-100 dark:hover:shadow-none shadow-gray-100 active:shadow-sm active:shadow-gray-200 transition-all duration-200 hover:border-gray-300 bg-transparent shadow-sm dark:border-neutral-800 hover:bg-slate-50 hover:shadow-md dark:hover:border-neutral-700 dark:hover:bg-neutral-900&#34;href=&#34;https://www.lyskjd.com/docs/table-of-contents/&#34; &gt;&lt;span class=&#34;flex font-semibold items-start gap-2 p-4 text-gray-700 hover:text-gray-900 dark:text-neutral-200 dark:hover:text-neutral-50&#34;&gt;&lt;svg xmlns=&#34;http://www.w3.org/2000/svg&#34; fill=&#34;none&#34; viewBox=&#34;0 0 24 24&#34; stroke-width=&#34;2&#34; stroke=&#34;currentColor&#34; aria-hidden=&#34;true&#34;&gt;&lt;path stroke-linecap=&#34;round&#34; stroke-linejoin=&#34;round&#34; d=&#34;M19 20H5a2 2 0 01-2-2V6a2 2 0 012-2h10a2 2 0 012 2v1m2 13a2 2 0 01-2-2V7m2 13a2 2 0 002-2V9a2 2 0 00-2-2h-2m-4-3H9M7 16h6M7 8h6v4H7V8z&#34;/&gt;&lt;/svg&gt;变频器使用说明书目录&lt;/span&gt;&lt;/a&gt;
  &lt;a
    class=&#34;hextra-card group flex flex-col justify-start overflow-hidden rounded-lg border border-gray-200 text-current no-underline dark:shadow-none hover:shadow-gray-100 dark:hover:shadow-none shadow-gray-100 active:shadow-sm active:shadow-gray-200 transition-all duration-200 hover:border-gray-300 bg-transparent shadow-sm dark:border-neutral-800 hover:bg-slate-50 hover:shadow-md dark:hover:border-neutral-700 dark:hover:bg-neutral-900&#34;href=&#34;https://www.lyskjd.com/blog/faq/&#34; &gt;&lt;span class=&#34;flex font-semibold items-start gap-2 p-4 text-gray-700 hover:text-gray-900 dark:text-neutral-200 dark:hover:text-neutral-50&#34;&gt;&lt;svg xmlns=&#34;http://www.w3.org/2000/svg&#34; fill=&#34;none&#34; viewBox=&#34;0 0 24 24&#34; stroke-width=&#34;2&#34; stroke=&#34;currentColor&#34; aria-hidden=&#34;true&#34;&gt;&lt;path stroke-linecap=&#34;round&#34; stroke-linejoin=&#34;round&#34; d=&#34;M19 20H5a2 2 0 01-2-2V6a2 2 0 012-2h10a2 2 0 012 2v1m2 13a2 2 0 01-2-2V7m2 13a2 2 0 002-2V9a2 2 0 00-2-2h-2m-4-3H9M7 16h6M7 8h6v4H7V8z&#34;/&gt;&lt;/svg&gt;变频器常见问题解答&lt;/span&gt;&lt;/a&gt;
&lt;/div&gt;


      </description>
    </item>
    
    <item>
      <title>3.6 变频器外围电气元件选型指南</title>
      <link>https://www.lyskjd.com/docs/vfd/mounting/peripheral-electrical-component-selection-guide-for-variable-frequency-drives/</link>
      <pubDate>Mon, 01 Jan 0001 00:00:00 +0000</pubDate>
      
      <guid>https://www.lyskjd.com/docs/vfd/mounting/peripheral-electrical-component-selection-guide-for-variable-frequency-drives/</guid>
      <description>
        
        
        &lt;h3&gt;变频器外围电气元件选型表&lt;span class=&#34;absolute -mt-20&#34; id=&#34;变频器外围电气元件选型表&#34;&gt;&lt;/span&gt;
    &lt;a href=&#34;#%e5%8f%98%e9%a2%91%e5%99%a8%e5%a4%96%e5%9b%b4%e7%94%b5%e6%b0%94%e5%85%83%e4%bb%b6%e9%80%89%e5%9e%8b%e8%a1%a8&#34; class=&#34;subheading-anchor&#34; aria-label=&#34;Permalink for this section&#34;&gt;&lt;/a&gt;&lt;/h3&gt;&lt;table&gt;
&lt;thead&gt;
&lt;tr&gt;
&lt;th style=&#34;text-align:center&#34;&gt;变频器功率&lt;/th&gt;
&lt;th style=&#34;text-align:center&#34;&gt;空开(MCCB)&lt;/br&gt; A&lt;/th&gt;
&lt;th style=&#34;text-align:center&#34;&gt;推荐接触器&lt;/br&gt; A&lt;/th&gt;
&lt;th style=&#34;text-align:center&#34;&gt;推荐输入侧主回路导线mm²&lt;/th&gt;
&lt;th style=&#34;text-align:center&#34;&gt;推荐输出侧主回路导线 mm²&lt;/th&gt;
&lt;th style=&#34;text-align:center&#34;&gt;推荐控制回路导线 mm²&lt;/th&gt;
&lt;/tr&gt;
&lt;/thead&gt;
&lt;tbody&gt;
&lt;tr&gt;
&lt;td style=&#34;text-align:center&#34;&gt;0.4KWT2&lt;/td&gt;
&lt;td style=&#34;text-align:center&#34;&gt;16&lt;/td&gt;
&lt;td style=&#34;text-align:center&#34;&gt;10&lt;/td&gt;
&lt;td style=&#34;text-align:center&#34;&gt;2.5&lt;/td&gt;
&lt;td style=&#34;text-align:center&#34;&gt;2.5&lt;/td&gt;
&lt;td style=&#34;text-align:center&#34;&gt;1.0&lt;/td&gt;
&lt;/tr&gt;
&lt;tr&gt;
&lt;td style=&#34;text-align:center&#34;&gt;0.7KWT2&lt;/td&gt;
&lt;td style=&#34;text-align:center&#34;&gt;16&lt;/td&gt;
&lt;td style=&#34;text-align:center&#34;&gt;10&lt;/td&gt;
&lt;td style=&#34;text-align:center&#34;&gt;2.5&lt;/td&gt;
&lt;td style=&#34;text-align:center&#34;&gt;2.5&lt;/td&gt;
&lt;td style=&#34;text-align:center&#34;&gt;1.0&lt;/td&gt;
&lt;/tr&gt;
&lt;tr&gt;
&lt;td style=&#34;text-align:center&#34;&gt;1.5KWT2&lt;/td&gt;
&lt;td style=&#34;text-align:center&#34;&gt;20&lt;/td&gt;
&lt;td style=&#34;text-align:center&#34;&gt;16&lt;/td&gt;
&lt;td style=&#34;text-align:center&#34;&gt;4.0&lt;/td&gt;
&lt;td style=&#34;text-align:center&#34;&gt;2.5&lt;/td&gt;
&lt;td style=&#34;text-align:center&#34;&gt;1.0&lt;/td&gt;
&lt;/tr&gt;
&lt;tr&gt;
&lt;td style=&#34;text-align:center&#34;&gt;2.2KWT2&lt;/td&gt;
&lt;td style=&#34;text-align:center&#34;&gt;32&lt;/td&gt;
&lt;td style=&#34;text-align:center&#34;&gt;20&lt;/td&gt;
&lt;td style=&#34;text-align:center&#34;&gt;6.0&lt;/td&gt;
&lt;td style=&#34;text-align:center&#34;&gt;4.0&lt;/td&gt;
&lt;td style=&#34;text-align:center&#34;&gt;1.0&lt;/td&gt;
&lt;/tr&gt;
&lt;tr&gt;
&lt;td style=&#34;text-align:center&#34;&gt;0.7KWT4&lt;/td&gt;
&lt;td style=&#34;text-align:center&#34;&gt;10&lt;/td&gt;
&lt;td style=&#34;text-align:center&#34;&gt;10&lt;/td&gt;
&lt;td style=&#34;text-align:center&#34;&gt;2.5&lt;/td&gt;
&lt;td style=&#34;text-align:center&#34;&gt;2.5&lt;/td&gt;
&lt;td style=&#34;text-align:center&#34;&gt;1.0&lt;/td&gt;
&lt;/tr&gt;
&lt;tr&gt;
&lt;td style=&#34;text-align:center&#34;&gt;1.5KWT4&lt;/td&gt;
&lt;td style=&#34;text-align:center&#34;&gt;16&lt;/td&gt;
&lt;td style=&#34;text-align:center&#34;&gt;10&lt;/td&gt;
&lt;td style=&#34;text-align:center&#34;&gt;2.5&lt;/td&gt;
&lt;td style=&#34;text-align:center&#34;&gt;2.5&lt;/td&gt;
&lt;td style=&#34;text-align:center&#34;&gt;1.0&lt;/td&gt;
&lt;/tr&gt;
&lt;tr&gt;
&lt;td style=&#34;text-align:center&#34;&gt;2.2KWT4&lt;/td&gt;
&lt;td style=&#34;text-align:center&#34;&gt;16&lt;/td&gt;
&lt;td style=&#34;text-align:center&#34;&gt;10&lt;/td&gt;
&lt;td style=&#34;text-align:center&#34;&gt;2.5&lt;/td&gt;
&lt;td style=&#34;text-align:center&#34;&gt;2.5&lt;/td&gt;
&lt;td style=&#34;text-align:center&#34;&gt;1.0&lt;/td&gt;
&lt;/tr&gt;
&lt;tr&gt;
&lt;td style=&#34;text-align:center&#34;&gt;3.7KWT4&lt;/td&gt;
&lt;td style=&#34;text-align:center&#34;&gt;25&lt;/td&gt;
&lt;td style=&#34;text-align:center&#34;&gt;16&lt;/td&gt;
&lt;td style=&#34;text-align:center&#34;&gt;4.0&lt;/td&gt;
&lt;td style=&#34;text-align:center&#34;&gt;4.0&lt;/td&gt;
&lt;td style=&#34;text-align:center&#34;&gt;1.0&lt;/td&gt;
&lt;/tr&gt;
&lt;tr&gt;
&lt;td style=&#34;text-align:center&#34;&gt;5.5KWT4&lt;/td&gt;
&lt;td style=&#34;text-align:center&#34;&gt;32&lt;/td&gt;
&lt;td style=&#34;text-align:center&#34;&gt;25&lt;/td&gt;
&lt;td style=&#34;text-align:center&#34;&gt;4.0&lt;/td&gt;
&lt;td style=&#34;text-align:center&#34;&gt;4.0&lt;/td&gt;
&lt;td style=&#34;text-align:center&#34;&gt;1.0&lt;/td&gt;
&lt;/tr&gt;
&lt;tr&gt;
&lt;td style=&#34;text-align:center&#34;&gt;7.5KWT4&lt;/td&gt;
&lt;td style=&#34;text-align:center&#34;&gt;40&lt;/td&gt;
&lt;td style=&#34;text-align:center&#34;&gt;32&lt;/td&gt;
&lt;td style=&#34;text-align:center&#34;&gt;4.0&lt;/td&gt;
&lt;td style=&#34;text-align:center&#34;&gt;4.0&lt;/td&gt;
&lt;td style=&#34;text-align:center&#34;&gt;1.0&lt;/td&gt;
&lt;/tr&gt;
&lt;tr&gt;
&lt;td style=&#34;text-align:center&#34;&gt;11KWT4&lt;/td&gt;
&lt;td style=&#34;text-align:center&#34;&gt;63&lt;/td&gt;
&lt;td style=&#34;text-align:center&#34;&gt;40&lt;/td&gt;
&lt;td style=&#34;text-align:center&#34;&gt;4.0&lt;/td&gt;
&lt;td style=&#34;text-align:center&#34;&gt;4.0&lt;/td&gt;
&lt;td style=&#34;text-align:center&#34;&gt;1.0&lt;/td&gt;
&lt;/tr&gt;
&lt;tr&gt;
&lt;td style=&#34;text-align:center&#34;&gt;15KWT4&lt;/td&gt;
&lt;td style=&#34;text-align:center&#34;&gt;63&lt;/td&gt;
&lt;td style=&#34;text-align:center&#34;&gt;40&lt;/td&gt;
&lt;td style=&#34;text-align:center&#34;&gt;6.0&lt;/td&gt;
&lt;td style=&#34;text-align:center&#34;&gt;6.0&lt;/td&gt;
&lt;td style=&#34;text-align:center&#34;&gt;1.0&lt;/td&gt;
&lt;/tr&gt;
&lt;tr&gt;
&lt;td style=&#34;text-align:center&#34;&gt;18.5KWT4&lt;/td&gt;
&lt;td style=&#34;text-align:center&#34;&gt;100&lt;/td&gt;
&lt;td style=&#34;text-align:center&#34;&gt;63&lt;/td&gt;
&lt;td style=&#34;text-align:center&#34;&gt;6&lt;/td&gt;
&lt;td style=&#34;text-align:center&#34;&gt;6&lt;/td&gt;
&lt;td style=&#34;text-align:center&#34;&gt;1.5&lt;/td&gt;
&lt;/tr&gt;
&lt;tr&gt;
&lt;td style=&#34;text-align:center&#34;&gt;22KWT4&lt;/td&gt;
&lt;td style=&#34;text-align:center&#34;&gt;100&lt;/td&gt;
&lt;td style=&#34;text-align:center&#34;&gt;63&lt;/td&gt;
&lt;td style=&#34;text-align:center&#34;&gt;10&lt;/td&gt;
&lt;td style=&#34;text-align:center&#34;&gt;10&lt;/td&gt;
&lt;td style=&#34;text-align:center&#34;&gt;1.5&lt;/td&gt;
&lt;/tr&gt;
&lt;tr&gt;
&lt;td style=&#34;text-align:center&#34;&gt;30KWT4&lt;/td&gt;
&lt;td style=&#34;text-align:center&#34;&gt;125&lt;/td&gt;
&lt;td style=&#34;text-align:center&#34;&gt;100&lt;/td&gt;
&lt;td style=&#34;text-align:center&#34;&gt;16&lt;/td&gt;
&lt;td style=&#34;text-align:center&#34;&gt;10&lt;/td&gt;
&lt;td style=&#34;text-align:center&#34;&gt;1.5&lt;/td&gt;
&lt;/tr&gt;
&lt;tr&gt;
&lt;td style=&#34;text-align:center&#34;&gt;37KWT4&lt;/td&gt;
&lt;td style=&#34;text-align:center&#34;&gt;160&lt;/td&gt;
&lt;td style=&#34;text-align:center&#34;&gt;100&lt;/td&gt;
&lt;td style=&#34;text-align:center&#34;&gt;16&lt;/td&gt;
&lt;td style=&#34;text-align:center&#34;&gt;16&lt;/td&gt;
&lt;td style=&#34;text-align:center&#34;&gt;1.5&lt;/td&gt;
&lt;/tr&gt;
&lt;tr&gt;
&lt;td style=&#34;text-align:center&#34;&gt;45KWT4&lt;/td&gt;
&lt;td style=&#34;text-align:center&#34;&gt;200&lt;/td&gt;
&lt;td style=&#34;text-align:center&#34;&gt;125&lt;/td&gt;
&lt;td style=&#34;text-align:center&#34;&gt;25&lt;/td&gt;
&lt;td style=&#34;text-align:center&#34;&gt;25&lt;/td&gt;
&lt;td style=&#34;text-align:center&#34;&gt;1.5&lt;/td&gt;
&lt;/tr&gt;
&lt;tr&gt;
&lt;td style=&#34;text-align:center&#34;&gt;55KWT4&lt;/td&gt;
&lt;td style=&#34;text-align:center&#34;&gt;200&lt;/td&gt;
&lt;td style=&#34;text-align:center&#34;&gt;125&lt;/td&gt;
&lt;td style=&#34;text-align:center&#34;&gt;35&lt;/td&gt;
&lt;td style=&#34;text-align:center&#34;&gt;25&lt;/td&gt;
&lt;td style=&#34;text-align:center&#34;&gt;1.5&lt;/td&gt;
&lt;/tr&gt;
&lt;tr&gt;
&lt;td style=&#34;text-align:center&#34;&gt;75KWT4&lt;/td&gt;
&lt;td style=&#34;text-align:center&#34;&gt;250&lt;/td&gt;
&lt;td style=&#34;text-align:center&#34;&gt;160&lt;/td&gt;
&lt;td style=&#34;text-align:center&#34;&gt;50&lt;/td&gt;
&lt;td style=&#34;text-align:center&#34;&gt;35&lt;/td&gt;
&lt;td style=&#34;text-align:center&#34;&gt;1.5&lt;/td&gt;
&lt;/tr&gt;
&lt;tr&gt;
&lt;td style=&#34;text-align:center&#34;&gt;90KWT4&lt;/td&gt;
&lt;td style=&#34;text-align:center&#34;&gt;250&lt;/td&gt;
&lt;td style=&#34;text-align:center&#34;&gt;160&lt;/td&gt;
&lt;td style=&#34;text-align:center&#34;&gt;70&lt;/td&gt;
&lt;td style=&#34;text-align:center&#34;&gt;35&lt;/td&gt;
&lt;td style=&#34;text-align:center&#34;&gt;1.5&lt;/td&gt;
&lt;/tr&gt;
&lt;tr&gt;
&lt;td style=&#34;text-align:center&#34;&gt;110KWT4&lt;/td&gt;
&lt;td style=&#34;text-align:center&#34;&gt;350&lt;/td&gt;
&lt;td style=&#34;text-align:center&#34;&gt;350&lt;/td&gt;
&lt;td style=&#34;text-align:center&#34;&gt;120&lt;/td&gt;
&lt;td style=&#34;text-align:center&#34;&gt;120&lt;/td&gt;
&lt;td style=&#34;text-align:center&#34;&gt;1.5&lt;/td&gt;
&lt;/tr&gt;
&lt;tr&gt;
&lt;td style=&#34;text-align:center&#34;&gt;132KWT4&lt;/td&gt;
&lt;td style=&#34;text-align:center&#34;&gt;400&lt;/td&gt;
&lt;td style=&#34;text-align:center&#34;&gt;400&lt;/td&gt;
&lt;td style=&#34;text-align:center&#34;&gt;150&lt;/td&gt;
&lt;td style=&#34;text-align:center&#34;&gt;150&lt;/td&gt;
&lt;td style=&#34;text-align:center&#34;&gt;1.5&lt;/td&gt;
&lt;/tr&gt;
&lt;tr&gt;
&lt;td style=&#34;text-align:center&#34;&gt;160KWT4&lt;/td&gt;
&lt;td style=&#34;text-align:center&#34;&gt;500&lt;/td&gt;
&lt;td style=&#34;text-align:center&#34;&gt;400&lt;/td&gt;
&lt;td style=&#34;text-align:center&#34;&gt;185&lt;/td&gt;
&lt;td style=&#34;text-align:center&#34;&gt;185&lt;/td&gt;
&lt;td style=&#34;text-align:center&#34;&gt;1.5&lt;/td&gt;
&lt;/tr&gt;
&lt;tr&gt;
&lt;td style=&#34;text-align:center&#34;&gt;200KWT4&lt;/td&gt;
&lt;td style=&#34;text-align:center&#34;&gt;600&lt;/td&gt;
&lt;td style=&#34;text-align:center&#34;&gt;600&lt;/td&gt;
&lt;td style=&#34;text-align:center&#34;&gt;150*2&lt;/td&gt;
&lt;td style=&#34;text-align:center&#34;&gt;150*2&lt;/td&gt;
&lt;td style=&#34;text-align:center&#34;&gt;1.5&lt;/td&gt;
&lt;/tr&gt;
&lt;tr&gt;
&lt;td style=&#34;text-align:center&#34;&gt;220KWT4&lt;/td&gt;
&lt;td style=&#34;text-align:center&#34;&gt;600&lt;/td&gt;
&lt;td style=&#34;text-align:center&#34;&gt;600&lt;/td&gt;
&lt;td style=&#34;text-align:center&#34;&gt;150*2&lt;/td&gt;
&lt;td style=&#34;text-align:center&#34;&gt;150*2&lt;/td&gt;
&lt;td style=&#34;text-align:center&#34;&gt;1.5&lt;/td&gt;
&lt;/tr&gt;
&lt;tr&gt;
&lt;td style=&#34;text-align:center&#34;&gt;250KWT4&lt;/td&gt;
&lt;td style=&#34;text-align:center&#34;&gt;800&lt;/td&gt;
&lt;td style=&#34;text-align:center&#34;&gt;600&lt;/td&gt;
&lt;td style=&#34;text-align:center&#34;&gt;185*2&lt;/td&gt;
&lt;td style=&#34;text-align:center&#34;&gt;185*2&lt;/td&gt;
&lt;td style=&#34;text-align:center&#34;&gt;1.5&lt;/td&gt;
&lt;/tr&gt;
&lt;tr&gt;
&lt;td style=&#34;text-align:center&#34;&gt;280KWT4&lt;/td&gt;
&lt;td style=&#34;text-align:center&#34;&gt;800&lt;/td&gt;
&lt;td style=&#34;text-align:center&#34;&gt;800&lt;/td&gt;
&lt;td style=&#34;text-align:center&#34;&gt;185*2&lt;/td&gt;
&lt;td style=&#34;text-align:center&#34;&gt;185*2&lt;/td&gt;
&lt;td style=&#34;text-align:center&#34;&gt;1.5&lt;/td&gt;
&lt;/tr&gt;
&lt;tr&gt;
&lt;td style=&#34;text-align:center&#34;&gt;315KWT4&lt;/td&gt;
&lt;td style=&#34;text-align:center&#34;&gt;800&lt;/td&gt;
&lt;td style=&#34;text-align:center&#34;&gt;800&lt;/td&gt;
&lt;td style=&#34;text-align:center&#34;&gt;150*3&lt;/td&gt;
&lt;td style=&#34;text-align:center&#34;&gt;150*3&lt;/td&gt;
&lt;td style=&#34;text-align:center&#34;&gt;1.5&lt;/td&gt;
&lt;/tr&gt;
&lt;tr&gt;
&lt;td style=&#34;text-align:center&#34;&gt;355KWT4&lt;/td&gt;
&lt;td style=&#34;text-align:center&#34;&gt;800&lt;/td&gt;
&lt;td style=&#34;text-align:center&#34;&gt;800&lt;/td&gt;
&lt;td style=&#34;text-align:center&#34;&gt;150*4&lt;/td&gt;
&lt;td style=&#34;text-align:center&#34;&gt;150*4&lt;/td&gt;
&lt;td style=&#34;text-align:center&#34;&gt;1.5&lt;/td&gt;
&lt;/tr&gt;
&lt;tr&gt;
&lt;td style=&#34;text-align:center&#34;&gt;400KWT4&lt;/td&gt;
&lt;td style=&#34;text-align:center&#34;&gt;1000&lt;/td&gt;
&lt;td style=&#34;text-align:center&#34;&gt;1000&lt;/td&gt;
&lt;td style=&#34;text-align:center&#34;&gt;150*4&lt;/td&gt;
&lt;td style=&#34;text-align:center&#34;&gt;150*4&lt;/td&gt;
&lt;td style=&#34;text-align:center&#34;&gt;1.5&lt;/td&gt;
&lt;/tr&gt;
&lt;/tbody&gt;
&lt;/table&gt;





  












&lt;div class=&#34;overflow-x-auto mt-6 flex rounded-lg border py-2 ltr:pr-4 rtl:pl-4 contrast-more:border-current contrast-more:dark:border-current border-blue-200 bg-blue-100 text-blue-900 dark:border-blue-200/30 dark:bg-blue-900/30 dark:text-blue-200&#34;&gt;
  &lt;div class=&#34;ltr:pl-3 ltr:pr-2 rtl:pr-3 rtl:pl-2&#34;&gt;&lt;div class=&#34;select-none text-xl&#34; style=&#34;font-family: &#39;Apple Color Emoji&#39;, &#39;Segoe UI Emoji&#39;, &#39;Segoe UI Symbol&#39;;&#34;&gt;
        ℹ️
      &lt;/div&gt;&lt;/div&gt;

  &lt;div class=&#34;w-full min-w-0 leading-7&#34;&gt;
    &lt;div class=&#34;mt-6 leading-7 first:mt-0&#34;&gt;
      注意：本选型表是指导数据，用户可根据实际情况选择不同大小的电气元件，但不能小于表中推荐值。
    &lt;/div&gt;
  &lt;/div&gt;
&lt;/div&gt;

&lt;p&gt;探索这些文档以便了解更多内容：&lt;/p&gt;


&lt;div class=&#34;hextra-cards mt-4 gap-4 grid not-prose&#34; style=&#34;--rows: 3;&#34;&gt;
  &lt;a
    class=&#34;hextra-card group flex flex-col justify-start overflow-hidden rounded-lg border border-gray-200 text-current no-underline dark:shadow-none hover:shadow-gray-100 dark:hover:shadow-none shadow-gray-100 active:shadow-sm active:shadow-gray-200 transition-all duration-200 hover:border-gray-300 bg-transparent shadow-sm dark:border-neutral-800 hover:bg-slate-50 hover:shadow-md dark:hover:border-neutral-700 dark:hover:bg-neutral-900&#34;href=&#34;https://item.taobao.com/item.htm?ft=t&amp;amp;id=771441899583&#34; target=&#34;_blank&#34; rel=&#34;noreferrer&#34;&gt;&lt;span class=&#34;flex font-semibold items-start gap-2 p-4 text-gray-700 hover:text-gray-900 dark:text-neutral-200 dark:hover:text-neutral-50&#34;&gt;&lt;svg xmlns=&#34;http://www.w3.org/2000/svg&#34; fill=&#34;none&#34; viewBox=&#34;0 0 24 24&#34; stroke-width=&#34;2&#34; stroke=&#34;currentColor&#34; aria-hidden=&#34;true&#34;&gt;&lt;path stroke-linecap=&#34;round&#34; stroke-linejoin=&#34;round&#34; d=&#34;M3 3h2l.4 2M7 13h10l4-8H5.4M7 13L5.4 5M7 13l-2.293 2.293c-.63.63-.184 1.707.707 1.707H17m0 0a2 2 0 100 4 2 2 0 000-4zm-8 2a2 2 0 11-4 0 2 2 0 014 0z&#34;/&gt;&lt;/svg&gt;立即购买高性能矢量变频器&lt;/span&gt;&lt;/a&gt;
  &lt;a
    class=&#34;hextra-card group flex flex-col justify-start overflow-hidden rounded-lg border border-gray-200 text-current no-underline dark:shadow-none hover:shadow-gray-100 dark:hover:shadow-none shadow-gray-100 active:shadow-sm active:shadow-gray-200 transition-all duration-200 hover:border-gray-300 bg-transparent shadow-sm dark:border-neutral-800 hover:bg-slate-50 hover:shadow-md dark:hover:border-neutral-700 dark:hover:bg-neutral-900&#34;href=&#34;https://www.lyskjd.com/docs/table-of-contents/&#34; &gt;&lt;span class=&#34;flex font-semibold items-start gap-2 p-4 text-gray-700 hover:text-gray-900 dark:text-neutral-200 dark:hover:text-neutral-50&#34;&gt;&lt;svg xmlns=&#34;http://www.w3.org/2000/svg&#34; fill=&#34;none&#34; viewBox=&#34;0 0 24 24&#34; stroke-width=&#34;2&#34; stroke=&#34;currentColor&#34; aria-hidden=&#34;true&#34;&gt;&lt;path stroke-linecap=&#34;round&#34; stroke-linejoin=&#34;round&#34; d=&#34;M19 20H5a2 2 0 01-2-2V6a2 2 0 012-2h10a2 2 0 012 2v1m2 13a2 2 0 01-2-2V7m2 13a2 2 0 002-2V9a2 2 0 00-2-2h-2m-4-3H9M7 16h6M7 8h6v4H7V8z&#34;/&gt;&lt;/svg&gt;变频器使用说明书目录&lt;/span&gt;&lt;/a&gt;
  &lt;a
    class=&#34;hextra-card group flex flex-col justify-start overflow-hidden rounded-lg border border-gray-200 text-current no-underline dark:shadow-none hover:shadow-gray-100 dark:hover:shadow-none shadow-gray-100 active:shadow-sm active:shadow-gray-200 transition-all duration-200 hover:border-gray-300 bg-transparent shadow-sm dark:border-neutral-800 hover:bg-slate-50 hover:shadow-md dark:hover:border-neutral-700 dark:hover:bg-neutral-900&#34;href=&#34;https://www.lyskjd.com/blog/fa%ce%a9/&#34; &gt;&lt;span class=&#34;flex font-semibold items-start gap-2 p-4 text-gray-700 hover:text-gray-900 dark:text-neutral-200 dark:hover:text-neutral-50&#34;&gt;&lt;svg xmlns=&#34;http://www.w3.org/2000/svg&#34; fill=&#34;none&#34; viewBox=&#34;0 0 24 24&#34; stroke-width=&#34;2&#34; stroke=&#34;currentColor&#34; aria-hidden=&#34;true&#34;&gt;&lt;path stroke-linecap=&#34;round&#34; stroke-linejoin=&#34;round&#34; d=&#34;M19 20H5a2 2 0 01-2-2V6a2 2 0 012-2h10a2 2 0 012 2v1m2 13a2 2 0 01-2-2V7m2 13a2 2 0 002-2V9a2 2 0 00-2-2h-2m-4-3H9M7 16h6M7 8h6v4H7V8z&#34;/&gt;&lt;/svg&gt;变频器常见问题解答&lt;/span&gt;&lt;/a&gt;
&lt;/div&gt;


      </description>
    </item>
    
  </channel>
</rss>
