<rss version="2.0" xmlns:atom="http://www.w3.org/2005/Atom">
  <channel>
    <title>Linyi Senkuo Electromechanical Co., Ltd. – Motor Driven</title>
    <link>https://www.lyskjd.com/en/products/motor-driven/</link>
    <description>Recent content in Motor Driven on Linyi Senkuo Electromechanical Co., Ltd.</description>
    <generator>Hugo -- gohugo.io</generator>
    <language>en</language>
    
	  <atom:link href="https://www.lyskjd.com/en/products/motor-driven/index.xml" rel="self" type="application/rss+xml" />
    
    
      
        
      
    
    
    <item>
      <title>Built in Bypass Soft Starter</title>
      <link>https://www.lyskjd.com/en/products/motor-driven/built-in-bypass-soft-starter/</link>
      <pubDate>Mon, 01 Jan 0001 00:00:00 +0000</pubDate>
      
      <guid>https://www.lyskjd.com/en/products/motor-driven/built-in-bypass-soft-starter/</guid>
      <description>
        
        
        &lt;h3&gt;Product Overview&lt;span class=&#34;absolute -mt-20&#34; id=&#34;product-overview&#34;&gt;&lt;/span&gt;
    &lt;a href=&#34;#product-overview&#34; class=&#34;subheading-anchor&#34; aria-label=&#34;Permalink for this section&#34;&gt;&lt;/a&gt;&lt;/h3&gt;&lt;p&gt;&lt;img src=&#34;https://www.lyskjd.com/images/Built-in-Bypass-soft-starter/1.jpg&#34; alt=&#34;Built-in Bypass Soft-Starter&#34; loading=&#34;lazy&#34; /&gt;
This series of soft starters adopts a three-input and three-outlet structure design, and the complete set of cabinets does not need an external AC contactor; the interior uses a three-phase independent bypass contactor DC coil design to ensure that it is not affected by voltage drop and thus ensures reliable operation of the equipment! Small and classic, with perfect motor comprehensive protection function! This product is widely used in the starting control of transmission equipment, fans, pumps, crushers and other loads. The product complies with GB14048.6-2016&lt;/p&gt;
&lt;h3&gt;Performance characteristics：&lt;span class=&#34;absolute -mt-20&#34; id=&#34;performance-characteristics&#34;&gt;&lt;/span&gt;
    &lt;a href=&#34;#performance-characteristics&#34; class=&#34;subheading-anchor&#34; aria-label=&#34;Permalink for this section&#34;&gt;&lt;/a&gt;&lt;/h3&gt;&lt;p&gt;&lt;img src=&#34;https://www.lyskjd.com/images/Built-in-Bypass-soft-starter/2.jpg&#34; alt=&#34;Built-in Bypass Soft-Starter&#34; loading=&#34;lazy&#34; /&gt;
&lt;img src=&#34;https://www.lyskjd.com/images/Built-in-Bypass-soft-starter/3.jpg&#34; alt=&#34;Built-in Bypass Soft-Starter&#34; loading=&#34;lazy&#34; /&gt;&lt;/p&gt;
&lt;blockquote&gt;
&lt;p&gt;The soft starter design concept adheres to the principle of reliability, ease of use, practicality and low overall cost. The comprehensive cost mentioned here includes: manufacturing cost, on-site commissioning cost, fault diagnosis cost, after-sales service cost, etc. The specific features are listed below&lt;/p&gt;
&lt;/blockquote&gt;
&lt;ol&gt;
&lt;li&gt;
&lt;p&gt;The screen displays a large amount of information, which is convenient for remote diagnosis and analysis, and reduces the cost of fault resolution caused by miscalculation, including round-trip travel expenses&lt;/p&gt;
&lt;/li&gt;
&lt;li&gt;
&lt;p&gt;Externally adapted N/5 current transformers, compared to N/1 or N/0.1 transformers, market versatility, convenient after-sales maintenance.&lt;/p&gt;
&lt;/li&gt;
&lt;li&gt;
&lt;p&gt;The thyristor driver circuit adopts pulse transformer to reduce the damage of the circuit board caused by poor conduction of thyristors.&lt;/p&gt;
&lt;/li&gt;
&lt;li&gt;
&lt;p&gt;There is no need to calibrate the current in the field. The V3 soft starter abandons the previous method of adapting the current sampling resistance to different power starter cabinets. The biggest disadvantage of the original method is that when matching different power cabinets, the current sensing resistance needs to be changed, and it often needs to be calibrated in the field. The V3 soft starter can be matched to the respective power cabinet only by means of a transformer ratio setting. Because of its versatility, it is greatly convenient for the whole machine factory stocking and on-site after-sales service personnel.&lt;/p&gt;
&lt;/li&gt;
&lt;li&gt;
&lt;p&gt;The trigger circuit is powerful and can be used with thyristors with trigger currents up to 100mA. Expand the adaptation range of thyristors, and also facilitate the selection of the whole machine factory.&lt;/p&gt;
&lt;/li&gt;
&lt;li&gt;
&lt;p&gt;All relays can be programmed for flexible response to user requirements.&lt;/p&gt;
&lt;/li&gt;
&lt;li&gt;
&lt;p&gt;Set the starting and stopping methods of panel buttons and terminal blocks (jogging, soft starting, soft stop combinations) respectively, which can cope with some special requirements.&lt;/p&gt;
&lt;/li&gt;
&lt;li&gt;
&lt;p&gt;A true two-wire approach. Two-wire control, start-stop mode wiring is extremely simple. In general, this start-stop method is especially suitable for float water supply applications.&lt;/p&gt;
&lt;/li&gt;
&lt;li&gt;
&lt;p&gt;Two starting methods: voltage start, current limit start.Voltage starting mode, similar to autocoupling starting or star-delta starting. However, it is especially suitable for occasions where the on-site power supply is relatively &amp;ldquo;soft&amp;rdquo;: the starting voltage output to the motor at starting is not affected by the input voltage, but only depends on the set starting voltage (except for the power supply voltage &amp;lt; the starting voltage). It can reduce the unnecessary &amp;ldquo;slope climbing&amp;rdquo; time, reduce the high current heating time when the motor is started, and facilitate the rapid completion of the starting process;The current-limiting starting method is suitable for occasions where the starting current is relatively small on site. The average current of the three phases during the whole process of starting does not exceed the set value.&lt;/p&gt;
&lt;/li&gt;
&lt;li&gt;
&lt;p&gt;Triac current limiting function. During the entire starting, running and soft-stop process, the current is monitored at any time not exceeding the nominal current of the thyristor. Minimize thyristor damage due to overcurrent.&lt;/p&gt;
&lt;/li&gt;
&lt;li&gt;
&lt;p&gt;Accurate fault location. For example, when phase loss can occur, in addition to locating the phase of phase loss, it is also located to locate whether it is input phase loss or output phase loss. It is convenient for users to find the source of the fault on site.&lt;/p&gt;
&lt;/li&gt;
&lt;li&gt;
&lt;p&gt;Has a record of downtime information. The record contains information such as input voltage, output voltage, current of each phase, shutdown source, and fault cause at the shutdown time. With such records, a standardized description of communication can be established between users and service providers. Avoid waste caused by poor information communication. When encountering difficult and complicated diseases such as on-site starting difficulties and inexplicable shutdown, calling the information of this specification is conducive to rapid communication and understanding of the on-site situation, which greatly facilitates the solution of faults and remote analysis and diagnosis. So that targeted measures can be taken to solve problems quickly.&lt;/p&gt;
&lt;/li&gt;
&lt;li&gt;
&lt;p&gt;In order to quickly and easily identify common faults on site, a &amp;ldquo;toolbox&amp;rdquo; is specially designed. There are port tests, power supply tests, and thyristor short-circuit tests in the toolbox. Convenient diagnosis of on-site conditions.&lt;/p&gt;
&lt;/li&gt;
&lt;li&gt;
&lt;p&gt;It has complete protection functions. And all protection functions can be turned off to meet the urgent needs of the site.&lt;/p&gt;
&lt;/li&gt;
&lt;li&gt;
&lt;p&gt;The parameter setting menu is designed to be simple and easy to understand. Each related parameter is grouped and classified, and the relevant parameters are attached to the main parameter, which is convenient for the relevant parameters to be set at one time and can avoid missing the setting of the associated parameters.&lt;/p&gt;
&lt;/li&gt;
&lt;/ol&gt;
&lt;blockquote&gt;
&lt;p&gt;&lt;strong&gt;We welcome global agents, distributors, retailers, and other partners to join us and work together to develop mutually beneficial business relationships. Our products have already been well received by customers in many countries and regions, and we look forward to expanding our reach even further.&lt;/strong&gt;&lt;/p&gt;
&lt;/blockquote&gt;
&lt;p&gt;&lt;a href=&#34;https://www.lyskjd.com/contact/&#34; &gt;contact us&lt;/a&gt;: &lt;a href=&#34;mailto:sales@senkuogroup.com&#34; &gt;sales@senkuogroup.com&lt;/a&gt;&lt;/p&gt;

      </description>
    </item>
    
    <item>
      <title>External Bypass Soft Starter</title>
      <link>https://www.lyskjd.com/en/products/motor-driven/external-bypass-soft-starter/</link>
      <pubDate>Mon, 01 Jan 0001 00:00:00 +0000</pubDate>
      
      <guid>https://www.lyskjd.com/en/products/motor-driven/external-bypass-soft-starter/</guid>
      <description>
        
        
        &lt;h3&gt;Product Overview&lt;span class=&#34;absolute -mt-20&#34; id=&#34;product-overview&#34;&gt;&lt;/span&gt;
    &lt;a href=&#34;#product-overview&#34; class=&#34;subheading-anchor&#34; aria-label=&#34;Permalink for this section&#34;&gt;&lt;/a&gt;&lt;/h3&gt;&lt;p&gt;&lt;img src=&#34;https://www.lyskjd.com/images/External-Bypass-Soft-Starter/1.jpg&#34; alt=&#34;External Bypass Soft-Starter&#34; loading=&#34;lazy&#34; /&gt;
This series of soft starters is an external bypass type, with a structure design of six inputs and three outputs. It is small and exquisite, and has a complete motor comprehensive protection function. The complete set of cabinets does not need an external protector, but it must be used with an external AC contactor. , After the soft starter is started, the AC contactor runs at full pressure, the product is more stable and reliable, and has a long service life.This product is widely used in the starting control of transmission equipment, fans, pumps, crushers and other loads, and the product complies with GB14048.6-2016&lt;/p&gt;
&lt;h3&gt;Performance characteristics：&lt;span class=&#34;absolute -mt-20&#34; id=&#34;performance-characteristics&#34;&gt;&lt;/span&gt;
    &lt;a href=&#34;#performance-characteristics&#34; class=&#34;subheading-anchor&#34; aria-label=&#34;Permalink for this section&#34;&gt;&lt;/a&gt;&lt;/h3&gt;&lt;p&gt;&lt;img src=&#34;https://www.lyskjd.com/images/External-Bypass-Soft-Starter/2.jpg&#34; alt=&#34;External Bypass Soft-Starter&#34; loading=&#34;lazy&#34; /&gt;
&lt;img src=&#34;https://www.lyskjd.com/images/External-Bypass-Soft-Starter/3.jpg&#34; alt=&#34;External Bypass Soft-Starter&#34; loading=&#34;lazy&#34; /&gt;&lt;/p&gt;
&lt;blockquote&gt;
&lt;p&gt;The soft starter design concept adheres to the principle of reliability, ease of use, practicality and low overall cost. The comprehensive cost mentioned here includes: manufacturing cost, on-site commissioning cost, fault diagnosis cost, after-sales service cost, etc. The specific features are listed below&lt;/p&gt;
&lt;/blockquote&gt;
&lt;ol&gt;
&lt;li&gt;
&lt;p&gt;The screen displays a large amount of information, which is convenient for remote diagnosis and analysis, and reduces the cost of fault resolution caused by miscalculation, including round-trip travel expenses&lt;/p&gt;
&lt;/li&gt;
&lt;li&gt;
&lt;p&gt;Externally adapted N/5 current transformers, compared to N/1 or N/0.1 transformers, market versatility, convenient after-sales maintenance.&lt;/p&gt;
&lt;/li&gt;
&lt;li&gt;
&lt;p&gt;The thyristor driver circuit adopts pulse transformer to reduce the damage of the circuit board caused by poor conduction of thyristors.&lt;/p&gt;
&lt;/li&gt;
&lt;li&gt;
&lt;p&gt;There is no need to calibrate the current in the field. The V3 soft starter abandons the previous method of adapting the current sampling resistance to different power starter cabinets. The biggest disadvantage of the original method is that when matching different power cabinets, the current sensing resistance needs to be changed, and it often needs to be calibrated in the field. The V3 soft starter can be matched to the respective power cabinet only by means of a transformer ratio setting. Because of its versatility, it is greatly convenient for the whole machine factory stocking and on-site after-sales service personnel.&lt;/p&gt;
&lt;/li&gt;
&lt;li&gt;
&lt;p&gt;The trigger circuit is powerful and can be used with thyristors with trigger currents up to 100mA. Expand the adaptation range of thyristors, and also facilitate the selection of the whole machine factory.&lt;/p&gt;
&lt;/li&gt;
&lt;li&gt;
&lt;p&gt;All relays can be programmed for flexible response to user requirements.&lt;/p&gt;
&lt;/li&gt;
&lt;li&gt;
&lt;p&gt;Set the starting and stopping methods of panel buttons and terminal blocks (jogging, soft starting, soft stop combinations) respectively, which can cope with some special requirements.&lt;/p&gt;
&lt;/li&gt;
&lt;li&gt;
&lt;p&gt;A true two-wire approach. Two-wire control, start-stop mode wiring is extremely simple. In general, this start-stop method is especially suitable for float water supply applications.&lt;/p&gt;
&lt;/li&gt;
&lt;li&gt;
&lt;p&gt;Two starting methods: voltage start, current limit start.Voltage starting mode, similar to autocoupling starting or star-delta starting. However, it is especially suitable for occasions where the on-site power supply is relatively &amp;ldquo;soft&amp;rdquo;: the starting voltage output to the motor at starting is not affected by the input voltage, but only depends on the set starting voltage (except for the power supply voltage &amp;lt; the starting voltage). It can reduce the unnecessary &amp;ldquo;slope climbing&amp;rdquo; time, reduce the high current heating time when the motor is started, and facilitate the rapid completion of the starting process;The current-limiting starting method is suitable for occasions where the starting current is relatively small on site. The average current of the three phases during the whole process of starting does not exceed the set value.&lt;/p&gt;
&lt;/li&gt;
&lt;li&gt;
&lt;p&gt;Triac current limiting function. During the entire starting, running and soft-stop process, the current is monitored at any time not exceeding the nominal current of the thyristor. Minimize thyristor damage due to overcurrent.&lt;/p&gt;
&lt;/li&gt;
&lt;li&gt;
&lt;p&gt;Accurate fault location. For example, when phase loss can occur, in addition to locating the phase of phase loss, it is also located to locate whether it is input phase loss or output phase loss. It is convenient for users to find the source of the fault on site.&lt;/p&gt;
&lt;/li&gt;
&lt;li&gt;
&lt;p&gt;Has a record of downtime information. The record contains information such as input voltage, output voltage, current of each phase, shutdown source, and fault cause at the shutdown time. With such records, a standardized description of communication can be established between users and service providers. Avoid waste caused by poor information communication. When encountering difficult and complicated diseases such as on-site starting difficulties and inexplicable shutdown, calling the information of this specification is conducive to rapid communication and understanding of the on-site situation, which greatly facilitates the solution of faults and remote analysis and diagnosis. So that targeted measures can be taken to solve problems quickly.&lt;/p&gt;
&lt;/li&gt;
&lt;li&gt;
&lt;p&gt;In order to quickly and easily identify common faults on site, a &amp;ldquo;toolbox&amp;rdquo; is specially designed. There are port tests, power supply tests, and thyristor short-circuit tests in the toolbox. Convenient diagnosis of on-site conditions.&lt;/p&gt;
&lt;/li&gt;
&lt;li&gt;
&lt;p&gt;It has complete protection functions. And all protection functions can be turned off to meet the urgent needs of the site.&lt;/p&gt;
&lt;/li&gt;
&lt;li&gt;
&lt;p&gt;The parameter setting menu is designed to be simple and easy to understand. Each related parameter is grouped and classified, and the relevant parameters are attached to the main parameter, which is convenient for the relevant parameters to be set at one time and can avoid missing the setting of the associated parameters.&lt;/p&gt;
&lt;/li&gt;
&lt;/ol&gt;
&lt;blockquote&gt;
&lt;p&gt;&lt;strong&gt;We welcome global agents, distributors, retailers, and other partners to join us and work together to develop mutually beneficial business relationships. Our products have already been well received by customers in many countries and regions, and we look forward to expanding our reach even further.&lt;/strong&gt;&lt;/p&gt;
&lt;/blockquote&gt;
&lt;p&gt;&lt;a href=&#34;https://www.lyskjd.com/contact/&#34; &gt;contact us&lt;/a&gt;: &lt;a href=&#34;mailto:sales@senkuogroup.com&#34; &gt;sales@senkuogroup.com&lt;/a&gt;&lt;/p&gt;

      </description>
    </item>
    
    <item>
      <title>On line soft starter</title>
      <link>https://www.lyskjd.com/en/products/motor-driven/soft-starter/</link>
      <pubDate>Mon, 01 Jan 0001 00:00:00 +0000</pubDate>
      
      <guid>https://www.lyskjd.com/en/products/motor-driven/soft-starter/</guid>
      <description>
        
        
        &lt;h3&gt;Product Overview&lt;span class=&#34;absolute -mt-20&#34; id=&#34;product-overview&#34;&gt;&lt;/span&gt;
    &lt;a href=&#34;#product-overview&#34; class=&#34;subheading-anchor&#34; aria-label=&#34;Permalink for this section&#34;&gt;&lt;/a&gt;&lt;/h3&gt;&lt;p&gt;&lt;img src=&#34;https://www.lyskjd.com/images/On-line-soft-starter/3.jpg&#34; alt=&#34;On-line soft starter&#34; loading=&#34;lazy&#34; /&gt;
This series of soft starters adopts three-in, three-out thyristor full-time online structure, and does not need external AC contactors to form a set cabinet; High-power air-cooled radiator and high-speed axial fan are used inside to ensure long-term reliable operation of soft start; When using, be sure to consider the exhaust air in the cabinet to dissipate heat! This product is widely used in the starting control of transmission equipment, fans, pumps, crushers and other loads, and the product complies with GB14048.6-2016
&lt;img src=&#34;https://www.lyskjd.com/images/On-line-soft-starter/1.jpg&#34; alt=&#34;On-line soft starter&#34; loading=&#34;lazy&#34; /&gt;
&lt;img src=&#34;https://www.lyskjd.com/images/On-line-soft-starter/2.jpg&#34; alt=&#34;On-line soft starter&#34; loading=&#34;lazy&#34; /&gt;&lt;/p&gt;
&lt;h3&gt;Performance characteristics：&lt;span class=&#34;absolute -mt-20&#34; id=&#34;performance-characteristics&#34;&gt;&lt;/span&gt;
    &lt;a href=&#34;#performance-characteristics&#34; class=&#34;subheading-anchor&#34; aria-label=&#34;Permalink for this section&#34;&gt;&lt;/a&gt;&lt;/h3&gt;&lt;blockquote&gt;
&lt;p&gt;The soft starter design concept adheres to the principle of reliability, ease of use, practicality and low overall cost. The comprehensive cost mentioned here includes: manufacturing cost, on-site commissioning cost, fault diagnosis cost, after-sales service cost, etc. The specific features are listed below&lt;/p&gt;
&lt;/blockquote&gt;
&lt;ol&gt;
&lt;li&gt;
&lt;p&gt;The screen displays a large amount of information, which is convenient for remote diagnosis and analysis, and reduces the cost of fault resolution caused by miscalculation, including round-trip travel expenses&lt;/p&gt;
&lt;/li&gt;
&lt;li&gt;
&lt;p&gt;Externally adapted N/5 current transformers, compared to N/1 or N/0.1 transformers, market versatility, convenient after-sales maintenance.&lt;/p&gt;
&lt;/li&gt;
&lt;li&gt;
&lt;p&gt;The thyristor driver circuit adopts pulse transformer to reduce the damage of the circuit board caused by poor conduction of thyristors.&lt;/p&gt;
&lt;/li&gt;
&lt;li&gt;
&lt;p&gt;There is no need to calibrate the current in the field. The V3 soft starter abandons the previous method of adapting the current sampling resistance to different power starter cabinets. The biggest disadvantage of the original method is that when matching different power cabinets, the current sensing resistance needs to be changed, and it often needs to be calibrated in the field. The V3 soft starter can be matched to the respective power cabinet only by means of a transformer ratio setting. Because of its versatility, it is greatly convenient for the whole machine factory stocking and on-site after-sales service personnel.&lt;/p&gt;
&lt;/li&gt;
&lt;li&gt;
&lt;p&gt;The trigger circuit is powerful and can be used with thyristors with trigger currents up to 100mA. Expand the adaptation range of thyristors, and also facilitate the selection of the whole machine factory.&lt;/p&gt;
&lt;/li&gt;
&lt;li&gt;
&lt;p&gt;All relays can be programmed for flexible response to user requirements.&lt;/p&gt;
&lt;/li&gt;
&lt;li&gt;
&lt;p&gt;Set the starting and stopping methods of panel buttons and terminal blocks (jogging, soft starting, soft stop combinations) respectively, which can cope with some special requirements.&lt;/p&gt;
&lt;/li&gt;
&lt;li&gt;
&lt;p&gt;A true two-wire approach. Two-wire control, start-stop mode wiring is extremely simple. In general, this start-stop method is especially suitable for float water supply applications.&lt;/p&gt;
&lt;/li&gt;
&lt;li&gt;
&lt;p&gt;Two starting methods: voltage start, current limit start.Voltage starting mode, similar to autocoupling starting or star-delta starting. However, it is especially suitable for occasions where the on-site power supply is relatively &amp;ldquo;soft&amp;rdquo;: the starting voltage output to the motor at starting is not affected by the input voltage, but only depends on the set starting voltage (except for the power supply voltage &amp;lt; the starting voltage). It can reduce the unnecessary &amp;ldquo;slope climbing&amp;rdquo; time, reduce the high current heating time when the motor is started, and facilitate the rapid completion of the starting process;The current-limiting starting method is suitable for occasions where the starting current is relatively small on site. The average current of the three phases during the whole process of starting does not exceed the set value.&lt;/p&gt;
&lt;/li&gt;
&lt;li&gt;
&lt;p&gt;Triac current limiting function. During the entire starting, running and soft-stop process, the current is monitored at any time not exceeding the nominal current of the thyristor. Minimize thyristor damage due to overcurrent.&lt;/p&gt;
&lt;/li&gt;
&lt;li&gt;
&lt;p&gt;Accurate fault location. For example, when phase loss can occur, in addition to locating the phase of phase loss, it is also located to locate whether it is input phase loss or output phase loss. It is convenient for users to find the source of the fault on site.&lt;/p&gt;
&lt;/li&gt;
&lt;li&gt;
&lt;p&gt;Has a record of downtime information. The record contains information such as input voltage, output voltage, current of each phase, shutdown source, and fault cause at the shutdown time. With such records, a standardized description of communication can be established between users and service providers. Avoid waste caused by poor information communication. When encountering difficult and complicated diseases such as on-site starting difficulties and inexplicable shutdown, calling the information of this specification is conducive to rapid communication and understanding of the on-site situation, which greatly facilitates the solution of faults and remote analysis and diagnosis. So that targeted measures can be taken to solve problems quickly.&lt;/p&gt;
&lt;/li&gt;
&lt;li&gt;
&lt;p&gt;In order to quickly and easily identify common faults on site, a &amp;ldquo;toolbox&amp;rdquo; is specially designed. There are port tests, power supply tests, and thyristor short-circuit tests in the toolbox. Convenient diagnosis of on-site conditions.&lt;/p&gt;
&lt;/li&gt;
&lt;li&gt;
&lt;p&gt;It has complete protection functions. And all protection functions can be turned off to meet the urgent needs of the site.&lt;/p&gt;
&lt;/li&gt;
&lt;li&gt;
&lt;p&gt;The parameter setting menu is designed to be simple and easy to understand. Each related parameter is grouped and classified, and the relevant parameters are attached to the main parameter, which is convenient for the relevant parameters to be set at one time and can avoid missing the setting of the associated parameters.&lt;/p&gt;
&lt;/li&gt;
&lt;/ol&gt;
&lt;blockquote&gt;
&lt;p&gt;&lt;strong&gt;We welcome global agents, distributors, retailers, and other partners to join us and work together to develop mutually beneficial business relationships. Our products have already been well received by customers in many countries and regions, and we look forward to expanding our reach even further.&lt;/strong&gt;&lt;/p&gt;
&lt;/blockquote&gt;
&lt;p&gt;&lt;a href=&#34;https://www.lyskjd.com/contact/&#34; &gt;contact us&lt;/a&gt;: &lt;a href=&#34;mailto:sales@senkuogroup.com&#34; &gt;sales@senkuogroup.com&lt;/a&gt;&lt;/p&gt;

      </description>
    </item>
    
    <item>
      <title>Online Soft Start Control Cabinet</title>
      <link>https://www.lyskjd.com/en/products/motor-driven/on-line-soft-start-control-cabinet/</link>
      <pubDate>Mon, 01 Jan 0001 00:00:00 +0000</pubDate>
      
      <guid>https://www.lyskjd.com/en/products/motor-driven/on-line-soft-start-control-cabinet/</guid>
      <description>
        
        
        &lt;h3&gt;Product Overview&lt;span class=&#34;absolute -mt-20&#34; id=&#34;product-overview&#34;&gt;&lt;/span&gt;
    &lt;a href=&#34;#product-overview&#34; class=&#34;subheading-anchor&#34; aria-label=&#34;Permalink for this section&#34;&gt;&lt;/a&gt;&lt;/h3&gt;&lt;p&gt;&lt;img src=&#34;https://www.lyskjd.com/images/On-line-Soft-Start-Control-Cabinet/2.jpg&#34; alt=&#34;On-line Soft Start Control Cabinet&#34; loading=&#34;lazy&#34; /&gt;
The online soft starter cabinet uses three-phase parallel thyristors as voltage regulators, which are connected between the power supply and the motor stator. Such a circuit is a three-phase fully controlled bridge rectifier circuit. When using a soft starter to start the motor, the output voltage of the thyristor gradually increases, and the motor gradually accelerates until the thyristor is fully turned on, and the motor works on the mechanical characteristics of the rated voltage to achieve smooth start, reduce the starting current, and avoid starting overcurrent tripping. The online soft starter cabinet also provides a soft stop function. The soft stop is the opposite of the soft start process. The voltage gradually decreases and the speed drops to zero to avoid torque impact caused by free stop.
&lt;img src=&#34;https://www.lyskjd.com/images/On-line-Soft-Start-Control-Cabinet/3.jpg&#34; alt=&#34;On-line Soft Start Control Cabinet&#34; loading=&#34;lazy&#34; /&gt;
&lt;img src=&#34;https://www.lyskjd.com/images/On-line-Soft-Start-Control-Cabinet/5.jpg&#34; alt=&#34;On-line Soft Start Control Cabinet&#34; loading=&#34;lazy&#34; /&gt;
&lt;img src=&#34;https://www.lyskjd.com/images/On-line-Soft-Start-Control-Cabinet/6.jpg&#34; alt=&#34;On-line Soft Start Control Cabinet&#34; loading=&#34;lazy&#34; /&gt;&lt;/p&gt;
&lt;h3&gt;Performance characteristics：&lt;span class=&#34;absolute -mt-20&#34; id=&#34;performance-characteristics&#34;&gt;&lt;/span&gt;
    &lt;a href=&#34;#performance-characteristics&#34; class=&#34;subheading-anchor&#34; aria-label=&#34;Permalink for this section&#34;&gt;&lt;/a&gt;&lt;/h3&gt;&lt;ol&gt;
&lt;li&gt;
&lt;p&gt;Three inputs and three outputs, no bypass AC contactor is required, the product price is cheaper and the maintenance cost is lower&lt;/p&gt;
&lt;/li&gt;
&lt;li&gt;
&lt;p&gt;It can adapt to reliable operation in harsh environments such as smoke, dust, dust, sand, etc.&lt;/p&gt;
&lt;/li&gt;
&lt;li&gt;
&lt;p&gt;Complete protection functions, reliable performance, long service life and high economic benefits&lt;/p&gt;
&lt;/li&gt;
&lt;li&gt;
&lt;p&gt;Widely used in the start-up process of transmission equipment, fans, pumps, compressors, crushers and other loads&lt;/p&gt;
&lt;/li&gt;
&lt;li&gt;
&lt;p&gt;This product complies with GB14048.6-2008 and other standards&lt;/p&gt;
&lt;/li&gt;
&lt;li&gt;
&lt;p&gt;Wide working voltage range, simple and convenient wiring&lt;/p&gt;
&lt;/li&gt;
&lt;/ol&gt;
&lt;p&gt;&lt;img src=&#34;https://www.lyskjd.com/images/On-line-Soft-Start-Control-Cabinet/7.jpg&#34; alt=&#34;On-line Soft Start Control Cabinet&#34; loading=&#34;lazy&#34; /&gt;&lt;/p&gt;
&lt;h3&gt;The main technical parameters:&lt;span class=&#34;absolute -mt-20&#34; id=&#34;the-main-technical-parameters&#34;&gt;&lt;/span&gt;
    &lt;a href=&#34;#the-main-technical-parameters&#34; class=&#34;subheading-anchor&#34; aria-label=&#34;Permalink for this section&#34;&gt;&lt;/a&gt;&lt;/h3&gt;&lt;ol&gt;
&lt;li&gt;
&lt;p&gt;Rated voltage: AC380V&lt;/p&gt;
&lt;/li&gt;
&lt;li&gt;
&lt;p&gt;Frequency: 50/60HZ&lt;/p&gt;
&lt;/li&gt;
&lt;li&gt;
&lt;p&gt;Applicable motor: squirrel-cage three-phase asynchronous motor&lt;/p&gt;
&lt;/li&gt;
&lt;li&gt;
&lt;p&gt;Starting frequency: when the motor starts with full load, no more than 4 times/hour, when no load or light load, it is recommended not to exceed 10 times/hour&lt;/p&gt;
&lt;/li&gt;
&lt;li&gt;
&lt;p&gt;Protection class: IP20&lt;/p&gt;
&lt;/li&gt;
&lt;li&gt;
&lt;p&gt;Cooling method: natural air cooling&lt;/p&gt;
&lt;/li&gt;
&lt;li&gt;
&lt;p&gt;Storage temperature: -25~70℃&lt;/p&gt;
&lt;/li&gt;
&lt;/ol&gt;
&lt;blockquote&gt;
&lt;p&gt;&lt;strong&gt;We welcome global agents, distributors, retailers, and other partners to join us and work together to develop mutually beneficial business relationships. Our products have already been well received by customers in many countries and regions, and we look forward to expanding our reach even further.&lt;/strong&gt;&lt;/p&gt;
&lt;/blockquote&gt;
&lt;p&gt;&lt;a href=&#34;https://www.lyskjd.com/contact/&#34; &gt;contact us&lt;/a&gt;: &lt;a href=&#34;mailto:sales@senkuogroup.com&#34; &gt;sales@senkuogroup.com&lt;/a&gt;&lt;/p&gt;

      </description>
    </item>
    
    <item>
      <title>Three phase vector inverter</title>
      <link>https://www.lyskjd.com/en/products/motor-driven/vfd/</link>
      <pubDate>Mon, 01 Jan 0001 00:00:00 +0000</pubDate>
      
      <guid>https://www.lyskjd.com/en/products/motor-driven/vfd/</guid>
      <description>
        
        
        &lt;h3&gt;Product Overview&lt;span class=&#34;absolute -mt-20&#34; id=&#34;product-overview&#34;&gt;&lt;/span&gt;
    &lt;a href=&#34;#product-overview&#34; class=&#34;subheading-anchor&#34; aria-label=&#34;Permalink for this section&#34;&gt;&lt;/a&gt;&lt;/h3&gt;&lt;p&gt;&lt;img src=&#34;https://www.lyskjd.com/images/Vector-inverter/5.jpg&#34; alt=&#34;Three-phase inverter&#34; loading=&#34;lazy&#34; /&gt;
The vector frequency converter is a power control device that uses frequency conversion technology and microelectronics technology to control the AC motor by changing the frequency of the motor&amp;rsquo;s operating power supply. The frequency converter is mainly composed of rectification, filtering, inverter, braking unit, drive unit, detection unit, micro processing unit etc. The frequency converter adjusts the voltage and frequency of the output power supply by switching off the internal GBT, and provides the required power supply voltage according to the actual needs of the motor, thereby achieving the purpose of energy saving and adjustment. In addition, the frequency converter also has many protection functions, such as overcurrent, overvoltage, overload protection and so on. With the continuous improvement of industrial automation procedures, frequency converters have also been widely used.
&lt;img src=&#34;https://www.lyskjd.com/images/Vector-inverter/1.jpg&#34; alt=&#34;Three-phase inverter&#34; loading=&#34;lazy&#34; /&gt;&lt;/p&gt;
&lt;h3&gt;Performance characteristics：&lt;span class=&#34;absolute -mt-20&#34; id=&#34;performance-characteristics&#34;&gt;&lt;/span&gt;
    &lt;a href=&#34;#performance-characteristics&#34; class=&#34;subheading-anchor&#34; aria-label=&#34;Permalink for this section&#34;&gt;&lt;/a&gt;&lt;/h3&gt;&lt;blockquote&gt;
&lt;p&gt;Frequency conversion speed regulation has been recognized as one of the most ideal and promising speed regulation methods. The main purpose of using a general-purpose frequency converter to form a frequency conversion speed regulation transmission system is to meet the needs of improving labor productivity, improving product quality, and improving equipment. The degree of automation, improve the quality of life and improve the living environment and other requirements; the second is to save energy and reduce production costs. The specific features are listed below&lt;/p&gt;
&lt;/blockquote&gt;
&lt;p&gt;&lt;img src=&#34;https://www.lyskjd.com/images/Vector-inverter/4.jpg&#34; alt=&#34;Three-phase inverter&#34; loading=&#34;lazy&#34; /&gt;&lt;/p&gt;
&lt;ol&gt;
&lt;li&gt;
&lt;p&gt;New European style design, dual display + book structure&lt;/p&gt;
&lt;/li&gt;
&lt;li&gt;
&lt;p&gt;Exquisite appearance, compact size, excellent air duct design to ensure reliable heat dissipation&lt;/p&gt;
&lt;/li&gt;
&lt;li&gt;
&lt;p&gt;The whole series of modular machines, vector heavy-duty type&lt;/p&gt;
&lt;/li&gt;
&lt;li&gt;
&lt;p&gt;Built-in standard 485 communication&lt;/p&gt;
&lt;/li&gt;
&lt;li&gt;
&lt;p&gt;Built-in standard 2-way AI input 0-10V or 4-20mA&lt;/p&gt;
&lt;/li&gt;
&lt;li&gt;
&lt;p&gt;Built-in standard 2-way AO output 0-10V or 4-20mA&lt;/p&gt;
&lt;/li&gt;
&lt;li&gt;
&lt;p&gt;Built-in standard 2-way programmable relay output&lt;/p&gt;
&lt;/li&gt;
&lt;li&gt;
&lt;p&gt;Built-in standard 2-way open collector output&lt;/p&gt;
&lt;/li&gt;
&lt;li&gt;
&lt;p&gt;There are 5-7 built-in multi-function terminals, which can realize up to 16 speeds and 65 multi-function applications&lt;/p&gt;
&lt;/li&gt;
&lt;li&gt;
&lt;p&gt;Built-in multiple application macros (constant pressure water supply, fire inspection, CNC machine tool, spindle engraving, etc.), which can realize constant pressure water supply for one drag five, without adding a water supply controller&lt;/p&gt;
&lt;/li&gt;
&lt;li&gt;
&lt;p&gt;The shell cloud function can be customized, supporting parameter setting and start-stop control of mobile phones and computers&lt;/p&gt;
&lt;/li&gt;
&lt;/ol&gt;
&lt;h3&gt;The main technical parameters：&lt;span class=&#34;absolute -mt-20&#34; id=&#34;the-main-technical-parameters&#34;&gt;&lt;/span&gt;
    &lt;a href=&#34;#the-main-technical-parameters&#34; class=&#34;subheading-anchor&#34; aria-label=&#34;Permalink for this section&#34;&gt;&lt;/a&gt;&lt;/h3&gt;&lt;ol&gt;
&lt;li&gt;
&lt;p&gt;Rated voltage: 3-phase 380V&lt;/p&gt;
&lt;/li&gt;
&lt;li&gt;
&lt;p&gt;Maximum frequency: 0.00-3200.00Hz&lt;/p&gt;
&lt;/li&gt;
&lt;li&gt;
&lt;p&gt;Carrier frequency: 0.5-16KHZ, the carrier frequency can be adjusted automatically according to the load characteristics&lt;/p&gt;
&lt;/li&gt;
&lt;li&gt;
&lt;p&gt;Input frequency resolution: digital setting: 0.01HZ, analog setting: maximum frequency * 0.025%&lt;/p&gt;
&lt;/li&gt;
&lt;li&gt;
&lt;p&gt;Control mode: open-loop vector control (SVC), closed-loop vector control (FVC), V/F control&lt;/p&gt;
&lt;/li&gt;
&lt;li&gt;
&lt;p&gt;Command source: given by the operation panel, given by the control terminal, given by the serial communication port, can be switched in various ways&lt;/p&gt;
&lt;/li&gt;
&lt;li&gt;
&lt;p&gt;Frequency source: 10 kinds of frequency sources: digital, analog voltage, analog current, pulse, serial port, panel potentiometer, etc.&lt;/p&gt;
&lt;/li&gt;
&lt;li&gt;
&lt;p&gt;Auxiliary frequency source: 10 kinds of auxiliary frequency sources, which can flexibly realize auxiliary frequency fine-tuning and frequency synthesis&lt;/p&gt;
&lt;/li&gt;
&lt;li&gt;
&lt;p&gt;Protection functions: power-on motor short circuit detection, input and output phase loss protection, overcurrent, overvoltage protection, undervoltage protection, overheating, overload protection, etc.&lt;/p&gt;
&lt;/li&gt;
&lt;/ol&gt;
&lt;blockquote&gt;
&lt;p&gt;&lt;strong&gt;We welcome global agents, distributors, retailers, and other partners to join us and work together to develop mutually beneficial business relationships. Our products have already been well received by customers in many countries and regions, and we look forward to expanding our reach even further.&lt;/strong&gt;&lt;/p&gt;
&lt;/blockquote&gt;
&lt;p&gt;&lt;a href=&#34;https://www.lyskjd.com/contact/&#34; &gt;contact us&lt;/a&gt;: &lt;a href=&#34;mailto:sales@senkuogroup.com&#34; &gt;sales@senkuogroup.com&lt;/a&gt;&lt;/p&gt;

      </description>
    </item>
    
  </channel>
</rss>
