<rss version="2.0" xmlns:atom="http://www.w3.org/2005/Atom">
  <channel>
    <title>Linyi Senkuo Electromechanical Co., Ltd. – box-type substation</title>
    <link>https://www.lyskjd.com/en/products/substation/</link>
    <description>Recent content in box-type substation on Linyi Senkuo Electromechanical Co., Ltd.</description>
    <generator>Hugo -- gohugo.io</generator>
    <language>en</language>
    
	  <atom:link href="https://www.lyskjd.com/en/products/substation/index.xml" rel="self" type="application/rss+xml" />
    
    
      
        
      
    
    
    <item>
      <title>YB27-12/0.4 High/Low Voltage Prefabricated Substation (American Style)</title>
      <link>https://www.lyskjd.com/en/products/substation/yb27-prefabricated-substation/</link>
      <pubDate>Mon, 01 Jan 0001 00:00:00 +0000</pubDate>
      
      <guid>https://www.lyskjd.com/en/products/substation/yb27-prefabricated-substation/</guid>
      <description>
        
        
        &lt;h2&gt;Product Photos&lt;span class=&#34;absolute -mt-20&#34; id=&#34;product-photos&#34;&gt;&lt;/span&gt;
    &lt;a href=&#34;#product-photos&#34; class=&#34;subheading-anchor&#34; aria-label=&#34;Permalink for this section&#34;&gt;&lt;/a&gt;&lt;/h2&gt;&lt;hr&gt;
&lt;p&gt;&lt;figure&gt;
    &lt;img src=&#34;https://www.lyskjd.com/images/ZGS/1.jpg&#34; title=&#34;YB27-12/0.4 High/Low Voltage Prefabricated Substation (American Style)&#34; alt=&#34;YB27-12/0.4 High/Low Voltage Prefabricated Substation (American Style)&#34; loading=&#34;lazy&#34; /&gt;
    &lt;figcaption&gt;YB27-12/0.4 High/Low Voltage Prefabricated Substation (American Style)&lt;/figcaption&gt;
  &lt;/figure&gt;&lt;/p&gt;
&lt;p&gt;&lt;figure&gt;
    &lt;img src=&#34;https://www.lyskjd.com/images/ZGS/2.jpg&#34; title=&#34;YB27-12/0.4 High/Low Voltage Prefabricated Substation (American Style)&#34; alt=&#34;YB27-12/0.4 High/Low Voltage Prefabricated Substation (American Style)&#34; loading=&#34;lazy&#34; /&gt;
    &lt;figcaption&gt;YB27-12/0.4 High/Low Voltage Prefabricated Substation (American Style)&lt;/figcaption&gt;
  &lt;/figure&gt;&lt;/p&gt;
&lt;p&gt;&lt;figure&gt;
    &lt;img src=&#34;https://www.lyskjd.com/images/ZGS/3.jpg&#34; title=&#34;YB27-12/0.4 High/Low Voltage Prefabricated Substation (American Style)&#34; alt=&#34;YB27-12/0.4 High/Low Voltage Prefabricated Substation (American Style)&#34; loading=&#34;lazy&#34; /&gt;
    &lt;figcaption&gt;YB27-12/0.4 High/Low Voltage Prefabricated Substation (American Style)&lt;/figcaption&gt;
  &lt;/figure&gt;&lt;/p&gt;
&lt;p&gt;&lt;figure&gt;
    &lt;img src=&#34;https://www.lyskjd.com/images/ZGS/4.jpg&#34; title=&#34;YB27-12/0.4 High/Low Voltage Prefabricated Substation (American Style)&#34; alt=&#34;YB27-12/0.4 High/Low Voltage Prefabricated Substation (American Style)&#34; loading=&#34;lazy&#34; /&gt;
    &lt;figcaption&gt;YB27-12/0.4 High/Low Voltage Prefabricated Substation (American Style)&lt;/figcaption&gt;
  &lt;/figure&gt;&lt;/p&gt;
&lt;h2&gt;Product Overview&lt;span class=&#34;absolute -mt-20&#34; id=&#34;product-overview&#34;&gt;&lt;/span&gt;
    &lt;a href=&#34;#product-overview&#34; class=&#34;subheading-anchor&#34; aria-label=&#34;Permalink for this section&#34;&gt;&lt;/a&gt;&lt;/h2&gt;&lt;hr&gt;
&lt;p&gt;The YB27-12/0.4 model high/low voltage prefabricated substation (American style) is developed by absorbing foreign standard technology and combining actual domestic conditions. The entire unit is characterized by its small size, easy installation and maintenance, low noise, low loss, anti-theft, strong overload capacity, and full protection. It is suitable for use in newly built residential areas, green belts, parks, hotels near stations, construction sites, airports, and other locations. The YB27-12 series of American-style prefabricated substations are suitable for 10kV ring network power supply, dual power supply, or terminal power supply systems, serving as a substation, metering, compensation control, and protection device. This product complies with the following standards: GB/T17467-1998 &amp;ldquo;High Voltage Low Voltage Prefabricated Substation&amp;rdquo; and DL/T537-93 &amp;ldquo;Technical Conditions for the Ordering of 6-35kV Box Substations.&amp;rdquo;&lt;/p&gt;
&lt;p&gt;The product integrates the high-voltage load switch and high-voltage fuse into the transformer oil, featuring two structural forms: a common box for the transformer body or a separate box. The oil tank adopts a fully sealed structure, equipped with components such as an oil temperature gauge, oil level gauge, pressure gauge, pressure relief valve, and oil drain valve to monitor the operating conditions of the transformer. The product is available in ring network type, terminal type, and dual power supply types. To make the product more suitable for the actual requirements of China&amp;rsquo;s power grid, a pluggable fuse has been introduced, where the melting of the fuse does not affect the performance of the transformer. According to the complexity of the low-voltage feeder requirements, the ZGS11 series of products are divided into three types of cabinet forms: standard, reinforced, and comprehensive, allowing users and design units to be more flexible and economical in the selection.&lt;/p&gt;
&lt;h2&gt;Model Meaning&lt;span class=&#34;absolute -mt-20&#34; id=&#34;model-meaning&#34;&gt;&lt;/span&gt;
    &lt;a href=&#34;#model-meaning&#34; class=&#34;subheading-anchor&#34; aria-label=&#34;Permalink for this section&#34;&gt;&lt;/a&gt;&lt;/h2&gt;&lt;hr&gt;
&lt;p&gt;&lt;figure&gt;
    &lt;img src=&#34;https://www.lyskjd.com/images/ZGS/5.jpg&#34; title=&#34;YB27-12/0.4 High/Low Voltage Prefabricated Substation Model Meaning (American Style)&#34; alt=&#34;YB27-12/0.4 High/Low Voltage Prefabricated Substation Model Meaning (American Style)&#34; loading=&#34;lazy&#34; /&gt;
    &lt;figcaption&gt;YB27-12/0.4 High/Low Voltage Prefabricated Substation Model Meaning (American Style)&lt;/figcaption&gt;
  &lt;/figure&gt;&lt;/p&gt;
&lt;h2&gt;Normal Operating Environment&lt;span class=&#34;absolute -mt-20&#34; id=&#34;normal-operating-environment&#34;&gt;&lt;/span&gt;
    &lt;a href=&#34;#normal-operating-environment&#34; class=&#34;subheading-anchor&#34; aria-label=&#34;Permalink for this section&#34;&gt;&lt;/a&gt;&lt;/h2&gt;&lt;hr&gt;
&lt;p&gt;◆ Ambient Temperature: Upper limit temperature +40℃, lower limit temperature -30℃
◆ Altitude: ≤1000m
◆ Wind Speed: Equivalent to 34m/s (not more than 700Pa)
◆ Humidity: Daily average relative humidity ≤95%; Monthly average relative humidity ≤95%
◆ Shock: Horizontal acceleration not more than 0.4m/s, vertical acceleration not more than 0.15m/s
◆ Installation site slope: Not more than 3°
◆ Installation Environment: The surrounding air is not significantly polluted by corrosive, flammable gases, etc., and the installation site is free from severe vibrations
◆ When ordering this product beyond the above conditions, please consult with our company.&lt;/p&gt;
&lt;h2&gt;Structural Features&lt;span class=&#34;absolute -mt-20&#34; id=&#34;structural-features&#34;&gt;&lt;/span&gt;
    &lt;a href=&#34;#structural-features&#34; class=&#34;subheading-anchor&#34; aria-label=&#34;Permalink for this section&#34;&gt;&lt;/a&gt;&lt;/h2&gt;&lt;hr&gt;
&lt;ol&gt;
&lt;li&gt;Fully insulated, fully sealed, low maintenance, and reliable to ensure personal safety.&lt;/li&gt;
&lt;li&gt;Compact structure, with a volume only one-third to one-fifth of the same capacity European type, and low height.&lt;/li&gt;
&lt;li&gt;Can use a split-box structure to avoid contamination of the transformer oil inside the transformer tank.&lt;/li&gt;
&lt;li&gt;The high voltage side uses dual fuses for full-range protection, greatly reducing costs.&lt;/li&gt;
&lt;li&gt;It can be used both in a ring network and for terminals, and the cable head can be urgently inserted and removed under a 200A load current.&lt;/li&gt;
&lt;li&gt;The cabinet is made of honeycomb double-layer composite panels, which have the function of insulation and heat dissipation.&lt;/li&gt;
&lt;li&gt;The low voltage side is equipped with an electronic phase loss protector, which can quickly disconnect the main incoming switch when abnormal voltage appears in the system.&lt;/li&gt;
&lt;li&gt;The high voltage side uses oil-immersed load switches or SF6 load switches, which can be electrically upgraded, laying the foundation for the automation of power distribution networks.&lt;/li&gt;
&lt;li&gt;Oil-immersed S9 or S11 series transformers with better performance are used.&lt;/li&gt;
&lt;/ol&gt;
&lt;h3&gt;Split-Box Structural Features&lt;span class=&#34;absolute -mt-20&#34; id=&#34;split-box-structural-features&#34;&gt;&lt;/span&gt;
    &lt;a href=&#34;#split-box-structural-features&#34; class=&#34;subheading-anchor&#34; aria-label=&#34;Permalink for this section&#34;&gt;&lt;/a&gt;&lt;/h3&gt;&lt;p&gt;◆ The box transformer adopts a split-box structure:
The transformer body and high-voltage components such as the high-voltage load switch, insert-type fuse, and backup current-limiting fuse are placed in sealed oil tanks, with the two boxes horizontally arranged on the left and right, separated by a partition. The partition has insulated through-wall bushings for wiring between the transformer and the load switch, which can be conveniently replaced without affecting the use of the other box.
◆ The advantages of the left and right arrangement of the two boxes:
◆ The two boxes do not affect each other:
— It prevents the upper oil from flowing into the bottom oil tank due to leakage of the partition, causing a lack of oil in the upper oil tank (a lack of oil or no oil can lead to arcing when operating the load switch, which is dangerous for equipment and personnel);
— Another advantage is that maintenance is convenient. When the transformer room and the load switch room are repaired, the two boxes do not affect each other, which is fast and convenient (for example, if the transformer is arranged vertically, the upper oil tank must be completely dismantled before the transformer&amp;rsquo;s oil tank can be opened, making maintenance very inconvenient).
◆ The split-box structure solves the problem of transformer oil contamination caused by the operation of the load switch and the melting of the fuse.&lt;/p&gt;
&lt;p&gt;◆ American-style box transformer high-voltage protection fuse configuration overview table (three-phase)
&lt;figure&gt;
    &lt;img src=&#34;https://www.lyskjd.com/images/ZGS/6.jpg&#34; title=&#34;YB27-12/0.4 High/Low Voltage Prefabricated Substation Model Meaning (American Style)&#34; alt=&#34;YB27-12/0.4 High/Low Voltage Prefabricated Substation Model Meaning (American Style)&#34; loading=&#34;lazy&#34; /&gt;
    &lt;figcaption&gt;YB27-12/0.4 High/Low Voltage Prefabricated Substation Model Meaning (American Style)&lt;/figcaption&gt;
  &lt;/figure&gt;&lt;/p&gt;
&lt;h2&gt;Technical Parameters&lt;span class=&#34;absolute -mt-20&#34; id=&#34;technical-parameters&#34;&gt;&lt;/span&gt;
    &lt;a href=&#34;#technical-parameters&#34; class=&#34;subheading-anchor&#34; aria-label=&#34;Permalink for this section&#34;&gt;&lt;/a&gt;&lt;/h2&gt;&lt;p&gt;&lt;figure&gt;
    &lt;img src=&#34;https://www.lyskjd.com/images/ZGS/3.png&#34; title=&#34;YB27-12/0.4 High/Low Voltage Prefabricated Substation - Main Technical Parameters (American Style)&#34; alt=&#34;YB27-12/0.4 High/Low Voltage Prefabricated Substation (American Style)&#34; loading=&#34;lazy&#34; /&gt;
    &lt;figcaption&gt;YB27-12/0.4 High/Low Voltage Prefabricated Substation - Main Technical Parameters (American Style)&lt;/figcaption&gt;
  &lt;/figure&gt;&lt;/p&gt;
&lt;h3&gt;Transformer Technical Parameters&lt;span class=&#34;absolute -mt-20&#34; id=&#34;transformer-technical-parameters&#34;&gt;&lt;/span&gt;
    &lt;a href=&#34;#transformer-technical-parameters&#34; class=&#34;subheading-anchor&#34; aria-label=&#34;Permalink for this section&#34;&gt;&lt;/a&gt;&lt;/h3&gt;&lt;p&gt;The new S9 series transformer body is selected, with low loss, good overload capacity, strong short-circuit resistance, and all fasteners have been treated for anti-loosening, no need for core lifting; the S10 series and S11 series transformers with better performance can also be selected.
&lt;figure&gt;
    &lt;img src=&#34;https://www.lyskjd.com/images/ZGS/1.png&#34; title=&#34;YB27-12/0.4 High/Low Voltage Prefabricated Substation - Transformer Technical Parameters (American Style)&#34; alt=&#34;YB27-12/0.4 High/Low Voltage Prefabricated Substation (American Style)&#34; loading=&#34;lazy&#34; /&gt;
    &lt;figcaption&gt;YB27-12/0.4 High/Low Voltage Prefabricated Substation - Transformer Technical Parameters (American Style)&lt;/figcaption&gt;
  &lt;/figure&gt;&lt;/p&gt;
&lt;h3&gt;Load Switch Technical Parameters&lt;span class=&#34;absolute -mt-20&#34; id=&#34;load-switch-technical-parameters&#34;&gt;&lt;/span&gt;
    &lt;a href=&#34;#load-switch-technical-parameters&#34; class=&#34;subheading-anchor&#34; aria-label=&#34;Permalink for this section&#34;&gt;&lt;/a&gt;&lt;/h3&gt;&lt;p&gt;The load switch is an oil-immersed, three-phase linkage switch with a spring operating mechanism; it can operate with load switching on and off, and its switching speed is independent of the operating force size. There are two types available for selection: two-position, four-position T-type, and four-position V-type.
&lt;figure&gt;
    &lt;img src=&#34;https://www.lyskjd.com/images/ZGS/2.png&#34; title=&#34;YB27-12/0.4 High/Low Voltage Prefabricated Substation - Load Switch Technical Parameters (American Style)&#34; alt=&#34;YB27-12/0.4 High/Low Voltage Prefabricated Substation (American Style)&#34; loading=&#34;lazy&#34; /&gt;
    &lt;figcaption&gt;YB27-12/0.4 High/Low Voltage Prefabricated Substation - Load Switch Technical Parameters (American Style)&lt;/figcaption&gt;
  &lt;/figure&gt;&lt;/p&gt;
&lt;h2&gt;Dimensions and Structural Diagrams&lt;span class=&#34;absolute -mt-20&#34; id=&#34;dimensions-and-structural-diagrams&#34;&gt;&lt;/span&gt;
    &lt;a href=&#34;#dimensions-and-structural-diagrams&#34; class=&#34;subheading-anchor&#34; aria-label=&#34;Permalink for this section&#34;&gt;&lt;/a&gt;&lt;/h2&gt;&lt;hr&gt;
&lt;p&gt;&lt;figure&gt;
    &lt;img src=&#34;https://www.lyskjd.com/images/ZGS/7.jpg&#34; title=&#34;YB27-12/0.4 High/Low Voltage Prefabricated Substation Dimensions and Structural Diagram 1 (American Style)&#34; alt=&#34;YB27-12/0.4 High/Low Voltage Prefabricated Substation Dimensions and Structural Diagram (American Style)&#34; loading=&#34;lazy&#34; /&gt;
    &lt;figcaption&gt;YB27-12/0.4 High/Low Voltage Prefabricated Substation Dimensions and Structural Diagram 1 (American Style)&lt;/figcaption&gt;
  &lt;/figure&gt;&lt;/p&gt;
&lt;p&gt;&lt;figure&gt;
    &lt;img src=&#34;https://www.lyskjd.com/images/ZGS/8.jpg&#34; title=&#34;YB27-12/0.4 High/Low Voltage Prefabricated Substation Dimensions and Structural Diagram 2 (American Style)&#34; alt=&#34;YB27-12/0.4 High/Low Voltage Prefabricated Substation Dimensions and Structural Diagram (American Style)&#34; loading=&#34;lazy&#34; /&gt;
    &lt;figcaption&gt;YB27-12/0.4 High/Low Voltage Prefabricated Substation Dimensions and Structural Diagram 2 (American Style)&lt;/figcaption&gt;
  &lt;/figure&gt;&lt;/p&gt;
&lt;h2&gt;Civil Foundation Drawing&lt;span class=&#34;absolute -mt-20&#34; id=&#34;civil-foundation-drawing&#34;&gt;&lt;/span&gt;
    &lt;a href=&#34;#civil-foundation-drawing&#34; class=&#34;subheading-anchor&#34; aria-label=&#34;Permalink for this section&#34;&gt;&lt;/a&gt;&lt;/h2&gt;&lt;p&gt;&lt;figure&gt;
    &lt;img src=&#34;https://www.lyskjd.com/images/ZGS/4.png&#34; title=&#34;YB27-12/0.4 High/Low Voltage Prefabricated Substation Civil Foundation Drawing (American Style)&#34; alt=&#34;YB27-12/0.4 High/Low Voltage Prefabricated Substation (American Style)&#34; loading=&#34;lazy&#34; /&gt;
    &lt;figcaption&gt;YB27-12/0.4 High/Low Voltage Prefabricated Substation Civil Foundation Drawing (American Style)&lt;/figcaption&gt;
  &lt;/figure&gt;&lt;/p&gt;
&lt;blockquote&gt;
&lt;p&gt;We welcome global agents, distributors, retailers, and other partners to join us in developing mutually beneficial business relationships. Our products have received positive feedback from customers in many countries and regions, and we look forward to further expanding our influence. &lt;strong&gt;Consultation Hotline: 150-6499-9739 E-Mail: &lt;a href=&#34;mailto:Sales@senkuogroup.com&#34; &gt;Sales@senkuogroup.com&lt;/a&gt;&lt;/strong&gt;&lt;/p&gt;
&lt;/blockquote&gt;

      </description>
    </item>
    
    <item>
      <title>YBM-12/0.4 Outdoor Prefabricated Substation (European Style)</title>
      <link>https://www.lyskjd.com/en/products/substation/ybm-12-outdoor-pre-installed-substation/</link>
      <pubDate>Mon, 01 Jan 0001 00:00:00 +0000</pubDate>
      
      <guid>https://www.lyskjd.com/en/products/substation/ybm-12-outdoor-pre-installed-substation/</guid>
      <description>
        
        
        &lt;p&gt;Product Photos&lt;/p&gt;
&lt;hr&gt;
&lt;p&gt;&lt;figure&gt;
    &lt;img src=&#34;https://www.lyskjd.com/images/YBM/1.jpg&#34; title=&#34;YBM-12/0.4 Outdoor Prefabricated Substation (European Style)&#34; alt=&#34;YBM-12/0.4 Outdoor Prefabricated Substation (European Style)&#34; loading=&#34;lazy&#34; /&gt;
    &lt;figcaption&gt;YBM-12/0.4 Outdoor Prefabricated Substation (European Style)&lt;/figcaption&gt;
  &lt;/figure&gt;&lt;/p&gt;
&lt;p&gt;&lt;figure&gt;
    &lt;img src=&#34;https://www.lyskjd.com/images/YBM/11.jpg&#34; title=&#34;YBM-12/0.4 Outdoor Prefabricated Substation Exterior View Example 1&#34; alt=&#34;YBM-12/0.4 Outdoor Prefabricated Substation Exterior View Example 1&#34; loading=&#34;lazy&#34; /&gt;
    &lt;figcaption&gt;YBM-12/0.4 Outdoor Prefabricated Substation Exterior View Example 1&lt;/figcaption&gt;
  &lt;/figure&gt;&lt;/p&gt;
&lt;p&gt;&lt;figure&gt;
    &lt;img src=&#34;https://www.lyskjd.com/images/YBM/12.jpg&#34; title=&#34;YBM-12/0.4 Outdoor Prefabricated Substation Exterior View Example 2&#34; alt=&#34;YBM-12/0.4 Outdoor Prefabricated Substation Exterior View Example 2&#34; loading=&#34;lazy&#34; /&gt;
    &lt;figcaption&gt;YBM-12/0.4 Outdoor Prefabricated Substation Exterior View Example 2&lt;/figcaption&gt;
  &lt;/figure&gt;&lt;/p&gt;
&lt;p&gt;&lt;figure&gt;
    &lt;img src=&#34;https://www.lyskjd.com/images/YBM/13.jpg&#34; title=&#34;YBM-12/0.4 Outdoor Prefabricated Substation Exterior View Example 3&#34; alt=&#34;YBM-12/0.4 Outdoor Prefabricated Substation Exterior View Example 3&#34; loading=&#34;lazy&#34; /&gt;
    &lt;figcaption&gt;YBM-12/0.4 Outdoor Prefabricated Substation Exterior View Example 3&lt;/figcaption&gt;
  &lt;/figure&gt;&lt;/p&gt;
&lt;p&gt;&lt;figure&gt;
    &lt;img src=&#34;https://www.lyskjd.com/images/YBM/14.jpg&#34; title=&#34;YBM-12/0.4 Outdoor Prefabricated Substation Exterior View Example 4&#34; alt=&#34;YBM-12/0.4 Outdoor Prefabricated Substation Exterior View Example 4&#34; loading=&#34;lazy&#34; /&gt;
    &lt;figcaption&gt;YBM-12/0.4 Outdoor Prefabricated Substation Exterior View Example 4&lt;/figcaption&gt;
  &lt;/figure&gt;&lt;/p&gt;
&lt;p&gt;&lt;figure&gt;
    &lt;img src=&#34;https://www.lyskjd.com/images/YBM/15.jpg&#34; title=&#34;YBM-12/0.4 Outdoor Prefabricated Substation Exterior View Example 5&#34; alt=&#34;YBM-12/0.4 Outdoor Prefabricated Substation Exterior View Example 5&#34; loading=&#34;lazy&#34; /&gt;
    &lt;figcaption&gt;YBM-12/0.4 Outdoor Prefabricated Substation Exterior View Example 5&lt;/figcaption&gt;
  &lt;/figure&gt;&lt;/p&gt;
&lt;p&gt;&lt;figure&gt;
    &lt;img src=&#34;https://www.lyskjd.com/images/YBM/16.jpg&#34; title=&#34;YBM-12/0.4 Outdoor Prefabricated Substation Exterior View Example 6&#34; alt=&#34;YBM-12/0.4 Outdoor Prefabricated Substation Exterior View Example 6&#34; loading=&#34;lazy&#34; /&gt;
    &lt;figcaption&gt;YBM-12/0.4 Outdoor Prefabricated Substation Exterior View Example 6&lt;/figcaption&gt;
  &lt;/figure&gt;&lt;/p&gt;
&lt;h2&gt;Product Overview&lt;span class=&#34;absolute -mt-20&#34; id=&#34;product-overview&#34;&gt;&lt;/span&gt;
    &lt;a href=&#34;#product-overview&#34; class=&#34;subheading-anchor&#34; aria-label=&#34;Permalink for this section&#34;&gt;&lt;/a&gt;&lt;/h2&gt;&lt;hr&gt;
&lt;p&gt;The YBM-12/0.4 Outdoor Prefabricated Substation (European Style) is widely used in urban power grid renovation, residential areas, high-rise buildings, industrial and mining enterprises, hotels, shopping malls, airports, railways, oil fields, wharfs, highways, and temporary power supply facilities, suitable for both indoor and outdoor environments.&lt;/p&gt;
&lt;h2&gt;Model Meaning&lt;span class=&#34;absolute -mt-20&#34; id=&#34;model-meaning&#34;&gt;&lt;/span&gt;
    &lt;a href=&#34;#model-meaning&#34; class=&#34;subheading-anchor&#34; aria-label=&#34;Permalink for this section&#34;&gt;&lt;/a&gt;&lt;/h2&gt;&lt;hr&gt;
&lt;p&gt;&lt;figure&gt;
    &lt;img src=&#34;https://www.lyskjd.com/images/YBM/3.jpg&#34; title=&#34;YBM-12/0.4 Outdoor Prefabricated Substation Model Meaning (European Style)&#34; alt=&#34;YBM-12/0.4 Outdoor Prefabricated Substation Model Meaning (European Style)&#34; loading=&#34;lazy&#34; /&gt;
    &lt;figcaption&gt;YBM-12/0.4 Outdoor Prefabricated Substation Model Meaning (European Style)&lt;/figcaption&gt;
  &lt;/figure&gt;&lt;/p&gt;
&lt;h2&gt;Normal Operating Environment&lt;span class=&#34;absolute -mt-20&#34; id=&#34;normal-operating-environment&#34;&gt;&lt;/span&gt;
    &lt;a href=&#34;#normal-operating-environment&#34; class=&#34;subheading-anchor&#34; aria-label=&#34;Permalink for this section&#34;&gt;&lt;/a&gt;&lt;/h2&gt;&lt;hr&gt;
&lt;p&gt;◆ Altitude: ≤1000m;&lt;br&gt;
◆ Ambient Temperature: -30℃ to +40℃;  &lt;br&gt;
◆ Temperature: The upper limit of the monthly average temperature is +30℃, and the upper limit of the annual average temperature is +20℃;  &lt;br&gt;
◆ Relative Humidity: Daily average ≤95%, monthly average ≤90%; &lt;br&gt;
◆ Shock Level: Horizontal acceleration 0.4m/s², vertical acceleration 0.15m/s²; &lt;br&gt;
◆ Installation Site: No severe impact, serious pollution, chemical corrosion, conductive dust, or explosive hazard locations. &lt;br&gt;
◆ If normal operating conditions cannot be met, please consult with our company for a solution.&lt;/p&gt;
&lt;h2&gt;Functions and Features&lt;span class=&#34;absolute -mt-20&#34; id=&#34;functions-and-features&#34;&gt;&lt;/span&gt;
    &lt;a href=&#34;#functions-and-features&#34; class=&#34;subheading-anchor&#34; aria-label=&#34;Permalink for this section&#34;&gt;&lt;/a&gt;&lt;/h2&gt;&lt;hr&gt;
&lt;p&gt;◆ The basic structure of the substation is divided into &amp;ldquo;eye&amp;rdquo; and &amp;ldquo;product&amp;rdquo; shapes, with the box frame made of high-quality channel steel and angle steel welded, which has high mechanical strength. The box is made of aluminum alloy profiles, which have good corrosion resistance. The overall aesthetic appearance, after painting and coloring, can be coordinated with the surrounding environment. The carefully designed lifting device at the bottom provides great convenience for installation, transportation, and movement.&lt;/p&gt;
&lt;p&gt;◆ The substation has independent high-voltage rooms, transformer rooms, and low-voltage rooms, with lighting in each room automatically turning on when the door is opened. The high-voltage room is equipped with high-voltage ring network switching equipment, which can be selected according to user needs for pneumatic or vacuum load switches, and has &amp;ldquo;five-prevention&amp;rdquo; functions. When using current-limiting high-voltage fuses, if a fuse in a certain phase blows, the load switch automatically trips to prevent faults caused by single-phase operation.&lt;/p&gt;
&lt;p&gt;◆ The transformer room uses natural ventilation and automatically controlled forced cooling air-cooling devices, with an automatically controlled exhaust system that changes with temperature, effectively controlling and reducing the internal temperature to meet operational requirements. According to user requirements, an anti-condensation device can also be used. According to user requirements, it can conveniently enter and exit from both sides of the transformer room through the main door along the track. The box material can prevent rainwater and dirt from entering, with long-term outdoor use conditions, ensuring corrosion protection, waterproofing, dust prevention, long service life, simple maintenance, and an aesthetic appearance.&lt;/p&gt;
&lt;p&gt;◆ The transformer can use dry-type or oil-immersed transformers, and oil-immersed transformers can choose between two types with or without an oil pillow.&lt;/p&gt;
&lt;p&gt;◆ The low-voltage room has the overall function of low-voltage complete switchgear equipment for users to select and combine at will.&lt;/p&gt;
&lt;p&gt;◆ Shell Material: The shell materials include composite panels, stainless steel composite panels, aluminum-zinc-plated sheets, stainless steel plates, and metal carved panels.&lt;/p&gt;
&lt;p&gt;◆ Structural Features: The high-voltage structure is reasonably compact and can be equipped with SF6, FZN57, VHC ring network cabinets, all with five-way interlocking functions.&lt;/p&gt;
&lt;p&gt;The natural ventilation and automatic ventilation cooling system of the transformer can be used for both dry-type and oil-immersed transformers.&lt;/p&gt;
&lt;p&gt;◆ Low-voltage Room: According to user requirements, a variety of structural power distribution schemes can be used in the low-voltage room, including power distribution, lighting distribution, automatic reactive power compensation, energy metering, and other functions, equipped with an automatic lighting system.&lt;/p&gt;
&lt;h2&gt;Main Technical Parameters&lt;span class=&#34;absolute -mt-20&#34; id=&#34;main-technical-parameters&#34;&gt;&lt;/span&gt;
    &lt;a href=&#34;#main-technical-parameters&#34; class=&#34;subheading-anchor&#34; aria-label=&#34;Permalink for this section&#34;&gt;&lt;/a&gt;&lt;/h2&gt;&lt;hr&gt;
&lt;p&gt;&lt;figure&gt;
    &lt;img src=&#34;https://www.lyskjd.com/images/YBM/4.jpg&#34; title=&#34;YBM-12/0.4 Outdoor Prefabricated Substation Main Technical Parameters&#34; alt=&#34;YBM-12/0.4 Outdoor Prefabricated Substation Main Technical Parameters&#34; loading=&#34;lazy&#34; /&gt;
    &lt;figcaption&gt;YBM-12/0.4 Outdoor Prefabricated Substation Main Technical Parameters&lt;/figcaption&gt;
  &lt;/figure&gt;&lt;/p&gt;
&lt;h2&gt;Dimensions and Structural Diagrams&lt;span class=&#34;absolute -mt-20&#34; id=&#34;dimensions-and-structural-diagrams&#34;&gt;&lt;/span&gt;
    &lt;a href=&#34;#dimensions-and-structural-diagrams&#34; class=&#34;subheading-anchor&#34; aria-label=&#34;Permalink for this section&#34;&gt;&lt;/a&gt;&lt;/h2&gt;&lt;hr&gt;
&lt;p&gt;&lt;figure&gt;
    &lt;img src=&#34;https://www.lyskjd.com/images/YBM/10.jpg&#34; title=&#34;YBM-12/0.4 Outdoor Prefabricated Substation Structural Diagram&#34; alt=&#34;YBM-12/0.4 Outdoor Prefabricated Substation Structural Diagram&#34; loading=&#34;lazy&#34; /&gt;
    &lt;figcaption&gt;YBM-12/0.4 Outdoor Prefabricated Substation Structural Diagram&lt;/figcaption&gt;
  &lt;/figure&gt;&lt;/p&gt;
&lt;p&gt;&lt;figure&gt;
    &lt;img src=&#34;https://www.lyskjd.com/images/YBM/5.jpg&#34; title=&#34;YBM-12/0.4 Outdoor Prefabricated Substation Structural Diagram 1&#34; alt=&#34;YBM-12/0.4 Outdoor Prefabricated Substation Structural Diagram 1&#34; loading=&#34;lazy&#34; /&gt;
    &lt;figcaption&gt;YBM-12/0.4 Outdoor Prefabricated Substation Structural Diagram 1&lt;/figcaption&gt;
  &lt;/figure&gt;&lt;/p&gt;
&lt;p&gt;&lt;figure&gt;
    &lt;img src=&#34;https://www.lyskjd.com/images/YBM/6.jpg&#34; title=&#34;YBM-12/0.4 Outdoor Prefabricated Substation Structural Diagram 2&#34; alt=&#34;YBM-12/0.4 Outdoor Prefabricated Substation Structural Diagram 2&#34; loading=&#34;lazy&#34; /&gt;
    &lt;figcaption&gt;YBM-12/0.4 Outdoor Prefabricated Substation Structural Diagram 2&lt;/figcaption&gt;
  &lt;/figure&gt;&lt;/p&gt;
&lt;p&gt;&lt;figure&gt;
    &lt;img src=&#34;https://www.lyskjd.com/images/YBM/7.jpg&#34; title=&#34;YBM-12/0.4 Outdoor Prefabricated Substation Structural Diagram 3&#34; alt=&#34;YBM-12/0.4 Outdoor Prefabricated Substation Structural Diagram 3&#34; loading=&#34;lazy&#34; /&gt;
    &lt;figcaption&gt;YBM-12/0.4 Outdoor Prefabricated Substation Structural Diagram 3&lt;/figcaption&gt;
  &lt;/figure&gt;&lt;/p&gt;
&lt;p&gt;&lt;figure&gt;
    &lt;img src=&#34;https://www.lyskjd.com/images/YBM/8.jpg&#34; title=&#34;YBM-12/0.4 Outdoor Prefabricated Substation Structural Diagram 4&#34; alt=&#34;YBM-12/0.4 Outdoor Prefabricated Substation Structural Diagram 4&#34; loading=&#34;lazy&#34; /&gt;
    &lt;figcaption&gt;YBM-12/0.4 Outdoor Prefabricated Substation Structural Diagram 4&lt;/figcaption&gt;
  &lt;/figure&gt;&lt;/p&gt;
&lt;blockquote&gt;
&lt;p&gt;We welcome global agents, distributors, retailers, and other partners to join us in developing mutually beneficial business relationships. Our products have received positive feedback from customers in many countries and regions, and we look forward to further expanding our influence. &lt;strong&gt;Consultation Hotline: 150-6499-9739 E-Mail: &lt;a href=&#34;mailto:Sales@senkuogroup.com&#34; &gt;Sales@senkuogroup.com&lt;/a&gt;&lt;/strong&gt;&lt;/p&gt;
&lt;/blockquote&gt;
&lt;h2&gt;Installation, Use, and Maintenance&lt;span class=&#34;absolute -mt-20&#34; id=&#34;installation-use-and-maintenance&#34;&gt;&lt;/span&gt;
    &lt;a href=&#34;#installation-use-and-maintenance&#34; class=&#34;subheading-anchor&#34; aria-label=&#34;Permalink for this section&#34;&gt;&lt;/a&gt;&lt;/h2&gt;&lt;hr&gt;
&lt;p&gt;For the installation, acceptance, handover tests, operation, and maintenance of the intelligent integrated substation, in addition to the regulations required by the power department, the following points should be noted: When the customer receives the goods, they should carefully check according to the relevant regulations. For products that are not immediately installed, they should be stored in an appropriate place as stipulated by the normal operating conditions.&lt;/p&gt;
&lt;p&gt;The product should be lifted using a special lifting device at the bottom, as shown in the figure. The product should be placed horizontally on a pre-prepared foundation, and then the gap between the product base and the foundation should be sealed with cement mortar to prevent rainwater from entering the cable room. High and low voltage cables are connected through the bottom sealing plates of the high and low voltage rooms.&lt;/p&gt;
&lt;p&gt;After the product is installed, a reliable grounding should be done; the two main grounding terminals on the base channel steel of the substation, the neutral point and the outer shell of the transformer, the lightning arrester lower post head, etc., should be grounded separately by the installation department. All groundings should use a set of grounding devices, and the grounding resistance should be less than 4 ohms. There should be at least two grounding leads from the grounding network to the product.&lt;/p&gt;
&lt;p&gt;Before commissioning the product after installation or maintenance, the following items should be inspected and tested:&lt;/p&gt;
&lt;p&gt;Is the substation clean inside; is the operating mechanism flexible;
Is the main electrical equipment on and off flexible and reliable;
Are the on and off of the electrical auxiliary contacts reliable and accurate;
Are the meter and relay actions accurate and error-free;&lt;/p&gt;
&lt;p&gt;&lt;figure&gt;
    &lt;img src=&#34;https://www.lyskjd.com/images/YBM/9.jpg&#34; title=&#34;YBM-12/0.4 Outdoor Prefabricated Substation Lifting Diagram&#34; alt=&#34;YBM-12/0.4 Outdoor Prefabricated Substation Lifting Diagram&#34; loading=&#34;lazy&#34; /&gt;
    &lt;figcaption&gt;YBM-12/0.4 Outdoor Prefabricated Substation Lifting Diagram&lt;/figcaption&gt;
  &lt;/figure&gt;&lt;/p&gt;

      </description>
    </item>
    
  </channel>
</rss>
