<rss version="2.0" xmlns:atom="http://www.w3.org/2005/Atom">
  <channel>
    <title>山东临沂森阔机电有限公司 – 第七章 故障诊断及对策</title>
    <link>https://www.lyskjd.com/docs/vfd/fault-diagnosis-and-countermeasures/</link>
    <description>Recent content in 第七章 故障诊断及对策 on 山东临沂森阔机电有限公司</description>
    <generator>Hugo -- gohugo.io</generator>
    <language>zh-cn</language>
    
	  <atom:link href="https://www.lyskjd.com/docs/vfd/fault-diagnosis-and-countermeasures/index.xml" rel="self" type="application/rss+xml" />
    
    
      
        
      
    
    
    <item>
      <title>7.1 故障报警及对策</title>
      <link>https://www.lyskjd.com/docs/vfd/fault-diagnosis-and-countermeasures/fault-alarm-and-countermeasures/</link>
      <pubDate>Mon, 01 Jan 0001 00:00:00 +0000</pubDate>
      
      <guid>https://www.lyskjd.com/docs/vfd/fault-diagnosis-and-countermeasures/fault-alarm-and-countermeasures/</guid>
      <description>
        
        
        &lt;p&gt;变频器共有32项警示信息及保护功能，一旦故障发生，保护功能动作，变频器停止输出，变频器故障继电器接点动作，并在变频器显示面板上显示故障代码。用户在寻求服务之前，可以先按本节提示进行自查，分析故障原因，找出解决方法。如果需要寻求服务，与您所购变频器的代理商或直接与本公司联系。&lt;br&gt;
21项警示信息中ERR22为硬件过流或过压信号，大部分情况下硬件过压故障造成ERR22报警。&lt;/p&gt;
&lt;table&gt;
&lt;thead&gt;
&lt;tr&gt;
&lt;th style=&#34;text-align:center&#34;&gt;序号&lt;/th&gt;
&lt;th style=&#34;text-align:center&#34;&gt;故障名称&lt;/th&gt;
&lt;th style=&#34;text-align:center&#34;&gt;故障代码&lt;/th&gt;
&lt;th style=&#34;text-align:left&#34;&gt;故障原因排查&lt;/th&gt;
&lt;th style=&#34;text-align:left&#34;&gt;故障处理对策&lt;/th&gt;
&lt;/tr&gt;
&lt;/thead&gt;
&lt;tbody&gt;
&lt;tr&gt;
&lt;td style=&#34;text-align:center&#34;&gt;1&lt;/td&gt;
&lt;td style=&#34;text-align:center&#34;&gt;逆变单元保护&lt;/td&gt;
&lt;td style=&#34;text-align:center&#34;&gt;ERR01&lt;/td&gt;
&lt;td style=&#34;text-align:left&#34;&gt;1、变频器输出回路短路&lt;/br&gt;2、电机和变频器接线过长&lt;/br&gt;3、模块过热&lt;/br&gt;4、变频器内部接线松动&lt;/br&gt;5、主控板异常&lt;/br&gt;6、驱动板异常&lt;/br&gt;7、逆变模块异常&lt;/td&gt;
&lt;td style=&#34;text-align:left&#34;&gt;1、排除外围故障&lt;/br&gt;2、加装电抗器或输出滤波器&lt;/br&gt;3、检查风道是否堵塞、风扇是否正常工作并排除存在问题&lt;/br&gt;4、插好所有连接线&lt;/br&gt;5、寻求技术支持&lt;/br&gt;6、寻求技术支持&lt;/br&gt;7、寻求技术支持&lt;/td&gt;
&lt;/tr&gt;
&lt;tr&gt;
&lt;td style=&#34;text-align:center&#34;&gt;2&lt;/td&gt;
&lt;td style=&#34;text-align:center&#34;&gt;加速过电流&lt;/td&gt;
&lt;td style=&#34;text-align:center&#34;&gt;ERR02&lt;/td&gt;
&lt;td style=&#34;text-align:left&#34;&gt;1、变频器输出回路存在接地或短路&lt;/br&gt;2、控制方式为矢量且没有进行参数辨识&lt;/br&gt;3、加速时间太短&lt;/br&gt;4、手动转矩提升或V/F曲线不合适&lt;/br&gt;5、电压偏低&lt;/br&gt;6、对正在旋转的电机进行启动&lt;/br&gt;7、加速过程中突加负载&lt;/br&gt;8、变频器选型偏小&lt;/td&gt;
&lt;td style=&#34;text-align:left&#34;&gt;1、排除外围故障&lt;/br&gt;2、进行电机参数辨识&lt;/br&gt;3、增大加速时间&lt;/br&gt;4、调整手动提升转矩V/F曲线&lt;/br&gt;5、将电压调至正常范围&lt;/br&gt;6、选择转速追踪启动或等电机停止后再启动&lt;/br&gt;7、取消突加负载&lt;/br&gt;8、选用功率等级更大的变频器&lt;/td&gt;
&lt;/tr&gt;
&lt;tr&gt;
&lt;td style=&#34;text-align:center&#34;&gt;3&lt;/td&gt;
&lt;td style=&#34;text-align:center&#34;&gt;减速过电流&lt;/td&gt;
&lt;td style=&#34;text-align:center&#34;&gt;ERR03&lt;/td&gt;
&lt;td style=&#34;text-align:left&#34;&gt;1、变频器输出回路存在接地或短路&lt;/br&gt;2、控制方式为矢量且没有进行参数辨识长&lt;/br&gt;3、减速时间太短&lt;/br&gt;4、电压偏低&lt;/br&gt;5、减速过程中突加负载&lt;/br&gt;6、没有加装制动单元和制动电阻&lt;/td&gt;
&lt;td style=&#34;text-align:left&#34;&gt;1、排除外围故障&lt;/br&gt;2、进行电机参数辨识&lt;/br&gt;3、增大减速时间&lt;/br&gt;4、将电压调至正常范围&lt;/br&gt;5、取消突加负载&lt;/br&gt;6、加装制动单元及电阻&lt;/td&gt;
&lt;/tr&gt;
&lt;tr&gt;
&lt;td style=&#34;text-align:center&#34;&gt;4&lt;/td&gt;
&lt;td style=&#34;text-align:center&#34;&gt;恒速过电流&lt;/td&gt;
&lt;td style=&#34;text-align:center&#34;&gt;ERR04&lt;/td&gt;
&lt;td style=&#34;text-align:left&#34;&gt;1、变频器输出回路存在接地或短路&lt;/br&gt;2、控制方式为矢量且没有进行参数辨识长&lt;/br&gt;3、电压偏低&lt;/br&gt;4、运行过程中是否有突加负载&lt;/br&gt;5、变频器选型偏小&lt;/td&gt;
&lt;td style=&#34;text-align:left&#34;&gt;1、排除外围故障&lt;/br&gt;2、进行电机参数辨识&lt;/br&gt;3、将电压调至正常范围&lt;/br&gt;4、取消突加负载&lt;/br&gt;5、选用功率等级更大的变频器&lt;/td&gt;
&lt;/tr&gt;
&lt;tr&gt;
&lt;td style=&#34;text-align:center&#34;&gt;5&lt;/td&gt;
&lt;td style=&#34;text-align:center&#34;&gt;加速过电压&lt;/td&gt;
&lt;td style=&#34;text-align:center&#34;&gt;ERR05&lt;/td&gt;
&lt;td style=&#34;text-align:left&#34;&gt;1、输入电压偏高&lt;/br&gt;2、加速过程中存在外力拖动电机运行&lt;/br&gt;3、加速时间过短&lt;/br&gt;4、没有加装制动单元和制动电阻&lt;/td&gt;
&lt;td style=&#34;text-align:left&#34;&gt;1、将电压调至正常范围&lt;/br&gt;2、取消此外动力或加装制动电阻&lt;/br&gt;3、增大加速时间&lt;/br&gt;4、加装制动单元及电阻&lt;/td&gt;
&lt;/tr&gt;
&lt;tr&gt;
&lt;td style=&#34;text-align:center&#34;&gt;6&lt;/td&gt;
&lt;td style=&#34;text-align:center&#34;&gt;减速过电压&lt;/td&gt;
&lt;td style=&#34;text-align:center&#34;&gt;ERR06&lt;/td&gt;
&lt;td style=&#34;text-align:left&#34;&gt;1、输入电压偏高&lt;/br&gt;2、减速过程中存在外力拖动电机运行&lt;/br&gt;3、减速时间过短&lt;/br&gt;4、没有加装制动单元和制动电阻&lt;/td&gt;
&lt;td style=&#34;text-align:left&#34;&gt;1、将电压调至正常范围&lt;/br&gt;2、取消此外动力或加装制动电阻&lt;/br&gt;3、增大减速时间&lt;/br&gt;4、加装制动单元及电阻&lt;/td&gt;
&lt;/tr&gt;
&lt;tr&gt;
&lt;td style=&#34;text-align:center&#34;&gt;7&lt;/td&gt;
&lt;td style=&#34;text-align:center&#34;&gt;恒速过电压&lt;/td&gt;
&lt;td style=&#34;text-align:center&#34;&gt;ERR07&lt;/td&gt;
&lt;td style=&#34;text-align:left&#34;&gt;1、输入电压偏高&lt;/br&gt;2、减速过程中存在外力拖动电机运行&lt;/td&gt;
&lt;td style=&#34;text-align:left&#34;&gt;1、将电压调至正常范围&lt;/br&gt;2、取消此外动力或加装制动电阻&lt;/td&gt;
&lt;/tr&gt;
&lt;tr&gt;
&lt;td style=&#34;text-align:center&#34;&gt;8&lt;/td&gt;
&lt;td style=&#34;text-align:center&#34;&gt;控制电源故障&lt;/td&gt;
&lt;td style=&#34;text-align:center&#34;&gt;ERR08&lt;/td&gt;
&lt;td style=&#34;text-align:left&#34;&gt;1、输入电压不在规范规定的范围内&lt;/td&gt;
&lt;td style=&#34;text-align:left&#34;&gt;1、将电压调至规范要求的范围内&lt;/td&gt;
&lt;/tr&gt;
&lt;tr&gt;
&lt;td style=&#34;text-align:center&#34;&gt;9&lt;/td&gt;
&lt;td style=&#34;text-align:center&#34;&gt;欠压故障&lt;/td&gt;
&lt;td style=&#34;text-align:center&#34;&gt;ERR09&lt;/td&gt;
&lt;td style=&#34;text-align:left&#34;&gt;1、瞬时停电&lt;/br&gt;2、变频器输入电压不在规范要求的范围内&lt;/br&gt;3、母线电压不正常&lt;/br&gt;4、整流桥及缓冲电阻不正常&lt;/br&gt;5、驱动板异常&lt;/br&gt;6、控制板异常&lt;/td&gt;
&lt;td style=&#34;text-align:left&#34;&gt;1、复位故障&lt;/br&gt;2、调整电压到正常范围&lt;/br&gt;3、寻求技术支持&lt;/br&gt;4、寻求技术支持&lt;/br&gt;5、寻求技术支持&lt;/br&gt;6、寻求技术支持&lt;/td&gt;
&lt;/tr&gt;
&lt;tr&gt;
&lt;td style=&#34;text-align:center&#34;&gt;10&lt;/td&gt;
&lt;td style=&#34;text-align:center&#34;&gt;变频器过载&lt;/td&gt;
&lt;td style=&#34;text-align:center&#34;&gt;ERR10&lt;/td&gt;
&lt;td style=&#34;text-align:left&#34;&gt;1、负载是否过大或发生电机堵转&lt;/br&gt;2、变频器选型偏小&lt;/td&gt;
&lt;td style=&#34;text-align:left&#34;&gt;1、减小负载并检查电机及机械情况&lt;/br&gt;2、选用功率等级更大的变频器&lt;/td&gt;
&lt;/tr&gt;
&lt;tr&gt;
&lt;td style=&#34;text-align:center&#34;&gt;11&lt;/td&gt;
&lt;td style=&#34;text-align:center&#34;&gt;电机过载&lt;/td&gt;
&lt;td style=&#34;text-align:center&#34;&gt;ERR11&lt;/td&gt;
&lt;td style=&#34;text-align:left&#34;&gt;1、电机保护参数P9-01设定是否合适&lt;/br&gt;2、负载是否过大或发生电机堵转&lt;/br&gt;3、变频器选型偏小&lt;/td&gt;
&lt;td style=&#34;text-align:left&#34;&gt;1、正确设定此参数&lt;/br&gt;2、减小负载并检查电机及机械情况&lt;/br&gt;3、选用功率等级更大的变频器&lt;/td&gt;
&lt;/tr&gt;
&lt;tr&gt;
&lt;td style=&#34;text-align:center&#34;&gt;12&lt;/td&gt;
&lt;td style=&#34;text-align:center&#34;&gt;输入缺相&lt;/td&gt;
&lt;td style=&#34;text-align:center&#34;&gt;ERR12&lt;/td&gt;
&lt;td style=&#34;text-align:left&#34;&gt;1、三相输入电源不正常&lt;/br&gt;2、驱动板异常&lt;/br&gt;3、防雷板异常&lt;/br&gt;4、主控板异常&lt;/td&gt;
&lt;td style=&#34;text-align:left&#34;&gt;1、检查并排除外围线路中存在的问题&lt;/br&gt;2、寻求技术支持&lt;/br&gt;3、寻求技术支持&lt;/br&gt;4、寻求技术支持&lt;/td&gt;
&lt;/tr&gt;
&lt;tr&gt;
&lt;td style=&#34;text-align:center&#34;&gt;13&lt;/td&gt;
&lt;td style=&#34;text-align:center&#34;&gt;输出缺相&lt;/td&gt;
&lt;td style=&#34;text-align:center&#34;&gt;ERR13&lt;/td&gt;
&lt;td style=&#34;text-align:left&#34;&gt;1、变频器到电机的引线不正常&lt;/br&gt;2、电机运行时变频器三相输出不平衡&lt;/br&gt;3、驱动板异常&lt;/br&gt;4、模块异常&lt;/td&gt;
&lt;td style=&#34;text-align:left&#34;&gt;1、检查并排除外围线路中存在的问题&lt;/br&gt;2、检查电机三相绕组是否正常并排除故障&lt;/br&gt;3、寻求技术支持&lt;/br&gt;4、寻求技术支持&lt;/td&gt;
&lt;/tr&gt;
&lt;tr&gt;
&lt;td style=&#34;text-align:center&#34;&gt;14&lt;/td&gt;
&lt;td style=&#34;text-align:center&#34;&gt;模块过热&lt;/td&gt;
&lt;td style=&#34;text-align:center&#34;&gt;ERR14&lt;/td&gt;
&lt;td style=&#34;text-align:left&#34;&gt;1、环境温度过高&lt;/br&gt;2、风道堵塞&lt;/br&gt;3、风扇损坏&lt;/br&gt;4、模块热敏电阻损坏&lt;/br&gt;5、逆变模块损坏&lt;/td&gt;
&lt;td style=&#34;text-align:left&#34;&gt;1、降低环境温度&lt;/br&gt;2、清理风扇&lt;/br&gt;3、更换风扇&lt;/br&gt;4、更换热敏电阻&lt;/br&gt;5、更换逆变模块&lt;/td&gt;
&lt;/tr&gt;
&lt;tr&gt;
&lt;td style=&#34;text-align:center&#34;&gt;15&lt;/td&gt;
&lt;td style=&#34;text-align:center&#34;&gt;外部设备故障&lt;/td&gt;
&lt;td style=&#34;text-align:center&#34;&gt;ERR15&lt;/td&gt;
&lt;td style=&#34;text-align:left&#34;&gt;1、多功能端子X输入外部故障的信号&lt;/br&gt;2、虚拟IO功能输入外部故障的信号&lt;/td&gt;
&lt;td style=&#34;text-align:left&#34;&gt;1、复位运行&lt;/br&gt;2、复位运行&lt;/td&gt;
&lt;/tr&gt;
&lt;tr&gt;
&lt;td style=&#34;text-align:center&#34;&gt;16&lt;/td&gt;
&lt;td style=&#34;text-align:center&#34;&gt;通讯故障&lt;/td&gt;
&lt;td style=&#34;text-align:center&#34;&gt;ERR16&lt;/td&gt;
&lt;td style=&#34;text-align:left&#34;&gt;1、上位机工作不正常&lt;/br&gt;2、通讯线不正常&lt;/br&gt;3、保留&lt;/br&gt;4、通讯参数PD组设置不正确&lt;/td&gt;
&lt;td style=&#34;text-align:left&#34;&gt;1、检查上位机连接&lt;/br&gt;2、检查通讯连接线&lt;/br&gt;3、正确设置通讯扩展卡类型&lt;/br&gt;4、正确设置通讯参数&lt;/td&gt;
&lt;/tr&gt;
&lt;tr&gt;
&lt;td style=&#34;text-align:center&#34;&gt;17&lt;/td&gt;
&lt;td style=&#34;text-align:center&#34;&gt;接触器故障&lt;/td&gt;
&lt;td style=&#34;text-align:center&#34;&gt;ERR17&lt;/td&gt;
&lt;td style=&#34;text-align:left&#34;&gt;1、驱动板和电源不正常&lt;/br&gt;2、接触器不正常&lt;/td&gt;
&lt;td style=&#34;text-align:left&#34;&gt;1、更换驱动板或电源板&lt;/br&gt;2、更换接触器&lt;/td&gt;
&lt;/tr&gt;
&lt;tr&gt;
&lt;td style=&#34;text-align:center&#34;&gt;18&lt;/td&gt;
&lt;td style=&#34;text-align:center&#34;&gt;电流检测故障&lt;/td&gt;
&lt;td style=&#34;text-align:center&#34;&gt;ERR18&lt;/td&gt;
&lt;td style=&#34;text-align:left&#34;&gt;1、检查霍尔器件异常&lt;/br&gt;2、驱动板异常&lt;/td&gt;
&lt;td style=&#34;text-align:left&#34;&gt;1、更换霍尔器件&lt;/br&gt;2、更换驱动板&lt;/td&gt;
&lt;/tr&gt;
&lt;tr&gt;
&lt;td style=&#34;text-align:center&#34;&gt;19&lt;/td&gt;
&lt;td style=&#34;text-align:center&#34;&gt;电机调谐故障&lt;/td&gt;
&lt;td style=&#34;text-align:center&#34;&gt;ERR19&lt;/td&gt;
&lt;td style=&#34;text-align:left&#34;&gt;1、电机参数未按铭牌设置&lt;/br&gt;2、参数辨识过程超时&lt;/td&gt;
&lt;td style=&#34;text-align:left&#34;&gt;1、根据铭牌正确设定电机参数&lt;/br&gt;2、检查变频器到电机引线&lt;/td&gt;
&lt;/tr&gt;
&lt;tr&gt;
&lt;td style=&#34;text-align:center&#34;&gt;20&lt;/td&gt;
&lt;td style=&#34;text-align:center&#34;&gt;EEPROM读写故障&lt;/td&gt;
&lt;td style=&#34;text-align:center&#34;&gt;ERR21&lt;/td&gt;
&lt;td style=&#34;text-align:left&#34;&gt;1、EEPROM芯片损坏&lt;/td&gt;
&lt;td style=&#34;text-align:left&#34;&gt;1、更换主控板&lt;/td&gt;
&lt;/tr&gt;
&lt;tr&gt;
&lt;td style=&#34;text-align:center&#34;&gt;21&lt;/td&gt;
&lt;td style=&#34;text-align:center&#34;&gt;变频器硬件故障&lt;/td&gt;
&lt;td style=&#34;text-align:center&#34;&gt;ERR22&lt;/td&gt;
&lt;td style=&#34;text-align:left&#34;&gt;1、存在过压&lt;/br&gt;2、存在过流&lt;/td&gt;
&lt;td style=&#34;text-align:left&#34;&gt;1、按过压故障处理&lt;/br&gt;2、按过流故障处理&lt;/td&gt;
&lt;/tr&gt;
&lt;tr&gt;
&lt;td style=&#34;text-align:center&#34;&gt;22&lt;/td&gt;
&lt;td style=&#34;text-align:center&#34;&gt;对地短路故障&lt;/td&gt;
&lt;td style=&#34;text-align:center&#34;&gt;ERR23&lt;/td&gt;
&lt;td style=&#34;text-align:left&#34;&gt;1、电机对地短路&lt;/td&gt;
&lt;td style=&#34;text-align:left&#34;&gt;1、更换电缆或电机&lt;/td&gt;
&lt;/tr&gt;
&lt;tr&gt;
&lt;td style=&#34;text-align:center&#34;&gt;23&lt;/td&gt;
&lt;td style=&#34;text-align:center&#34;&gt;累计运行时间到达故障&lt;/td&gt;
&lt;td style=&#34;text-align:center&#34;&gt;ERR26&lt;/td&gt;
&lt;td style=&#34;text-align:left&#34;&gt;1、累计运行时间到达设定值&lt;/td&gt;
&lt;td style=&#34;text-align:left&#34;&gt;1、使用参数初始化功能清除记录信息&lt;/td&gt;
&lt;/tr&gt;
&lt;tr&gt;
&lt;td style=&#34;text-align:center&#34;&gt;24&lt;/td&gt;
&lt;td style=&#34;text-align:center&#34;&gt;用户自定义故障1&lt;/td&gt;
&lt;td style=&#34;text-align:center&#34;&gt;ERR27&lt;/td&gt;
&lt;td style=&#34;text-align:left&#34;&gt;1、通过多功能端子X输入用户自定义故障1的信号&lt;/br&gt;2、通过虚拟IO功能输入用户自定义故障1的信号&lt;/td&gt;
&lt;td style=&#34;text-align:left&#34;&gt;1、复位运行&lt;/br&gt;2、复位运行&lt;/td&gt;
&lt;/tr&gt;
&lt;tr&gt;
&lt;td style=&#34;text-align:center&#34;&gt;25&lt;/td&gt;
&lt;td style=&#34;text-align:center&#34;&gt;用户自定义故障2&lt;/td&gt;
&lt;td style=&#34;text-align:center&#34;&gt;ERR28&lt;/td&gt;
&lt;td style=&#34;text-align:left&#34;&gt;1、通过多功能端子X输入用户自定义故障2的信号&lt;/br&gt;2、通过虚拟IO功能输入用户自定义故障2的信号&lt;/td&gt;
&lt;td style=&#34;text-align:left&#34;&gt;1、复位运行&lt;/br&gt;2、复位运行&lt;/td&gt;
&lt;/tr&gt;
&lt;tr&gt;
&lt;td style=&#34;text-align:center&#34;&gt;26&lt;/td&gt;
&lt;td style=&#34;text-align:center&#34;&gt;累计上电时间到达故障&lt;/td&gt;
&lt;td style=&#34;text-align:center&#34;&gt;ERR29&lt;/td&gt;
&lt;td style=&#34;text-align:left&#34;&gt;1、累计上电时间到达设定值&lt;/td&gt;
&lt;td style=&#34;text-align:left&#34;&gt;1、使用参数初始化功能清除记录信息&lt;/td&gt;
&lt;/tr&gt;
&lt;tr&gt;
&lt;td style=&#34;text-align:center&#34;&gt;27&lt;/td&gt;
&lt;td style=&#34;text-align:center&#34;&gt;掉载故障&lt;/td&gt;
&lt;td style=&#34;text-align:center&#34;&gt;ERR30&lt;/td&gt;
&lt;td style=&#34;text-align:left&#34;&gt;1、变频器运行电流小于P9-64&lt;/td&gt;
&lt;td style=&#34;text-align:left&#34;&gt;1、确认负载是否脱离或P9-64、P9-65参数设置是否符合实际运行工况&lt;/td&gt;
&lt;/tr&gt;
&lt;tr&gt;
&lt;td style=&#34;text-align:center&#34;&gt;28&lt;/td&gt;
&lt;td style=&#34;text-align:center&#34;&gt;运行时PID反馈丢失故障&lt;/td&gt;
&lt;td style=&#34;text-align:center&#34;&gt;ERR31&lt;/td&gt;
&lt;td style=&#34;text-align:left&#34;&gt;1、PID反馈小于PA-26设定值&lt;/td&gt;
&lt;td style=&#34;text-align:left&#34;&gt;1、检查PID反馈信号或设置PA-26为一个合适值&lt;/td&gt;
&lt;/tr&gt;
&lt;tr&gt;
&lt;td style=&#34;text-align:center&#34;&gt;29&lt;/td&gt;
&lt;td style=&#34;text-align:center&#34;&gt;逐波限流故障&lt;/td&gt;
&lt;td style=&#34;text-align:center&#34;&gt;ERR40&lt;/td&gt;
&lt;td style=&#34;text-align:left&#34;&gt;1、负载是否过大或发生电机堵转&lt;/br&gt;2、变频器选型偏小&lt;/td&gt;
&lt;td style=&#34;text-align:left&#34;&gt;1、减小负载并检查电机及机械情况&lt;/br&gt;2、选用功率等级更大的变频器&lt;/td&gt;
&lt;/tr&gt;
&lt;tr&gt;
&lt;td style=&#34;text-align:center&#34;&gt;30&lt;/td&gt;
&lt;td style=&#34;text-align:center&#34;&gt;运行时切换电机故障&lt;/td&gt;
&lt;td style=&#34;text-align:center&#34;&gt;ERR41&lt;/td&gt;
&lt;td style=&#34;text-align:left&#34;&gt;1、在变频器运行过程中通过端子更改当前电机选择&lt;/td&gt;
&lt;td style=&#34;text-align:left&#34;&gt;1、变频器停车后再进行电机切换操作&lt;/td&gt;
&lt;/tr&gt;
&lt;tr&gt;
&lt;td style=&#34;text-align:center&#34;&gt;31&lt;/td&gt;
&lt;td style=&#34;text-align:center&#34;&gt;电机过温故障&lt;/td&gt;
&lt;td style=&#34;text-align:center&#34;&gt;ERR45&lt;/td&gt;
&lt;td style=&#34;text-align:left&#34;&gt;1、温度传感器接线松动&lt;/br&gt;2、电机温度过高&lt;/td&gt;
&lt;td style=&#34;text-align:left&#34;&gt;1、检测温度传感器接线并排除故障&lt;/br&gt;2、降低载频或采取其它散热措施对电机进行散热处理&lt;/td&gt;
&lt;/tr&gt;
&lt;tr&gt;
&lt;td style=&#34;text-align:center&#34;&gt;32&lt;/td&gt;
&lt;td style=&#34;text-align:center&#34;&gt;初始位置错误&lt;/td&gt;
&lt;td style=&#34;text-align:center&#34;&gt;ERR51&lt;/td&gt;
&lt;td style=&#34;text-align:left&#34;&gt;1、电机参数与实际偏差太大&lt;/td&gt;
&lt;td style=&#34;text-align:left&#34;&gt;1、重新确认电机参数是否正确，重点关注额定电流是否设定偏小&lt;/td&gt;
&lt;/tr&gt;
&lt;/tbody&gt;
&lt;/table&gt;
&lt;p&gt;探索这些文档以便了解更多内容：&lt;/p&gt;


&lt;div class=&#34;hextra-cards mt-4 gap-4 grid not-prose&#34; style=&#34;--rows: 3;&#34;&gt;
  &lt;a
    class=&#34;hextra-card group flex flex-col justify-start overflow-hidden rounded-lg border border-gray-200 text-current no-underline dark:shadow-none hover:shadow-gray-100 dark:hover:shadow-none shadow-gray-100 active:shadow-sm active:shadow-gray-200 transition-all duration-200 hover:border-gray-300 bg-transparent shadow-sm dark:border-neutral-800 hover:bg-slate-50 hover:shadow-md dark:hover:border-neutral-700 dark:hover:bg-neutral-900&#34;href=&#34;https://item.taobao.com/item.htm?ft=t&amp;amp;id=771441899583&#34; target=&#34;_blank&#34; rel=&#34;noreferrer&#34;&gt;&lt;span class=&#34;flex font-semibold items-start gap-2 p-4 text-gray-700 hover:text-gray-900 dark:text-neutral-200 dark:hover:text-neutral-50&#34;&gt;&lt;svg xmlns=&#34;http://www.w3.org/2000/svg&#34; fill=&#34;none&#34; viewBox=&#34;0 0 24 24&#34; stroke-width=&#34;2&#34; stroke=&#34;currentColor&#34; aria-hidden=&#34;true&#34;&gt;&lt;path stroke-linecap=&#34;round&#34; stroke-linejoin=&#34;round&#34; d=&#34;M3 3h2l.4 2M7 13h10l4-8H5.4M7 13L5.4 5M7 13l-2.293 2.293c-.63.63-.184 1.707.707 1.707H17m0 0a2 2 0 100 4 2 2 0 000-4zm-8 2a2 2 0 11-4 0 2 2 0 014 0z&#34;/&gt;&lt;/svg&gt;立即购买高性能矢量变频器&lt;/span&gt;&lt;/a&gt;
  &lt;a
    class=&#34;hextra-card group flex flex-col justify-start overflow-hidden rounded-lg border border-gray-200 text-current no-underline dark:shadow-none hover:shadow-gray-100 dark:hover:shadow-none shadow-gray-100 active:shadow-sm active:shadow-gray-200 transition-all duration-200 hover:border-gray-300 bg-transparent shadow-sm dark:border-neutral-800 hover:bg-slate-50 hover:shadow-md dark:hover:border-neutral-700 dark:hover:bg-neutral-900&#34;href=&#34;https://www.lyskjd.com/docs/table-of-contents/&#34; &gt;&lt;span class=&#34;flex font-semibold items-start gap-2 p-4 text-gray-700 hover:text-gray-900 dark:text-neutral-200 dark:hover:text-neutral-50&#34;&gt;&lt;svg xmlns=&#34;http://www.w3.org/2000/svg&#34; fill=&#34;none&#34; viewBox=&#34;0 0 24 24&#34; stroke-width=&#34;2&#34; stroke=&#34;currentColor&#34; aria-hidden=&#34;true&#34;&gt;&lt;path stroke-linecap=&#34;round&#34; stroke-linejoin=&#34;round&#34; d=&#34;M19 20H5a2 2 0 01-2-2V6a2 2 0 012-2h10a2 2 0 012 2v1m2 13a2 2 0 01-2-2V7m2 13a2 2 0 002-2V9a2 2 0 00-2-2h-2m-4-3H9M7 16h6M7 8h6v4H7V8z&#34;/&gt;&lt;/svg&gt;变频器使用说明书目录&lt;/span&gt;&lt;/a&gt;
  &lt;a
    class=&#34;hextra-card group flex flex-col justify-start overflow-hidden rounded-lg border border-gray-200 text-current no-underline dark:shadow-none hover:shadow-gray-100 dark:hover:shadow-none shadow-gray-100 active:shadow-sm active:shadow-gray-200 transition-all duration-200 hover:border-gray-300 bg-transparent shadow-sm dark:border-neutral-800 hover:bg-slate-50 hover:shadow-md dark:hover:border-neutral-700 dark:hover:bg-neutral-900&#34;href=&#34;https://www.lyskjd.com/blog/faq/&#34; &gt;&lt;span class=&#34;flex font-semibold items-start gap-2 p-4 text-gray-700 hover:text-gray-900 dark:text-neutral-200 dark:hover:text-neutral-50&#34;&gt;&lt;svg xmlns=&#34;http://www.w3.org/2000/svg&#34; fill=&#34;none&#34; viewBox=&#34;0 0 24 24&#34; stroke-width=&#34;2&#34; stroke=&#34;currentColor&#34; aria-hidden=&#34;true&#34;&gt;&lt;path stroke-linecap=&#34;round&#34; stroke-linejoin=&#34;round&#34; d=&#34;M19 20H5a2 2 0 01-2-2V6a2 2 0 012-2h10a2 2 0 012 2v1m2 13a2 2 0 01-2-2V7m2 13a2 2 0 002-2V9a2 2 0 00-2-2h-2m-4-3H9M7 16h6M7 8h6v4H7V8z&#34;/&gt;&lt;/svg&gt;变频器常见问题解答&lt;/span&gt;&lt;/a&gt;
&lt;/div&gt;


      </description>
    </item>
    
    <item>
      <title>7.2 常见故障及其处理方法</title>
      <link>https://www.lyskjd.com/docs/vfd/fault-diagnosis-and-countermeasures/common-faults-and-remediation-procedures/</link>
      <pubDate>Mon, 01 Jan 0001 00:00:00 +0000</pubDate>
      
      <guid>https://www.lyskjd.com/docs/vfd/fault-diagnosis-and-countermeasures/common-faults-and-remediation-procedures/</guid>
      <description>
        
        
        &lt;p&gt;变频器使用过程中可能会遇到下列故障情况，请参考下述方法进行简单故障分析：&lt;/p&gt;
&lt;h3&gt;变频器常见故障及其处理方法&lt;span class=&#34;absolute -mt-20&#34; id=&#34;变频器常见故障及其处理方法&#34;&gt;&lt;/span&gt;
    &lt;a href=&#34;#%e5%8f%98%e9%a2%91%e5%99%a8%e5%b8%b8%e8%a7%81%e6%95%85%e9%9a%9c%e5%8f%8a%e5%85%b6%e5%a4%84%e7%90%86%e6%96%b9%e6%b3%95&#34; class=&#34;subheading-anchor&#34; aria-label=&#34;Permalink for this section&#34;&gt;&lt;/a&gt;&lt;/h3&gt;&lt;table&gt;
&lt;thead&gt;
&lt;tr&gt;
&lt;th style=&#34;text-align:center&#34;&gt;序号&lt;/th&gt;
&lt;th style=&#34;text-align:center&#34;&gt;故障现象&lt;/th&gt;
&lt;th style=&#34;text-align:left&#34;&gt;可能原因&lt;/th&gt;
&lt;th style=&#34;text-align:left&#34;&gt;解决方法&lt;/th&gt;
&lt;/tr&gt;
&lt;/thead&gt;
&lt;tbody&gt;
&lt;tr&gt;
&lt;td style=&#34;text-align:center&#34;&gt;1&lt;/td&gt;
&lt;td style=&#34;text-align:center&#34;&gt;上电无显示&lt;/td&gt;
&lt;td style=&#34;text-align:left&#34;&gt;1、电网电压没有或过低&lt;/br&gt;2、变频器驱动板上的开关电源故障&lt;/br&gt;3、整流桥损坏&lt;/br&gt;4、变频器缓冲电阻损坏&lt;/br&gt;5、控制板、键盘、键盘线故障&lt;/br&gt;6、控制板与驱动板、键盘之间连接线断&lt;/td&gt;
&lt;td style=&#34;text-align:left&#34;&gt;1、检查输入电源&lt;/br&gt;2、寻求变频器厂家服务&lt;/br&gt;3、检查母线电压&lt;/br&gt;4、寻求变频器厂家服务&lt;/br&gt;5、更换键盘线排线或联系变频器厂家&lt;/br&gt;6、寻求变频器厂家服务&lt;/td&gt;
&lt;/tr&gt;
&lt;tr&gt;
&lt;td style=&#34;text-align:center&#34;&gt;2&lt;/td&gt;
&lt;td style=&#34;text-align:center&#34;&gt;上电重复显示[  ]&lt;/td&gt;
&lt;td style=&#34;text-align:left&#34;&gt;1、驱动板与控制板之间的连线接触不良&lt;/br&gt;2、控制板相关器件损坏&lt;/br&gt;3、电网电压过低&lt;/br&gt;4、驱动板开关电源问题&lt;/td&gt;
&lt;td style=&#34;text-align:left&#34;&gt;1、重新插拔主板插针排母&lt;/br&gt;2、寻求变频器厂家服务&lt;/br&gt;3、检查电网电压&lt;/br&gt;4、寻求变频器厂家服务&lt;/td&gt;
&lt;/tr&gt;
&lt;tr&gt;
&lt;td style=&#34;text-align:center&#34;&gt;3&lt;/td&gt;
&lt;td style=&#34;text-align:center&#34;&gt;上电显示ERR23&lt;/td&gt;
&lt;td style=&#34;text-align:left&#34;&gt;1、电机或输出线对地短路&lt;/br&gt;2、变频器损坏&lt;/br&gt;&lt;/td&gt;
&lt;td style=&#34;text-align:left&#34;&gt;1、用摇表测量电机和输出线的绝缘&lt;/br&gt;2、寻求变频器厂家服务&lt;/td&gt;
&lt;/tr&gt;
&lt;tr&gt;
&lt;td style=&#34;text-align:center&#34;&gt;4&lt;/td&gt;
&lt;td style=&#34;text-align:center&#34;&gt;上电显示正常，运行后显示[  ]并马上停&lt;/td&gt;
&lt;td style=&#34;text-align:left&#34;&gt;1、风扇损坏或堵转&lt;/br&gt;2、外围控制端子接线有短路&lt;/br&gt;&lt;/td&gt;
&lt;td style=&#34;text-align:left&#34;&gt;1、更换风扇&lt;/br&gt;2、排除外部短路故障&lt;/br&gt;3、寻求变频器厂家服务&lt;/td&gt;
&lt;/tr&gt;
&lt;tr&gt;
&lt;td style=&#34;text-align:center&#34;&gt;5&lt;/td&gt;
&lt;td style=&#34;text-align:center&#34;&gt;频繁报ERR14(模块过热)故障&lt;/td&gt;
&lt;td style=&#34;text-align:left&#34;&gt;1、载频设置太高&lt;/br&gt;2、风扇损坏或风道堵塞&lt;/br&gt;3、变频器内部器件损坏（热电偶或其他）&lt;/td&gt;
&lt;td style=&#34;text-align:left&#34;&gt;1、降低载频（P0-15）&lt;/br&gt;2、更换风扇、清道风道&lt;/br&gt;3、寻求变频器厂家服务&lt;/td&gt;
&lt;/tr&gt;
&lt;tr&gt;
&lt;td style=&#34;text-align:center&#34;&gt;6&lt;/td&gt;
&lt;td style=&#34;text-align:center&#34;&gt;变频器运行后电机不转动&lt;/td&gt;
&lt;td style=&#34;text-align:left&#34;&gt;1、电机线没接好&lt;/br&gt;2、变频器参数设置错误（电机参数）&lt;/br&gt;3、驱动板与控制板之间的连线接触不良&lt;/br&gt;4、驱动板故障&lt;/td&gt;
&lt;td style=&#34;text-align:left&#34;&gt;1、重新确认变频器与电机之间连线&lt;/br&gt;2、更换电机或清除机械故障&lt;/br&gt;3、检查并重新设置电机参数&lt;/br&gt;4、寻求变频器厂家服务&lt;/td&gt;
&lt;/tr&gt;
&lt;tr&gt;
&lt;td style=&#34;text-align:center&#34;&gt;7&lt;/td&gt;
&lt;td style=&#34;text-align:center&#34;&gt;变频器频繁报过流和过压故障&lt;/td&gt;
&lt;td style=&#34;text-align:left&#34;&gt;1、电机参数设置不对&lt;/br&gt;2、加减速时间不合适&lt;/br&gt;3、负载波动&lt;/td&gt;
&lt;td style=&#34;text-align:left&#34;&gt;1、重新设置电机参数或进行电机调谐&lt;/br&gt;2、设置合适的加减速时间&lt;/br&gt;3、寻求变频器厂家服务&lt;/td&gt;
&lt;/tr&gt;
&lt;/tbody&gt;
&lt;/table&gt;
&lt;p&gt;探索这些文档以便了解更多内容：&lt;/p&gt;


&lt;div class=&#34;hextra-cards mt-4 gap-4 grid not-prose&#34; style=&#34;--rows: 3;&#34;&gt;
  &lt;a
    class=&#34;hextra-card group flex flex-col justify-start overflow-hidden rounded-lg border border-gray-200 text-current no-underline dark:shadow-none hover:shadow-gray-100 dark:hover:shadow-none shadow-gray-100 active:shadow-sm active:shadow-gray-200 transition-all duration-200 hover:border-gray-300 bg-transparent shadow-sm dark:border-neutral-800 hover:bg-slate-50 hover:shadow-md dark:hover:border-neutral-700 dark:hover:bg-neutral-900&#34;href=&#34;https://item.taobao.com/item.htm?ft=t&amp;amp;id=771441899583&#34; target=&#34;_blank&#34; rel=&#34;noreferrer&#34;&gt;&lt;span class=&#34;flex font-semibold items-start gap-2 p-4 text-gray-700 hover:text-gray-900 dark:text-neutral-200 dark:hover:text-neutral-50&#34;&gt;&lt;svg xmlns=&#34;http://www.w3.org/2000/svg&#34; fill=&#34;none&#34; viewBox=&#34;0 0 24 24&#34; stroke-width=&#34;2&#34; stroke=&#34;currentColor&#34; aria-hidden=&#34;true&#34;&gt;&lt;path stroke-linecap=&#34;round&#34; stroke-linejoin=&#34;round&#34; d=&#34;M3 3h2l.4 2M7 13h10l4-8H5.4M7 13L5.4 5M7 13l-2.293 2.293c-.63.63-.184 1.707.707 1.707H17m0 0a2 2 0 100 4 2 2 0 000-4zm-8 2a2 2 0 11-4 0 2 2 0 014 0z&#34;/&gt;&lt;/svg&gt;立即购买高性能矢量变频器&lt;/span&gt;&lt;/a&gt;
  &lt;a
    class=&#34;hextra-card group flex flex-col justify-start overflow-hidden rounded-lg border border-gray-200 text-current no-underline dark:shadow-none hover:shadow-gray-100 dark:hover:shadow-none shadow-gray-100 active:shadow-sm active:shadow-gray-200 transition-all duration-200 hover:border-gray-300 bg-transparent shadow-sm dark:border-neutral-800 hover:bg-slate-50 hover:shadow-md dark:hover:border-neutral-700 dark:hover:bg-neutral-900&#34;href=&#34;https://www.lyskjd.com/docs/table-of-contents/&#34; &gt;&lt;span class=&#34;flex font-semibold items-start gap-2 p-4 text-gray-700 hover:text-gray-900 dark:text-neutral-200 dark:hover:text-neutral-50&#34;&gt;&lt;svg xmlns=&#34;http://www.w3.org/2000/svg&#34; fill=&#34;none&#34; viewBox=&#34;0 0 24 24&#34; stroke-width=&#34;2&#34; stroke=&#34;currentColor&#34; aria-hidden=&#34;true&#34;&gt;&lt;path stroke-linecap=&#34;round&#34; stroke-linejoin=&#34;round&#34; d=&#34;M19 20H5a2 2 0 01-2-2V6a2 2 0 012-2h10a2 2 0 012 2v1m2 13a2 2 0 01-2-2V7m2 13a2 2 0 002-2V9a2 2 0 00-2-2h-2m-4-3H9M7 16h6M7 8h6v4H7V8z&#34;/&gt;&lt;/svg&gt;变频器使用说明书目录&lt;/span&gt;&lt;/a&gt;
  &lt;a
    class=&#34;hextra-card group flex flex-col justify-start overflow-hidden rounded-lg border border-gray-200 text-current no-underline dark:shadow-none hover:shadow-gray-100 dark:hover:shadow-none shadow-gray-100 active:shadow-sm active:shadow-gray-200 transition-all duration-200 hover:border-gray-300 bg-transparent shadow-sm dark:border-neutral-800 hover:bg-slate-50 hover:shadow-md dark:hover:border-neutral-700 dark:hover:bg-neutral-900&#34;href=&#34;https://www.lyskjd.com/blog/faq/&#34; &gt;&lt;span class=&#34;flex font-semibold items-start gap-2 p-4 text-gray-700 hover:text-gray-900 dark:text-neutral-200 dark:hover:text-neutral-50&#34;&gt;&lt;svg xmlns=&#34;http://www.w3.org/2000/svg&#34; fill=&#34;none&#34; viewBox=&#34;0 0 24 24&#34; stroke-width=&#34;2&#34; stroke=&#34;currentColor&#34; aria-hidden=&#34;true&#34;&gt;&lt;path stroke-linecap=&#34;round&#34; stroke-linejoin=&#34;round&#34; d=&#34;M19 20H5a2 2 0 01-2-2V6a2 2 0 012-2h10a2 2 0 012 2v1m2 13a2 2 0 01-2-2V7m2 13a2 2 0 002-2V9a2 2 0 00-2-2h-2m-4-3H9M7 16h6M7 8h6v4H7V8z&#34;/&gt;&lt;/svg&gt;变频器常见问题解答&lt;/span&gt;&lt;/a&gt;
&lt;/div&gt;


      </description>
    </item>
    
  </channel>
</rss>
